stock_code,corp_code,corp_name,audit_committee,audit_committee_ods,inside_directors,outside_directors,female_voting,male_voting,voting_directors,other_non_exec_directors,auditors,non_registered,2024_total_assets,2023_total_assets,2022_total_assets,disclosure
20,119195,동화약품,0,0,4,3,1,6,7,0,0,13,,,,20250318000739
40,112378,KR모터스,0,0,2,1,0,3,3,0,0,0,,,,20250319000576
50,101628,경방,0,0,3,1,1,3,4,0,0,7,1214347475924.0,1206860950940.0,1248318313535.0,20250320001362
70,126937,삼양홀딩스,0,0,3,4,0,7,7,0,0,12,,,,20250320000941
80,150244,하이트진로,3,3,2,3,1,4,5,0,0,33,3441538598928.0,3358347205530.0,3333438311387.0,20250320000493
100,145109,유한양행,3,3,2,4,1,6,7,1,0,31,2942048836634.0,2812305590753.0,2472728072149.0,20250312001137
120,113410,CJ대한통운,0,0,3,3,1,5,6,0,0,0,,,,20250317000953
140,148993,하이트진로홀딩스,3,3,2,3,0,5,5,0,0,3,4077443964617.0,3979751148746.0,3945000964667.0,20250320000510
150,117212,두산,0,0,3,4,1,6,7,0,0,0,,,,20250321001806
180,133335,성창기업지주,0,0,2,1,0,3,3,0,0,5,719893318041.0,769067174916.0,820314254965.0,20250317000553
210,109693,DL,3,3,1,3,1,4,5,1,0,3,12535315407584.0,12119563559885.0,12004032770242.0,20250317000751
220,144818,유유제약,0,0,2,3,0,5,5,0,0,11,,,,20250319000817
230,146083,일동홀딩스,0,0,4,2,0,6,6,0,0,4,,,,20250318001009
240,160047,한국앤컴퍼니,0,0,2,4,1,6,7,1,0,0,,,,20250318000944
270,106641,기아,4,4,3,5,3,5,8,0,0,0,92755874000000.0,80627826000000.0,73710965000000.0,20250313001390
300,126089,DH오토넥스,0,0,3,1,0,4,4,0,0,0,,,,20250604000001
320,113508,노루홀딩스,0,0,3,2,0,5,5,0,0,4,1214838948245.0,1188823571530.0,1171989377978.0,20250313001148
370,135917,한화손해보험,3,3,3,4,1,6,7,0,0,36,19834160583099.0,18115263746011.0,17173511589408.0,20250331003267
390,129387,삼화페인트공업,0,0,3,2,0,5,5,0,0,0,619315087530.0,590613614037.0,587186274133.0,20250312000816
400,113562,롯데손해보험,3,3,2,3,0,5,5,0,0,25,15541477889770.0,14912417300957.0,16764540172423.0,20250424000557
480,148984,시알홀딩스,0,0,2,3,0,6,6,1,0,0,1697695581000.0,1621801859000.0,1620442052000.0,20250311001197
490,109286,대동,0,0,3,4,0,7,7,0,0,18,2132627316122.0,1956376110942.0,1713773205581.0,20250318001356
500,104768,가온전선,0,0,2,3,0,6,6,1,0,6,1042884426000.0,801805532000.0,752332445000.0,20250320000299
520,128032,삼일제약,0,0,3,3,0,6,6,0,0,6,395071163939.0,370680097036.0,356700496639.0,20250328001724
540,103176,흥국화재,0,0,3,4,0,7,7,0,0,19,,,,20250320001444
590,149026,CS홀딩스,0,0,1,3,2,2,4,0,0,0,412586797943.0,383909710687.0,364121570785.0,20250321001425
640,116824,동아쏘시오홀딩스,0,0,2,5,0,7,7,0,0,8,,,,20250321001899
650,151395,천일고속,0,0,3,1,0,4,4,0,0,3,53502532108.0,54742622180.0,54845658330.0,20250320001184
660,164779,SK하이닉스,0,0,2,6,2,8,10,2,0,0,119855209000000.0,100330165000000.0,103871512000000.0,20250319000665
670,141307,영풍,0,0,2,4,1,5,6,0,0,29,,,,20250401003228
680,104698,LS네트웍스,0,0,3,3,0,6,6,0,0,4,9601505118160.0,1309219122467.0,1300442455061.0,20250325000971
700,163691,유수홀딩스,0,0,1,3,0,4,4,0,0,5,478715425251.0,514472137701.0,524926064872.0,20250321001882
720,164478,현대건설,0,0,3,4,1,6,7,0,0,79,,,,20250312001136
760,145686,이화산업,0,0,4,3,0,7,7,0,0,4,269760591981.0,265952518844.0,268217246459.0,20250320000337
810,139214,삼성화재해상보험,3,3,3,4,2,5,7,0,0,58,87269492540789.0,85019029989421.0,80796010435039.0,20250328001868
850,166519,화천기공,0,0,5,2,0,7,7,0,0,0,,,,20250312000803
860,100939,강남제비스코,0,0,4,3,0,7,7,0,0,18,969739160656.0,985686727233.0,957791314832.0,20250318001036
880,160588,한화,3,3,3,5,1,7,8,0,0,71,252036985000000.0,209738149000000.0,196976926000000.0,20250331003821
890,123541,보해양조,0,0,3,1,1,3,4,0,0,7,,,,20250318001002
910,144252,유니온,0,0,3,1,0,4,4,0,0,2,305473764776.0,382846276957.0,376111723330.0,20250320001552
950,147222,전방,0,0,3,1,0,4,4,0,0,2,231974001581.0,236979137636.0,304781348634.0,20250814001278
970,159573,한국주철관공업,0,0,5,2,0,7,7,0,0,0,,,,20250320000304
990,160843,DB하이텍,4,4,3,4,1,6,7,0,0,33,2396851168578.0,2043378694132.0,2142165862418.0,20250312001130
1020,134723,페이퍼코리아,0,0,2,1,0,4,4,1,0,3,,,,20250320001403
1040,148540,CJ,0,0,2,3,1,4,5,0,0,0,,,,20250325000721
1060,149947,JW중외제약,0,0,4,3,0,7,7,0,0,20,,,,20250318001192
1070,112970,대한방직,0,0,4,2,0,6,6,0,0,0,185398515032.0,180718514592.0,210639557874.0,20250313001407
1080,120872,만호제강,0,0,3,1,0,4,4,0,0,6,204811085193.0,256575339407.0,258305672651.0,20250805000299
1120,120076,LX인터내셔널,0,0,2,4,1,6,7,1,0,15,8930865616216.0,7995340730864.0,7719007333629.0,20250320000626
1130,113243,대한제분,0,0,3,1,0,4,4,0,0,11,,,,20250313001408
1140,104519,국보,0,0,2,1,0,3,3,0,0,0,,,,20250321001993
1200,131054,유진증권,3,3,2,2,0,4,4,0,0,26,9646708149349.0,8699332043240.0,8076408298781.0,20250318000789
1210,106395,금호전기,0,0,4,1,0,6,6,1,0,2,33341564828.0,52905126549.0,62193732605.0,20250318000723
1230,114792,동국홀딩스,0,0,2,1,0,3,3,0,0,1,,,,20250318001457
1250,138190,GS글로벌,0,0,2,3,0,8,8,3,0,5,,,,20250318001328
1260,107066,남광토건,0,0,3,1,0,4,4,0,0,13,,,,20250318000968
1270,123772,부국증권,0,0,4,3,0,7,7,0,0,46,1651368375233.0,1770492019487.0,1481429884085.0,20250813001187
1290,112059,상상인증권,0,0,2,3,0,5,5,0,0,9,1230922556862.0,2173761439448.0,598057726910.0,20250318001083
1340,122472,PKC,0,0,2,3,0,5,5,0,0,0,,,,20250318001326
1360,126414,삼성제약,0,0,4,2,0,6,6,0,0,0,,,,20250319000845
1380,152039,SG글로벌,0,0,3,1,0,4,4,0,0,4,199881677024.0,198246797314.0,185935448420.0,20250319000355
1390,101220,KG케미칼,0,0,3,1,0,4,4,0,0,8,8160948249649.0,7818802674413.0,7076647392734.0,20250320001653
1420,154055,태원물산,0,0,3,2,0,6,6,1,0,1,53539770506.0,37386713995.0,34948504183.0,20250320001049
1430,106669,세아베스틸지주,4,4,3,4,1,6,7,0,0,5,3826646864046.0,3665171000621.0,3818404052059.0,20250318000465
1440,113207,대한전선,0,0,2,3,0,6,6,1,0,42,,,,20250325001056
1450,164973,현대해상,0,0,3,4,1,6,7,0,0,52,,,,20250407001731
1460,122579,BYC,0,0,6,3,0,9,9,0,0,5,696400955313.0,685663060325.0,668872026401.0,20250320001026
1470,125974,삼부토건,0,0,3,1,0,4,4,0,0,14,,,,20250407003073
1500,137997,현대차증권,0,0,1,3,1,3,4,0,0,28,,,,20250320001241
1510,131850,SK증권,0,0,4,6,2,9,11,1,0,66,,,,20250319001113
1520,117337,동양,0,0,3,3,1,5,6,0,0,12,,,,20250320001075
1530,118345,디아이동일,0,0,4,4,1,7,8,0,0,6,1013743449745.0,975653234729.0,997884899051.0,20250331004012
1550,148948,조비,0,0,3,1,1,3,4,0,0,4,119924769170.0,118588764533.0,130041760125.0,20250317000781
1560,148461,제일연마,0,0,4,3,0,7,7,0,0,2,116092096071.0,106615084744.0,104117875897.0,20250317000206
1570,106119,금양,0,0,5,3,0,8,8,0,0,17,1256933888453.0,703467371639.0,278599452437.0,20250321001823
1620,114765,케이비아이동국실업,0,0,2,1,0,3,3,0,0,5,764811017139.0,622237518375.0,553570561673.0,20250319000773
1630,149354,종근당홀딩스,0,0,1,2,0,3,3,0,0,4,,,,20250318001235
1680,121941,대상,0,0,0,0,0,0,0,0,0,51,,,,20250321000555
1720,136721,신영증권,0,0,2,3,0,5,5,0,0,30,,,,20240612000337
1740,131780,SK네트웍스,0,0,2,4,1,6,7,1,0,0,,,,20250318000975
1750,162416,한양증권,0,0,2,1,0,3,3,0,0,22,,,,20250321001966
1770,137809,SHD,0,0,2,2,1,3,4,0,0,0,81970747264.0,84766158128.0,88291972478.0,20250318000112
1780,117027,알루코,0,0,3,3,0,6,6,0,0,8,954000570292.0,861149661387.0,816932966181.0,20250318000832
1790,113234,대한제당,0,0,3,2,0,6,6,1,0,11,,,,20250313001084
1800,117577,오리온홀딩스,3,3,2,3,2,3,5,0,0,0,5933196336149.0,5138300057884.0,5102168431194.0,20250318000980
1820,129350,삼화콘덴서공업,0,0,6,2,0,8,8,0,0,8,328114248167.0,308031065017.0,287453832625.0,20250313000953
1940,159740,KISCO홀딩스,0,0,3,3,0,6,6,0,0,1,,,,20250320001326
2020,152862,코오롱,0,0,4,2,1,5,6,0,0,8,,,,20250318001402
2030,138701,아세아,0,0,4,2,1,5,6,0,0,1,3334279155000.0,3272086007000.0,3182375948000.0,20250312000788
2070,107677,비비안,0,0,5,2,3,4,7,0,0,0,257400328225.0,191082593771.0,201061180940.0,20250321001351
2100,101433,경농,0,0,3,1,1,3,4,0,0,11,489019203715.0,448592733973.0,448632689252.0,20250317000859
2140,102751,고려산업,0,0,4,3,0,7,7,0,0,10,,,,20250312000333
2150,114552,도화엔지니어링,0,0,7,3,1,9,10,0,0,0,605181373534.0,605100050298.0,522590275567.0,20250813001273
2170,127042,삼양통상,0,0,3,3,0,6,6,0,0,0,,,,20250321001357
2200,158112,한국수출포장공업,0,0,3,1,0,4,4,0,0,0,351203466132.0,357003990077.0,345521340104.0,20250312000675
2210,116268,동성제약,0,0,2,1,0,3,3,0,0,16,,,,20250321001375
2220,163196,한일철강,0,0,3,1,2,2,4,0,0,9,340452046261.0,331028995726.0,339154971493.0,20250715000144
2240,103006,고려제강,0,0,6,4,1,9,10,0,0,9,,,,20250515002790
2310,138729,아세아제지,0,0,5,2,1,6,7,0,0,12,1026484518181.0,1048177764841.0,1034948261694.0,20250312000916
2320,163512,한진,3,3,3,5,1,7,8,0,0,17,4189506445715.0,4201363599974.0,4093197691709.0,20250317000904
2350,173874,넥센타이어,0,0,3,4,0,7,7,0,0,34,,,,20250318001449
2360,136457,SH에너지화학,0,0,2,3,1,5,6,1,0,3,110375913378.0,120793105133.0,124160292131.0,20250320000777
2380,105271,케이씨씨,3,3,3,4,0,7,7,0,0,0,13108550142754.0,13353471078397.0,13118486307658.0,20250313001099
2390,161046,한독,0,0,5,3,1,7,8,0,0,15,,,,20250312000222
2410,122694,범양건영,0,0,4,2,0,6,6,0,0,8,187184486500.0,192910732982.0,215054261704.0,20250605000505
2420,133618,세기상사,0,0,3,2,0,5,5,0,0,0,50104587055.0,50999114290.0,51641840702.0,20250318000783
2450,127857,삼익악기,0,0,3,1,0,4,4,0,0,0,,,,20250710000455
2460,174527,HS화성,0,0,2,4,1,5,6,0,0,5,,,,20250320001481
2600,149345,조흥,0,0,2,1,1,2,3,0,0,2,,,,20250312000526
2620,148443,제일파마홀딩스,0,0,4,3,1,6,7,0,0,3,890432937697.0,879996990707.0,865677012176.0,20250317000710
2630,141626,오리엔트바이오,0,0,3,1,1,3,4,0,0,5,,,,20240620000211
2690,118451,동일제강,0,0,4,3,0,7,7,0,0,0,171801171723.0,179232275038.0,179708719037.0,20250424000289
2700,173698,신일전자,0,0,3,2,0,5,5,0,0,0,,,,20250320000612
2710,117300,TCC스틸,0,0,3,1,0,4,4,0,0,10,,,,20250319000643
2720,104722,국제약품,0,0,3,3,0,6,6,0,0,7,,,,20250320000537
2760,123107,보락,0,0,2,1,0,3,3,0,0,5,59282151485.0,57928435922.0,60912251547.0,20250321000822
2780,150828,진흥기업,0,0,3,1,0,4,4,0,0,7,543584682937.0,574331455413.0,451746878881.0,20250331002970
2790,154462,아모레퍼시픽홀딩스,0,0,2,4,1,5,6,0,0,3,,,,20250317000463
2810,127167,삼영무역,0,0,1,3,1,3,4,0,0,5,728709407076.0,675612520563.0,624208062873.0,20250318000675
2820,132211,SUN&L,0,0,3,1,0,4,4,0,0,4,,,,20250321001205
2840,121932,미원상사,0,0,4,3,0,7,7,0,0,0,478696089051.0,447566168775.0,415619324562.0,20250317000651
2870,137368,신풍,0,0,2,1,0,3,3,0,0,1,,,,20250813000090
2880,149804,대유에이텍,0,0,4,4,1,7,8,0,0,4,334711356299.0,336026490235.0,1375206765319.0,20250317000599
2900,117230,TYM,0,0,4,4,1,7,8,0,0,5,836567835684.0,849110905422.0,782128426554.0,20250319000651
2920,174004,유성기업,0,0,3,3,0,6,6,0,0,0,437508359877.0,439604034118.0,427046002236.0,20250317000557
2960,158149,한국쉘석유,0,0,1,3,2,5,7,3,0,0,,,,20250320000876
2990,106313,금호건설,0,0,1,0,0,1,1,0,0,25,1552771308059.0,1692362777882.0,1691163707318.0,20250814001090
3000,123718,부광약품,0,0,1,3,0,4,4,0,0,0,,,,20250318000877
3010,165343,혜인,0,0,3,1,0,4,4,0,0,5,262939817516.0,253960586979.0,240522145627.0,20250804000178
3030,124197,세아제강지주,0,0,3,1,0,4,4,0,0,2,,,,20250317000708
3060,101044,에이프로젠바이오로직스,0,0,3,1,0,4,4,0,0,9,,,,20250314001189
3070,152880,코오롱글로벌,3,3,4,5,0,9,9,0,0,23,2719945901907.0,2571300487925.0,2834147586184.0,20250324000768
3080,132725,SB성보,0,0,3,3,2,4,6,0,0,2,,,,20250318000798
3090,111810,대웅,0,0,2,3,0,5,5,0,0,2,,,,20250401003907
3120,146214,일성아이에스,0,0,4,4,0,8,8,0,0,8,,,,20250414002678
3160,118275,디아이,0,0,3,2,0,6,6,1,0,0,319610580416.0,280589482061.0,274585823020.0,20250313001050
3200,146269,일신방직,0,0,3,1,0,4,4,0,0,11,1115758897982.0,1059230389580.0,1176745986062.0,20250319000250
3220,111999,대원제약,0,0,3,3,0,6,6,0,0,0,,,,20250320001537
3230,126955,삼양식품,0,0,4,4,2,6,8,0,0,11,,,,20250318001186
3240,153393,태광산업,0,0,3,4,1,6,7,0,0,22,,,,20250814001448
3280,167208,흥아해운,0,0,3,2,0,5,5,0,0,0,443559317530.0,325653339437.0,317059936570.0,20250317000787
3300,162993,한일홀딩스,0,0,2,1,0,3,3,0,0,5,3709018734699.0,3559790251287.0,3268041346024.0,20250318001319
3350,160621,한국화장품제조,0,0,2,1,1,2,3,0,0,13,109277355532.0,89173514797.0,82665926104.0,20250320001367
3460,145190,유화증권,0,0,4,3,0,7,7,0,0,2,,,,20250311001178
3470,117601,유안타증권,0,0,1,3,0,5,5,1,0,33,,,,20250313000247
3480,163673,한진중공업홀딩스,0,0,2,3,0,5,5,0,0,1,,,,20250320000396
3490,113526,대한항공,4,4,3,6,1,8,9,0,0,76,47012065940089.0,30391776029656.0,28997701022484.0,20250318001334
3520,141149,영진약품,0,0,1,3,0,4,4,0,0,5,,,,20250814000584
3530,148610,한화투자증권,3,3,2,3,2,3,5,0,0,29,14018124416878.0,13250183608173.0,12111249518203.0,20250311001013
3540,110893,대신증권,3,3,3,5,1,7,8,0,0,35,26396108665000.0,22643488792000.0,21210735463000.0,20250813001479
3550,120021,LG,4,4,3,4,1,6,7,0,0,17,31639273000000.0,30253085000000.0,29633677000000.0,20250318001070
3560,154426,아이에이치큐,0,0,4,2,0,7,7,1,0,10,140860365620.0,151653101094.0,246320129412.0,20250321000838
3570,134477,SNT다이내믹스,0,0,3,1,0,4,4,0,0,0,1034086066876.0,1056904317494.0,930994305130.0,20250220001259
3580,169048,HLB글로벌,0,0,3,2,0,5,5,0,0,0,,,,20250319000687
3610,122348,방림,0,0,3,1,0,6,6,0,0,2,231627131187.0,243460571984.0,265220043723.0,20241219000406
3620,138242,KG모빌리티,0,0,4,6,1,9,10,0,0,24,,,,20250318000528
3650,122056,미창석유공업,0,0,3,2,1,5,6,1,0,5,,,,20250321001415
3670,155276,포스코퓨처엠,0,0,2,5,1,7,8,1,0,0,,,,20250314000603
3680,161860,한성기업,0,0,3,1,0,4,4,0,0,16,244556132689.0,247301097498.0,234918895770.0,20250318001322
3690,113191,코리안리,0,0,2,4,1,6,7,1,0,9,,,,20250331003380
3720,127255,삼영,0,0,3,2,0,5,5,0,0,0,136049880807.0,132156558539.0,135833316129.0,20250320000750
3780,150439,진양산업,0,0,3,1,0,4,4,0,0,2,,,,20250305000675
3830,113544,대한화섬,0,0,2,4,0,7,7,1,0,5,,,,20250814001570
3850,123143,보령,0,0,4,2,1,5,6,0,0,23,1164086929992.0,915511541054.0,892385915179.0,20250320001237
3920,107598,남양유업,0,0,1,1,0,4,4,2,0,0,,,,20250328000090
3960,109718,사조대림,0,0,4,3,0,8,8,1,0,9,2123550790244.0,1262971666006.0,1168252667285.0,20250312000891
4000,157681,롯데정밀화학,0,0,3,4,2,5,7,0,0,13,,,,20250327000664
4020,145880,현대제철,4,4,3,5,2,6,8,0,0,0,34743788025637.0,35218841930044.0,36800955829773.0,20250317000668
4060,133511,SG세계물산,0,0,2,1,0,3,3,0,0,4,308253370839.0,303534566762.0,303815670161.0,20250318000626
4080,173795,신흥,0,0,3,3,0,7,7,1,0,4,141427657791.0,140331352601.0,140622549545.0,20250320000945
4090,157991,한국석유공업,0,0,3,1,0,4,4,0,0,10,,,,20250320000921
4100,153755,태양금속공업,0,0,2,3,0,5,5,0,0,0,528140837268.0,499119799811.0,490987940831.0,20250317000712
4140,115287,동방,0,0,4,2,0,6,6,0,0,14,630330388517.0,599319321340.0,567964926094.0,20250320001398
4150,171636,한솔홀딩스,0,0,4,3,0,7,7,0,0,4,933158869000.0,720105338000.0,723295784000.0,20250702000575
4170,136378,신세계,0,0,3,4,1,6,7,0,0,0,,,,20250312001128
4250,108038,엔피씨,0,0,3,1,0,4,4,0,0,7,,,,20250321001553
4270,172185,남성,0,0,3,1,0,4,4,0,0,10,,,,20250319000945
4310,164706,현대약품,0,0,1,4,0,5,5,0,0,20,,,,20250219001662
4360,133812,세방,0,0,4,3,0,7,7,0,0,6,1480281617589.0,1345241646591.0,1280973786600.0,20250318000667
4370,108241,농심,0,0,3,4,1,6,7,0,0,28,,,,20250312000711
4380,127802,삼익THK,0,0,4,3,1,8,9,2,0,1,,,,20250313001328
4410,130879,서울식품공업,0,0,3,2,1,6,7,2,0,1,,,,20250320000850
4430,134963,송원산업,0,0,3,1,0,4,4,0,0,10,1180193000000.0,1089744000000.0,1217311000000.0,20250311000263
4440,109806,삼일씨엔에스,0,0,4,3,0,7,7,0,0,5,,,,20250320001188
4450,129235,삼화왕관,0,0,2,1,0,3,3,0,0,6,203950424754.0,201158073368.0,222783556966.0,20250320000947
4490,133858,세방전지,0,0,4,3,0,8,8,1,0,0,,,,20250312000986
4540,113492,깨끗한나라,0,0,3,1,1,3,4,0,0,8,,,,20250320000849
4560,125743,현대비앤지스틸,0,0,3,3,0,7,7,1,0,6,,,,20250321001499
4690,128555,삼천리,3,3,2,3,1,4,5,0,0,30,4518198223654.0,4432766185103.0,5021952466150.0,20250813001129
4700,148939,조광피혁,0,0,3,3,0,6,6,0,0,4,618763750169.0,504500385670.0,442034875881.0,20250814000431
4710,157399,한솔테크닉스,0,0,4,3,0,7,7,0,0,4,,,,20250311001184
4720,135050,팜젠사이언스,0,0,6,2,1,7,8,0,0,0,,,,20250321000584
4770,138057,써니전자,0,0,3,1,0,4,4,0,0,2,85143471743.0,82497512373.0,76509689752.0,20250317000934
4800,117188,효성,0,0,2,6,1,7,8,0,0,38,,,,20250313001006
4830,114093,덕성,0,0,3,3,0,6,6,0,0,0,136247328127.0,126819096992.0,125172358791.0,20250317000503
4840,118266,DRB동일,0,0,1,3,1,4,5,1,0,0,982414184864.0,963651592108.0,945238494728.0,20250313000850
4870,109514,티웨이홀딩스,0,0,3,2,0,5,5,0,0,2,,,,20250321001276
4890,172936,동일산업,0,0,2,3,0,5,5,0,0,5,482005377173.0,476136021763.0,499402713211.0,20250328001290
4910,148920,조광페인트,0,0,2,1,2,2,4,1,0,6,391890614962.0,382807997446.0,386108212060.0,20250811000086
4920,127158,씨아이테크,0,0,5,2,0,7,7,0,0,0,,,,20250321000753
4960,162063,한신공영,0,0,3,2,0,5,5,0,0,23,,,,20250320000724
4970,135962,신라교역,0,0,3,1,0,4,4,0,0,0,764717279119.0,748620183007.0,716401497952.0,20250515002241
4980,132804,성신양회,0,0,2,3,0,5,5,0,0,15,1366487636273.0,1310199052559.0,1187583002030.0,20250312000954
4990,120562,롯데지주,3,3,4,5,1,8,9,0,0,34,22660277693897.0,23160430746458.0,22175416666050.0,20250620000111
5010,156488,휴스틸,0,0,3,3,0,7,7,1,0,9,,,,20250318001178
5030,124151,부산주공,0,0,1,3,0,4,4,0,0,3,226336878948.0,232856662011.0,233931779498.0,20250521000343
5070,129989,코스모신소재,0,0,4,3,0,7,7,0,0,10,784541943950.0,672673343828.0,451321116581.0,20250314000812
5090,125150,SGC에너지,0,0,4,2,0,6,6,0,0,0,,,,20250312001090
5110,163716,한창,0,0,1,1,0,3,3,1,0,0,70208203490.0,90310467877.0,113480993232.0,20250801000425
5180,124726,빙그레,0,0,4,2,0,6,6,0,0,8,,,,20250312000859
5250,108135,녹십자홀딩스,0,0,3,1,0,4,4,0,0,8,3670572248630.0,3737707402310.0,3592060734923.0,20250318001422
5300,120571,롯데칠성음료,0,0,4,5,2,7,9,0,0,26,,,,20250317000932
5320,168331,온타이드,0,0,2,1,0,3,3,0,0,4,,,,20250320000926
5360,121288,모나미,0,0,3,1,0,4,4,0,0,4,199293931372.0,195918816223.0,218432623722.0,20250321000631
5380,164742,현대자동차,5,5,5,7,2,10,12,0,0,0,339798429000000.0,282463355000000.0,255742462000000.0,20250312001148
5390,136341,신성통상,0,0,2,1,0,3,3,0,0,32,1162642752327.0,1068743768230.0,1022207108798.0,20240919000331
5420,160302,코스모화학,0,0,4,3,0,7,7,0,0,4,,,,20250318000926
5430,156691,한국공항,0,0,2,2,0,4,4,0,0,9,,,,20250318000741
5440,105280,현대지에프홀딩스,0,0,3,3,0,6,6,0,0,9,10084911844000.0,5051682271000.0,3188881449000.0,20250321001489
5490,155319,POSCO홀딩스,0,0,4,6,1,9,10,0,0,0,,,,20250312001016
5500,128412,삼진제약,0,0,5,3,2,6,8,0,0,19,,,,20250313001200
5610,125530,SPC삼립,0,0,3,3,0,6,6,0,0,23,,,,20250318001175
5680,127200,삼영전자공업,0,0,6,2,0,8,8,0,0,0,557296058316.0,544042879787.0,543607709814.0,20250320001464
5690,145163,파미셀,0,0,2,2,0,5,5,1,0,7,99264316559.0,92518752840.0,109647189040.0,20250813000184
5720,167192,넥센,0,0,3,3,0,6,6,0,0,14,,,,20250318000857
5740,153126,크라운해태홀딩스,0,0,3,1,1,3,4,0,0,2,1180815137965.0,1155786931774.0,1153770087447.0,20250320000950
5750,109754,대림바스,0,0,3,1,0,4,4,0,0,11,,,,20250321001769
5800,136624,신영와코루,0,0,5,3,0,8,8,0,0,1,404169290573.0,401719803161.0,425804458911.0,20250313000876
5810,155531,풍산홀딩스,0,0,4,2,0,6,6,0,0,7,,,,20250313001387
5820,143794,원림,0,0,2,1,0,3,3,0,0,2,185004142765.0,174969478824.0,169931826485.0,20250321000993
5830,159102,DB손해보험,3,3,4,5,1,8,9,0,0,57,66506135383633.0,60040428590956.0,57635178300728.0,20250331003403
5850,125521,에스엘,0,0,3,4,1,6,7,0,0,0,,,,20250318000826
5870,111421,휴니드테크놀러지스,0,0,3,1,0,4,4,0,0,16,,,,20250310000706
5880,113535,대한해운,0,0,4,6,1,9,10,0,0,10,,,,20250320001093
5930,126380,삼성전자,0,0,3,6,2,7,9,0,0,0,,,,20250311001085
5940,120182,NH투자증권,2,2,1,5,1,6,7,1,0,51,62427065000000.0,56697893000000.0,53428267000000.0,20250313000770
5950,145552,이수화학,0,0,3,2,0,5,5,0,0,9,957246232000.0,1093466714000.0,1188076573000.0,20250320001454
5960,115612,동부건설,0,0,3,2,0,5,5,0,0,25,1651094133285.0,1807512336047.0,1581700494344.0,20250812000691
6040,118026,동원산업,0,0,3,4,1,6,7,0,0,17,,,,20250318001125
6060,166227,화승인더스트리,0,0,4,3,0,7,7,0,0,1,,,,20250317000314
6090,141875,사조오양,0,0,2,5,0,8,8,1,0,5,,,,20250703000352
6110,126779,삼아알미늄,0,0,2,2,0,8,8,4,0,8,,,,20250313001287
6120,131832,SK디스커버리,0,0,3,4,1,6,7,0,0,16,,,,20250318001277
6200,159254,한국전자홀딩스,0,0,2,1,0,3,3,0,0,0,517879873727.0,503113632386.0,469100261248.0,20250319001004
6220,148832,제주은행,0,0,1,4,2,4,6,1,0,6,,,,20250317000569
6260,105952,LS,0,0,3,4,1,6,7,0,0,10,20527939000000.0,18245954000000.0,17257356000000.0,20250326000601
6280,129679,녹십자,0,0,3,4,1,6,7,0,0,22,,,,20250318001288
6340,260392,대원전선,0,0,2,2,0,4,4,0,0,7,226992976377.0,234871662225.0,245958532474.0,20250313000035
6360,120030,GS건설,0,0,2,4,1,6,7,1,0,40,,,,20250813000906
6370,108977,대구백화점,0,0,3,3,2,4,6,0,0,0,432188136396.0,467423344729.0,470347262546.0,20250321000349
6380,159810,카프로,0,0,5,7,1,13,14,2,0,3,,,,20250320001650
6390,164672,한일현대시멘트,0,0,3,1,0,4,4,0,0,15,,,,20250317000892
6400,126362,삼성SDI,0,0,3,4,2,5,7,0,0,0,,,,20250311001275
6490,122825,인스코비,0,0,4,2,0,7,7,1,0,5,,,,20250321001886
6570,109824,대림통상,0,0,3,1,2,2,4,0,0,6,162827837044.0,177143797015.0,171792618625.0,20250320001663
6650,260383,대한유화,3,3,3,4,1,6,7,0,0,14,2219743050345.0,2196492714337.0,2195832515923.0,20250306000568
6660,126201,삼성공조,0,0,3,1,0,4,4,0,0,3,322603910471.0,313423840444.0,308654791181.0,20250320001319
6740,141404,영풍제지,0,0,5,3,1,7,8,0,0,0,,,,20250411003513
6800,111722,미래에셋증권,3,3,3,4,1,6,7,0,0,125,137176998056307.0,128206948648964.0,106952189880235.0,20250515002814
6840,125080,AK홀딩스,0,0,4,3,1,7,8,1,0,1,,,,20250318001263
6880,136402,신송홀딩스,0,0,2,1,0,3,3,0,0,1,254881524377.0,242937272679.0,242350721393.0,20250318001436
6890,109161,태경케미컬,0,0,2,1,0,3,3,0,0,4,184309192873.0,182882306558.0,167391898805.0,20250318000825
6980,142661,우성,0,0,4,3,0,7,7,0,0,2,,,,20250313001232
7070,140177,GS리테일,0,0,2,4,1,6,7,1,0,0,,,,20250312000991
7110,146296,일신석재,0,0,3,1,0,4,4,0,0,5,,,,20250320001261
7120,104786,미래아이앤지,0,0,3,1,0,4,4,0,0,0,74867189585.0,84461940667.0,97492843199.0,20250318000665
7160,124799,사조산업,0,0,4,3,0,8,8,1,0,3,,,,20250312000903
7210,122898,벽산,0,0,1,3,0,4,4,0,0,7,640284164647.0,620426943865.0,601820033901.0,20250321001224
7280,124090,한국특강,0,0,3,3,0,6,6,0,0,5,,,,20250321001284
7310,141529,오뚜기,0,0,3,4,1,6,7,0,0,6,,,,20250318000979
7340,116949,DN오토모티브,0,0,3,2,0,5,5,0,0,45,5006031529000.0,4567386501000.0,4591590751000.0,20250313001452
7460,152385,에이프로젠,0,0,2,2,1,3,4,0,0,0,,,,20250321001573
7540,130091,샘표,0,0,2,1,0,3,3,0,0,0,479780920010.0,474583602862.0,465919907060.0,20250814000253
7570,146454,일양약품,0,0,3,3,0,6,6,0,0,0,,,,20250327001173
7590,115384,동방아그로,0,0,3,1,0,4,4,0,0,6,238666824251.0,224384203562.0,216528029378.0,20250313000657
7610,131939,선도전기,0,0,2,3,0,5,5,0,0,0,,,,20250321001723
7660,107613,이수페타시스,0,0,3,1,0,4,4,0,0,0,790136366426.0,626436318507.0,546014160739.0,20250321001007
7690,104388,국도화학,0,0,5,3,1,8,9,1,0,37,,,,20250321001221
7700,126487,F&F 홀딩스,0,0,4,3,0,7,7,0,0,2,,,,20250318000985
7810,152686,코리아써키트,0,0,3,1,0,4,4,0,0,34,1255382149192.0,1236457010706.0,1293448547101.0,20250320001351
7860,163114,서연,3,3,3,3,0,6,6,0,0,5,3424466755541.0,2771870652879.0,2323543346933.0,20250318001318
7980,154329,TP,0,0,3,1,2,2,4,0,0,5,,,,20250319000833
8040,137252,사조동아원,0,0,4,3,0,8,8,1,0,5,,,,20250312000522
8060,109189,대덕,0,0,3,1,0,4,4,0,0,2,,,,20250320001383
8110,157104,대동전자,0,0,2,3,0,5,5,0,0,0,,,,20240618000424
8250,145446,이건산업,0,0,3,1,0,4,4,0,0,0,,,,20250321001836
8260,116301,NI스틸,0,0,3,1,0,4,4,0,0,14,473689516733.0,447987063260.0,397444642902.0,20250313000820
8350,107224,남선알미늄,0,0,3,1,0,4,4,0,0,4,404717544888.0,432707600573.0,401195143871.0,20250320001238
8420,121570,문배철강,0,0,3,1,1,3,4,0,0,2,224208819934.0,231645964686.0,206906858449.0,20250708000057
8490,131692,서흥,0,0,3,1,0,4,4,0,0,22,1017698965497.0,993737055884.0,926418535898.0,20250320000847
8500,146542,일정실업,0,0,2,1,0,3,3,0,0,0,,,,20250320001689
8600,104999,윌비스,0,0,3,3,0,8,8,2,0,0,294579163963.0,302851731273.0,270394721804.0,20250327001289
8700,138516,아남전자,0,0,3,1,0,4,4,0,0,7,,,,20250326000254
8730,145260,율촌화학,0,0,2,1,0,3,3,0,0,8,655469570993.0,678951066652.0,653136152620.0,20250317000659
8770,165680,호텔신라,3,3,3,4,1,6,7,0,0,16,3813885971903.0,3006538770202.0,2938544987435.0,20250515002269
8870,168401,금비,0,0,2,1,0,3,3,0,0,6,282769620563.0,296341107251.0,307313894364.0,20241219000451
8930,161426,한미사이언스,0,0,3,4,2,8,10,3,0,12,,,,20250318001281
8970,117629,동양철관,0,0,2,1,0,3,3,0,0,4,192335715993.0,208762933559.0,183082959042.0,20250317000788
9070,103042,케이씨티시,0,0,2,2,0,6,6,2,0,13,762617949986.0,662097622202.0,630078626843.0,20250313001313
9140,102140,경인전자,0,0,2,1,0,3,3,0,0,3,80869826412.0,75127255780.0,68385030301.0,20250312000686
9150,126371,삼성전기,0,0,3,4,2,5,7,0,0,0,12792402920884.0,11657871601848.0,10997170898641.0,20250311001190
9160,138260,SIMPAC,0,0,3,1,0,4,4,0,0,0,1079604688000.0,1057913470000.0,965098439000.0,20250328001694
9180,140946,한솔로지스틱스,0,0,4,2,0,7,7,1,0,1,,,,20250311001053
9190,111111,대양금속,0,0,5,2,1,6,7,0,0,5,,,,20250731000398
9200,136086,무림페이퍼,0,0,2,3,0,5,5,0,0,7,,,,20250317000368
9240,161693,한샘,0,0,0,3,1,6,7,4,0,0,1067251785665.0,1051517418790.0,1099679540571.0,20250313001195
9270,136864,신원,0,0,5,2,0,7,7,0,0,21,628902089244.0,545009762942.0,510124893723.0,20250328001269
9290,103592,광동제약,0,0,3,3,0,6,6,0,0,19,,,,20250325000803
9310,153621,참엔지니어링,0,0,1,1,0,3,3,1,0,9,,,,20250318000654
9320,111689,아진전자부품,0,0,3,1,0,4,4,0,0,4,102542697306.0,94593219371.0,91241229943.0,20250321001016
9410,153861,태영건설,0,0,2,3,1,4,5,0,0,25,,,,20250319000934
9420,162586,한올바이오파마,0,0,4,3,0,7,7,0,0,4,,,,20250318000750
9440,159971,KC그린홀딩스,0,0,2,1,1,2,3,0,0,1,289342395414.0,916578395937.0,792860678470.0,20250320001565
9450,101488,경동나비엔,0,0,5,3,0,8,8,0,0,30,,,,20250318000908
9460,163761,한창제지,0,0,2,1,0,3,3,0,0,6,,,,20250318001122
9470,129271,삼화전기,0,0,5,2,0,8,8,1,0,3,173158472097.0,139238488628.0,139115269782.0,20250313000817
9540,164830,HD한국조선해양,0,0,2,3,1,4,5,0,0,47,,,,20250318001131
9580,119007,무림P&P,0,0,2,3,0,5,5,0,0,10,,,,20250314001672
9680,151128,모토닉,0,0,2,2,1,4,5,1,0,8,,,,20250313000748
9770,128227,삼정펄프,0,0,2,1,0,3,3,0,0,0,298459252351.0,245334463702.0,232663818640.0,20250327001293
9810,103130,플레이그램,0,0,4,2,0,6,6,0,0,2,,,,20250320001095
9830,162461,한화솔루션,0,0,3,5,1,8,9,1,0,83,,,,20250317001024
9900,173078,명신산업,0,0,3,1,0,4,4,0,0,0,1210314499204.0,1044875997928.0,929267254095.0,20250318000402
9970,140964,영원무역홀딩스,0,0,3,2,2,3,5,0,0,5,6576715632460.0,6379343146101.0,5490219711184.0,20250321001884
10040,160205,한국내화,0,0,2,1,0,3,3,0,0,12,307361942953.0,333192248433.0,325998841087.0,20250318000918
10060,148896,OCI홀딩스,0,0,2,4,2,4,6,0,0,15,,,,20250318000381
10100,160418,한국무브넥스,0,0,3,1,0,4,4,0,0,0,1013538338341.0,874724776068.0,799394136303.0,20250318000552
10120,105855,엘에스일렉트릭,0,0,5,5,1,9,10,0,0,27,,,,20250317000918
10130,102858,고려아연,0,0,3,14,3,17,20,3,0,45,,,,20250331003521
10140,126478,삼성중공업,0,0,3,4,1,6,7,0,0,34,,,,20250319000397
10400,143262,우진아이엔에스,0,0,2,2,0,4,4,0,0,7,91715586046.0,113497686732.0,111631385016.0,20250711000031
10420,103626,한솔피엔에스,0,0,4,2,0,7,7,1,0,1,,,,20250311001303
10580,147860,에스엠벡셀,0,0,3,3,1,5,6,0,0,2,105927863551.0,103259018308.0,149581296371.0,20250320001174
10600,141273,웰바이오텍,0,0,3,2,0,5,5,0,0,2,31947619834.0,60240632361.0,59285485269.0,20250328001159
10620,164609,HD현대미포,3,3,2,3,1,4,5,0,0,29,5108867288000.0,4909071433000.0,4748245499000.0,20250711000373
10640,160375,진양폴리우레탄,0,0,2,1,0,3,3,0,0,2,57413480032.0,51748834667.0,46084520659.0,20250228006453
10660,166500,화천기계,0,0,4,2,0,6,6,0,0,0,174332394129.0,167517651255.0,161427031413.0,20250312000312
10690,166315,화신,0,0,2,3,0,5,5,0,0,25,1321669869758.0,1196813984369.0,1004620994499.0,20250317000376
10770,155124,평화홀딩스,0,0,4,3,0,7,7,0,0,7,,,,20250317000760
10780,115977,아이에스동서,0,0,3,5,1,7,8,0,0,0,,,,20250319001050
10820,148522,퍼스텍,0,0,3,1,0,4,4,0,0,12,350454400155.0,265075748454.0,211309947551.0,20250312000567
10950,138279,S-Oil,4,4,1,6,2,9,11,4,0,57,24451433000000.0,21576123000000.0,19613135000000.0,20250319000503
10960,128980,삼호개발,0,0,3,1,0,4,4,0,0,9,,,,20250317000096
11000,118521,진원생명과학,0,0,2,1,0,3,3,0,0,5,,,,20250318000646
11070,105961,LG이노텍,0,0,2,4,1,6,7,1,0,42,,,,20250318001384
11090,139764,에넥스,0,0,3,1,0,4,4,0,0,1,142489241515.0,144034594170.0,128080156342.0,20250318001112
11150,129013,CJ씨푸드,0,0,3,1,0,4,4,0,0,1,173079219891.0,168208968603.0,143409086635.0,20250317000808
11170,165413,롯데케미칼,0,0,4,6,1,10,11,1,0,74,,,,20250725000806
11200,164645,HMM,0,0,2,4,1,5,6,0,0,34,,,,20250318000828
11210,106623,현대위아,0,0,3,4,1,6,7,0,0,0,,,,20250313000158
11230,129280,삼화전자공업,0,0,3,1,0,4,4,0,0,0,70192709528.0,73014231901.0,68742292985.0,20250313000955
11280,153524,태림포장,0,0,2,1,0,3,3,0,0,13,711994053000.0,715955958000.0,651217775000.0,20250327000507
11300,132868,성안머티리얼스,0,0,3,1,0,4,4,0,0,0,116893023052.0,128439236485.0,123872501880.0,20250320000581
11330,137207,유니켐,0,0,4,2,0,6,6,0,0,7,,,,20250807000215
11390,124027,부산산업,0,0,3,2,0,5,5,0,0,3,335401253997.0,278200798954.0,134678926321.0,20250320000250
11420,129554,갤럭시아에스엠,0,0,1,1,0,4,4,2,0,1,69828890819.0,90043246014.0,57863011528.0,20250320001142
11500,160861,한농화성,0,0,4,2,0,6,6,0,0,0,232946140726.0,237369526405.0,225415182824.0,20250320000501
11690,144720,와이투솔루션,0,0,2,2,0,4,4,0,0,8,,,,20250319001127
11700,162072,한신기계공업,0,0,2,1,0,3,3,0,0,0,,,,20250321001961
11760,164812,현대코퍼레이션,0,0,3,3,0,6,6,0,0,16,2062309184431.0,2059712572964.0,1831301801553.0,20250324000696
11780,106368,금호석유화학,3,3,3,7,2,8,10,0,0,37,8340238952259.0,7979694633685.0,7717403072460.0,20250317000810
11790,139889,SKC,0,0,2,4,2,5,7,1,0,17,,,,20250318001448
11810,138297,STX,0,0,1,1,1,2,3,1,0,2,576408000000.0,578680000000.0,741784000000.0,20250320001714
11930,136271,신성이엔지,0,0,3,3,2,4,6,0,0,0,605269638823.0,587747541244.0,577555245278.0,20250318001079
12030,163345,DB,0,0,5,3,0,8,8,0,0,22,870058289785.0,879384841947.0,414317384772.0,20250320000879
12160,141477,영흥,0,0,3,3,1,5,6,0,0,5,,,,20250328001676
12170,145437,아센디오,0,0,3,3,1,5,6,0,0,3,23296368270.0,48534629654.0,73158525417.0,20250321000735
12200,102618,계양전기,0,0,3,4,0,7,7,0,0,14,,,,20250314001765
12280,141413,영화금속,0,0,2,3,0,5,5,0,0,9,216774804117.0,210002658451.0,220738936358.0,20250318000559
12320,143527,경동인베스트,0,0,2,1,0,4,4,1,0,1,616320126682.0,606915246461.0,586813597619.0,20250320001376
12330,164788,현대모비스,0,0,4,5,1,8,9,0,0,79,66596905000000.0,58585845000000.0,55406698000000.0,20250311001180
12450,126566,한화에어로스페이스,0,0,3,4,1,6,7,0,0,111,,,,20250317000990
12510,172291,더존비즈온,0,0,3,2,0,5,5,0,0,0,1037613249183.0,936627620863.0,888860403342.0,20250317001028
12610,102113,경인양행,0,0,6,2,0,8,8,0,0,16,544969281413.0,538955972428.0,548252999063.0,20250320000738
12630,164636,HDC,0,0,2,3,0,5,5,0,0,0,,,,20250812000713
12690,173102,모나리자,0,0,2,2,1,6,7,3,0,4,,,,20250314001404
12750,158501,에스원,0,0,3,5,1,8,9,1,0,26,,,,20250312000984
12800,112651,대창,0,0,2,1,0,3,3,0,0,11,,,,20250318001233
13000,134176,세우글로벌,0,0,4,2,1,5,6,0,0,0,,,,20250321001830
13360,146232,일성건설,0,0,3,1,0,4,4,0,0,9,,,,20250808000499
13520,166272,화승코퍼레이션,0,0,4,3,0,8,8,1,0,26,1288499141437.0,1154543398411.0,1177218098360.0,20250321001555
13570,117179,디와이,0,0,6,2,0,8,8,0,0,7,1003494179959.0,930244752630.0,861083032957.0,20250312001047
13580,102432,계룡건설산업,0,0,4,3,0,7,7,0,0,41,,,,20250318001013
13700,129420,까뮤이앤씨,0,0,3,3,0,6,6,0,0,2,276541274780.0,255548356312.0,195489393903.0,20250321001470
13870,156354,지엠비코리아,0,0,3,3,0,6,6,0,0,0,630543293190.0,579056069012.0,550819602976.0,20250321001687
13890,150633,지누스,0,0,3,3,0,6,6,0,0,0,,,,20250325000522
14130,129509,한익스프레스,0,0,2,1,0,3,3,0,0,5,,,,20250319000814
14160,111458,대영포장,0,0,5,3,1,7,8,0,0,7,225080501521.0,221137778791.0,247356883299.0,20250320001314
14280,105299,금강공업,0,0,3,3,0,6,6,0,0,9,1161899245538.0,1130467709471.0,1094801795415.0,20250319000431
14440,140779,영보화학,0,0,3,2,0,5,5,0,0,3,202580696056.0,179035625324.0,180449397115.0,20250312000962
14530,105156,극동유화,0,0,4,2,0,6,6,0,0,4,478555021568.0,430015236625.0,353076046774.0,20250320001025
14580,122481,태경비케이,0,0,2,1,0,3,3,0,0,5,,,,20250320001058
14680,140955,한솔케미칼,0,0,3,3,1,5,6,0,0,7,1464678817159.0,1350979663141.0,1253310602636.0,20250310000865
14710,124780,사조씨푸드,0,0,3,3,0,7,7,1,0,2,337828786614.0,320138049682.0,350700454619.0,20250311000913
14790,161116,HL D&I,0,0,4,4,1,7,8,0,0,24,1702996461973.0,1724300709671.0,1667421795499.0,20250317000836
14820,132637,동원시스템즈,0,0,2,1,0,3,3,0,0,17,,,,20250318000868
14830,159786,유니드,0,0,3,2,1,4,5,0,0,12,1364801977175.0,1259135784421.0,1489264677517.0,20250318000116
14910,132628,성문전자,0,0,3,1,0,4,4,0,0,1,75426856694.0,60912720397.0,57241315662.0,20250320000385
14990,106881,인디에프,0,0,2,1,0,3,3,0,0,3,,,,20250320001282
15020,134565,이스타코,0,0,2,1,1,2,3,0,0,2,77931992229.0,79504419607.0,79791361051.0,20250320000234
15230,112679,대창단조,0,0,3,3,0,6,6,0,0,0,372341113498.0,334751849114.0,338228490208.0,20250320000634
15260,143314,에이엔피,0,0,3,1,2,2,4,0,0,4,93502192138.0,95035399315.0,106799190000.0,20250321001897
15360,105101,INVENI,0,0,4,4,0,8,8,0,0,0,,,,20250811000385
15590,108746,DKME,0,0,4,2,0,7,7,1,0,4,,,,20250812000680
15760,159193,한국전력공사,4,3,6,8,1,13,14,0,0,3,246807795000000.0,239714965000000.0,234804994000000.0,20250318000747
15860,146649,일진홀딩스,0,0,2,2,0,4,4,0,0,4,1967342079451.0,1664779334525.0,1586114519184.0,20250328001256
15890,153339,태경산업,0,0,3,1,1,3,4,0,0,6,684731194390.0,635637932457.0,625038862557.0,20250321000898
16090,113614,대현,0,0,3,3,0,6,6,0,0,7,,,,20250321001236
16360,104856,삼성증권,0,0,2,4,1,5,6,0,0,27,,,,20250306000628
16380,115676,KG스틸,3,2,2,4,0,7,7,1,0,14,3341371364302.0,3195514054360.0,3051507326663.0,20250318001327
16450,161976,한세예스24홀딩스,4,4,4,4,2,6,8,0,0,3,2825659862512.0,2152345946852.0,2036963741120.0,20250318001443
16580,166573,환인제약,0,0,2,3,0,5,5,0,0,7,,,,20250813000488
16590,135777,신대양제지,0,0,6,3,3,6,9,0,0,2,875922548735.0,876212192768.0,884529889834.0,20250320001290
16610,115694,DB증권,0,0,2,3,0,5,5,0,0,35,,,,20250317000605
16710,108940,대성홀딩스,0,0,4,3,1,6,7,0,0,1,1249662505720.0,1245982849279.0,1391346077818.0,20250320000999
16740,119672,두올,0,0,3,2,1,6,7,2,0,0,514202251500.0,477089681561.0,462171290214.0,20250318001138
16800,161709,퍼시스,0,0,3,3,0,6,6,0,0,3,643928604574.0,597603859832.0,544804538072.0,20250814001419
16880,143651,웅진,0,0,4,2,0,6,6,0,0,0,970970804269.0,1027078032335.0,1094417787764.0,20250320001474
17040,103662,광명전기,0,0,5,2,1,7,8,1,0,0,,,,20250321001712
17180,121039,명문제약,0,0,2,1,0,3,3,0,0,10,257987686198.0,236548793649.0,230449822959.0,20250326000618
17370,142883,우신시스템,0,0,3,1,0,4,4,0,0,0,433752930051.0,380460470089.0,282515715608.0,20250318000772
17390,130684,서울도시가스,0,0,4,3,0,7,7,0,0,9,,,,20250703000161
17550,135111,수산세보틱스,0,0,3,3,1,6,7,1,0,13,,,,20250321001765
17670,159023,SK텔레콤,4,4,3,5,2,7,9,1,0,0,30515255000000.0,30119227000000.0,31308232000000.0,20250317000684
17800,164724,현대엘리베이터,4,4,1,4,1,6,7,2,0,0,3573751146561.0,3535433379184.0,3014471063421.0,20250318000920
17810,155355,풀무원,0,0,2,8,3,8,11,1,0,21,,,,20250318001312
17860,108612,DS단석,0,0,4,3,0,7,7,0,0,10,735819053361.0,718904136635.0,565587169489.0,20250321001800
17900,152729,광전자,0,0,2,1,0,3,3,0,0,0,260831921228.0,251180472123.0,247855306698.0,20250320000952
17940,165583,E1,4,4,3,4,1,6,7,0,0,6,14539774932856.0,4597407646185.0,4339655185507.0,20250814000491
17960,159795,한국카본,0,0,3,1,1,3,4,0,0,36,878968656770.0,792428141673.0,585333635410.0,20250319000937
18250,139454,애경산업,0,0,4,3,0,8,8,1,0,7,499351468105.0,482372595474.0,482639615354.0,20250314001008
18260,126186,삼성에스디에스,0,0,3,4,1,6,7,0,0,0,,,,20250311001129
18470,149239,조일알미늄,0,0,4,3,0,7,7,0,0,0,421666740574.0,390898368641.0,367680590342.0,20250313000809
18500,118008,동원금속,0,0,3,3,0,6,6,0,0,20,478904741185.0,487867520934.0,456870590279.0,20240619000177
18670,144164,SK가스,3,3,2,4,1,6,7,1,0,35,7539621970135.0,6081811411173.0,5831776891571.0,20250312000964
18880,161125,한온시스템,3,3,0,5,1,8,9,4,0,0,10620252377496.0,9244404434130.0,9098783327544.0,20250321001829
19170,137359,신풍제약,0,0,2,4,0,6,6,0,0,7,,,,20250320000996
19180,118965,티에이치엔,0,0,3,1,1,3,4,0,0,10,454354334361.0,402977300428.0,371353957512.0,20250319001022
19440,133991,세아특수강,0,0,3,1,0,4,4,0,0,10,690146270816.0,693805240728.0,690192115483.0,20250314001717
19490,156150,엑시큐어하이트론,0,0,6,3,2,8,10,1,0,0,,,,20250321001008
19680,108913,대교,0,0,3,3,1,6,7,1,0,15,,,,20250814000849
20000,188089,한섬,0,0,4,3,0,7,7,0,0,0,1746167657721.0,1724265473784.0,1684715498594.0,20250314000941
20120,140131,키다리스튜디오,0,0,2,1,0,4,4,1,0,7,,,,20250319000526
20150,113997,롯데에너지머티리얼즈,0,0,2,2,1,3,4,0,0,13,2282023058453.0,2392246607934.0,2430279801877.0,20250314001597
20560,138792,아시아나항공,4,4,2,4,1,5,6,0,0,28,13449903474132.0,13016745781139.0,13455341411799.0,20250318000756
20760,198697,일진디스플,0,0,3,1,0,4,4,0,0,1,,,,20250320000779
21050,131197,서원,0,0,2,1,0,3,3,0,0,5,,,,20250320001156
21240,170558,코웨이,3,3,3,4,1,6,7,0,0,0,5761561091079.0,4850965736396.0,4365074875331.0,20250321001734
21820,134316,세원정공,0,0,3,3,0,6,6,0,0,2,725562845976.0,674081857072.0,628831844307.0,20250808000388
22100,155212,포스코DX,0,0,2,2,0,5,5,1,0,9,,,,20250314001261
23000,191588,삼원강재,0,0,3,3,0,6,6,0,0,6,290658433763.0,303735700802.0,293690103032.0,20250314000520
23150,121534,MH에탄올,0,0,3,1,0,4,4,0,0,6,,,,20250312000625
23350,159500,한국종합기술,0,0,5,3,0,8,8,0,0,35,,,,20250318001001
23450,115065,동남합성,0,0,3,2,1,4,5,0,0,2,96866644254.0,97568839749.0,92085226130.0,20250311000605
23530,120526,롯데쇼핑,0,0,3,5,2,6,8,0,0,0,,,,20250314001659
23590,176914,다우기술,0,0,2,3,0,5,5,0,0,28,57147924043319.0,53342459330150.0,49260008742513.0,20250318001202
23800,103510,인지컨트롤스,0,0,2,1,1,2,3,0,0,0,,,,20250328001677
23810,180795,인팩,0,0,3,3,0,6,6,0,0,13,556215707649.0,482869726172.0,411164184888.0,20250321001500
23960,121969,에쓰씨엔지니어링,0,0,5,4,1,9,10,1,0,5,,,,20250326001145
24070,142865,WISCOM,0,0,3,3,0,6,6,0,0,2,100192777916.0,122990006604.0,128503266423.0,20250320000660
24090,177199,디씨엠,0,0,3,1,0,4,4,0,0,8,293570010254.0,277642743004.0,306956322608.0,20250718000228
24110,149646,기업은행,0,0,2,3,1,4,5,0,0,15,,,,20250318001325
24720,203290,콜마홀딩스,0,0,3,3,1,6,7,1,0,9,,,,20250321001958
24890,112022,대원화성,0,0,2,2,0,4,4,0,0,0,152521491003.0,138374975185.0,130913447074.0,20250320001317
24900,114154,디와이덕양,0,0,4,3,1,6,7,0,0,12,,,,20250317000666
25000,191472,KPX케미칼,0,0,4,2,0,6,6,0,0,19,,,,20250313001177
25530,181943,에스제이엠홀딩스,0,0,2,1,0,3,3,0,0,2,369575805909.0,339809517118.0,328166066953.0,20250320001596
25540,157070,한국단자공업,0,0,3,1,0,4,4,0,0,0,1564250855000.0,1425051765000.0,1289776454000.0,20250320000091
25560,197759,미래산업,0,0,4,2,1,5,6,0,0,2,131612702717.0,103781272550.0,134409509636.0,20250318001105
25620,136776,제이준코스메틱,0,0,3,2,1,4,5,0,0,0,,,,20250319000718
25750,203582,한솔홈데코,0,0,4,2,0,7,7,1,0,1,290379147343.0,312095401371.0,319496520639.0,20250311000946
25820,145464,이구산업,0,0,4,3,0,7,7,0,0,3,329008589068.0,313891617603.0,337212432145.0,20250320000112
25860,107987,남해화학,0,0,5,7,0,13,13,1,0,0,,,,20250320001346
25890,159564,한국주강,0,0,3,1,0,4,4,0,0,3,41498366351.0,44186932873.0,48045222224.0,20250319000402
26890,117498,스틱인베스트먼트,0,0,4,3,0,7,7,0,0,27,,,,20250320001381
26940,123781,부국철강,0,0,2,1,0,3,3,0,0,0,153106976657.0,156095854681.0,153622003905.0,20250320000887
26960,144395,동서,0,0,3,1,0,4,4,0,0,12,,,,20250313000532
27410,219097,BGF,0,0,2,2,0,4,4,0,0,0,,,,20250318001407
27740,204208,마니커,0,0,2,1,0,3,3,0,0,0,,,,20250324000626
27970,133706,한국제지,0,0,3,1,0,4,4,0,0,0,,,,20250314001620
28050,126308,삼성E&A,3,3,3,4,1,6,7,0,0,0,10013337796132.0,7801398613122.0,7848723222714.0,20250312001103
28100,178754,동아지질,0,0,4,2,0,6,6,0,0,3,,,,20250318001360
28260,149655,삼성물산,3,3,4,5,1,8,9,0,0,0,61990426835548.0,66127029212679.0,58981492466950.0,20250321001515
28670,122737,팬오션,4,4,3,4,1,6,7,0,0,13,10271506000000.0,7853946000000.0,7548942000000.0,20250318000777
29460,209780,케이씨,0,0,6,2,0,8,8,0,0,14,1046845412327.0,1062311270068.0,1004623911655.0,20250318001395
29530,135795,신도리코,0,0,2,3,0,5,5,0,0,5,1143580683305.0,1078782998517.0,1038493447520.0,20250715000025
29780,126292,삼성카드,0,0,2,4,1,5,6,0,0,24,,,,20250312000920
30000,148276,제일기획,0,0,3,2,0,5,5,0,0,30,,,,20250311000974
30190,158325,NICE평가정보,0,0,4,3,0,8,8,1,0,22,,,,20250314001653
30200,190321,케이티,0,0,2,8,1,9,10,0,0,0,41879957000000.0,42709982000000.0,40980681000000.0,20250321001834
30210,156859,다올투자증권,0,0,4,5,1,8,9,0,0,0,,,,20250317000595
30610,113359,교보증권,3,3,2,5,0,7,7,0,0,19,15898332583027.0,15593363016079.0,13417260497201.0,20250313000901
30720,118044,동원수산,0,0,3,1,0,4,4,0,0,9,,,,20250404003738
31210,112998,서울보증보험,0,0,2,6,2,7,9,1,0,9,,,,20250324000440
31430,234412,신세계인터내셔날,0,0,3,3,1,5,6,0,0,17,,,,20250313000018
31440,274933,신세계푸드,0,0,3,3,0,6,6,0,0,0,,,,20250317000635
31820,186559,아이티센씨티에스,0,0,1,1,0,4,4,2,0,0,,,,20250319001103
32350,231372,롯데관광개발,0,0,4,2,1,5,6,0,0,16,2166617248668.0,1764111056273.0,1802776594203.0,20250320001631
32560,218575,황금에스티,0,0,3,1,1,3,4,0,0,3,522556270523.0,513527276106.0,481912631966.0,20250318001129
32640,231363,LG유플러스,0,0,2,4,2,5,7,1,0,64,,,,20250317000701
32830,126256,삼성생명,0,0,2,4,1,5,6,0,0,58,,,,20250331004004
33180,193009,KH 필룩스,0,0,5,2,1,6,7,0,0,16,961032191903.0,1035818460628.0,1246019564242.0,20250402002557
33240,146861,자화전자,0,0,3,1,0,4,4,0,0,8,,,,20250320001727
33250,125576,체시스,0,0,4,2,0,6,6,0,0,4,83146042729.0,90568081356.0,84258477019.0,20250321001138
33270,158963,유나이티드,0,0,5,3,1,7,8,0,0,7,,,,20250728000359
33530,134510,SJG세종,0,0,4,2,0,6,6,0,0,25,1240617966721.0,1151805423714.0,1149427317637.0,20250317000672
33780,244455,케이티앤지,0,0,1,6,1,6,7,0,0,61,,,,20250318001223
33920,121543,무학,0,0,4,3,1,6,7,0,0,2,680447311689.0,639327517358.0,605739795014.0,20250324000610
34020,159616,두산에너빌리티,4,4,3,4,1,6,7,0,0,0,26314835000000.0,24640834000000.0,23049782000000.0,20250320001103
34120,130772,SBS,0,0,2,4,0,6,6,0,0,4,1512366601922.0,1346398451632.0,1407888696660.0,20250320001108
34220,105873,LG디스플레이,0,0,2,4,2,5,7,1,0,86,,,,20250312000906
34230,171265,파라다이스,0,0,2,3,1,4,5,0,0,16,,,,20250415000021
34310,158316,NICE,3,3,3,3,0,8,8,2,0,6,3521880947809.0,3484123285552.0,3378563521222.0,20250318000811
34590,145862,인천도시가스,0,0,5,2,0,7,7,0,0,1,,,,20250306000367
34730,181712,SK,3,3,3,5,2,6,8,0,0,103,214977754000000.0,206970264000000.0,194505860000000.0,20250318001364
34830,233653,한국토지신탁,0,0,5,4,1,8,9,0,0,16,,,,20250318001056
35000,140168,HS애드,0,0,2,2,2,4,6,2,0,11,,,,20250311001196
35150,122551,백산,0,0,3,1,0,4,4,0,0,1,,,,20250319000644
35250,255619,강원랜드,0,0,3,9,1,12,13,1,0,0,4700641154570.0,4448655838228.0,4167752670696.0,20250318001106
35420,266961,NAVER,3,3,2,4,2,5,7,1,0,0,38167876036020.0,35737826964395.0,33899042889136.0,20250318000645
35510,219486,신세계I&C,0,0,3,3,2,4,6,0,0,2,,,,20250317000967
35720,258801,카카오,0,0,3,5,4,4,8,0,0,0,,,,20250324000901
36420,203315,콘텐트리중앙,0,0,3,1,0,4,4,0,0,2,,,,20250320001749
36460,261285,한국가스공사,3,2,5,8,3,10,13,0,0,5,57669637000000.0,57254666000000.0,62424983000000.0,20250325000742
36530,225159,SNT홀딩스,0,0,3,1,0,4,4,0,0,0,2832564017795.0,2701797834311.0,2558426986621.0,20250220001567
36570,261443,엔씨소프트,0,0,2,5,2,5,7,0,0,0,,,,20250328002285
36580,260408,팜스코,0,0,3,3,0,6,6,0,0,6,,,,20250318001293
37270,249247,YG PLUS,0,0,2,2,1,4,5,1,0,0,237801884923.0,225534081771.0,241371893905.0,20250320001394
37560,222532,LG헬로비전,0,0,2,3,0,6,6,1,0,6,1243517604881.0,1319446205693.0,1428013437283.0,20250306000713
37710,220561,광주신세계,0,0,3,3,0,6,6,0,0,0,1228084126118.0,934472863572.0,913454051041.0,20250313000495
39130,269940,하나투어,0,0,5,4,2,10,12,3,0,18,668789503298.0,644596377665.0,455429440460.0,20250320001129
39490,296290,키움증권,0,0,3,4,1,6,7,0,0,48,,,,20250317000785
39570,350312,HDC랩스,0,0,3,1,0,4,4,0,0,5,,,,20250812000577
41650,129642,상신브레이크,0,0,3,3,0,6,6,0,0,15,,,,20250314001195
42660,111704,한화오션,0,0,3,5,1,8,9,1,0,70,,,,20250314001630
42670,344287,HD현대인프라코어,3,3,2,3,1,4,5,0,0,20,4287197767266.0,4418425813336.0,4736667586250.0,20250418000372
42700,161383,한미반도체,0,0,2,1,0,3,3,0,0,0,,,,20250313001171
44380,269241,주연테크,0,0,4,2,2,4,6,0,0,0,42542059412.0,45913552331.0,53242325293.0,20250320000220
44450,160232,KSS해운,0,0,3,5,2,6,8,0,0,4,1892003803431.0,1656034879630.0,1659172643001.0,20250814001308
44820,219574,코스맥스비티아이,0,0,3,1,0,4,4,0,0,16,,,,20250319000641
47040,124540,대우건설,0,0,1,6,2,5,7,0,0,85,,,,20250813000868
47050,124504,포스코인터내셔널,3,3,2,5,1,7,8,1,0,0,17336325971000.0,16617748008000.0,12516336931000.0,20250314001718
47400,369833,유니온머티리얼,0,0,3,1,0,4,4,0,0,4,138270697101.0,187088686775.0,204164784861.0,20250319000740
47810,309503,한국항공우주,0,0,1,5,1,5,6,0,0,31,,,,20250318001067
49800,303217,우진플라임,0,0,3,1,0,4,4,0,0,0,329391197188.0,318384839252.0,285245048447.0,20250321000814
51600,159218,한전KPS,0,0,4,7,1,10,11,0,0,0,1690214811558.0,1597333550834.0,1562022195345.0,20250514000974
51630,347734,진양화학,0,0,2,1,0,3,3,0,0,3,,,,20250304000650
51900,356370,LG생활건강,4,4,2,4,2,5,7,1,0,0,7405784092201.0,7220285811725.0,7302929652203.0,20250317000790
51910,356361,LG화학,4,4,2,4,2,5,7,1,0,116,93857762000000.0,77466694000000.0,67973823000000.0,20250731000339
52690,159209,한전기술,0,0,4,7,1,10,11,0,0,0,,,,20250814001076
53210,349097,케이티스카이라이프,0,0,1,5,1,8,9,3,0,8,,,,20250318001057
53690,413523,한미글로벌,0,0,6,4,1,9,10,0,0,0,470883954867.0,398871055382.0,373059659521.0,20250313001417
55490,256955,테이팩스,0,0,3,3,1,5,6,0,0,0,,,,20250310000646
55550,382199,신한지주,0,0,1,9,3,8,11,1,0,8,739764256000000.0,691795333000000.0,664433230000000.0,20250318000993
57050,412597,현대홈쇼핑,0,0,3,3,0,6,6,0,0,0,,,,20250317000550
58430,155258,포스코스틸리온,0,0,2,1,0,4,4,1,0,5,,,,20250408001924
58650,377610,세아홀딩스,0,0,3,2,1,5,6,1,0,8,,,,20250314001645
58730,353878,다스코,0,0,3,3,0,6,6,0,0,14,324736258465.0,320034640962.0,346117669232.0,20250314000954
58850,372882,KTcs,0,0,1,3,0,6,6,2,0,8,,,,20250320001127
58860,372873,KTis,0,0,1,3,2,4,6,2,0,12,,,,20250318000822
60980,299002,HL홀딩스,4,4,3,4,1,6,7,0,0,17,2370763879407.0,2298229319032.0,2279864889843.0,20250318001459
62040,366438,산일전기,0,0,3,2,0,5,5,0,0,17,,,,20250328001583
63160,390055,종근당바이오,0,0,2,1,0,4,4,1,0,3,,,,20250318001004
64350,302926,현대로템,3,3,3,4,1,6,7,0,0,0,5285394740000.0,5241484775000.0,4823869784000.0,20250321001612
64400,139834,LG씨엔에스,0,0,1,4,1,6,7,2,0,48,,,,20250311001270
64960,398792,SNT모티브,0,0,3,1,0,4,4,0,0,0,1241825709210.0,1211181269340.0,1225486689781.0,20250220001279
66570,401731,LG전자,4,4,2,4,1,6,7,1,0,312,65629589000000.0,60240793000000.0,55156141000000.0,20250317001029
66970,398701,엘앤에프,3,3,3,5,1,7,8,0,0,22,2799831517733.0,3351444610588.0,3023932974764.0,20250311001260
67830,422895,세이브존I&C,0,0,2,1,0,3,3,0,0,0,,,,20250320000981
68270,413046,셀트리온,0,0,4,8,2,10,12,0,0,72,,,,20250317000929
68290,423690,삼성출판사,0,0,4,3,0,7,7,0,0,0,208565174070.0,196570540338.0,211487637576.0,20250320000853
69260,426086,티케이지휴켐스,0,0,4,2,0,6,6,0,0,7,1168226900665.0,1099714172170.0,941352875184.0,20250313001222
69460,428729,대호에이엘,0,0,5,3,1,7,8,0,0,6,,,,20250711000353
69620,427483,대웅제약,0,0,3,3,1,5,6,0,0,8,,,,20250401003870
69640,357360,한세엠케이,0,0,4,3,1,6,7,0,0,5,,,,20250318000981
69730,151298,DSR제강,0,0,5,3,0,8,8,0,0,3,,,,20250226005968
69960,428251,현대백화점,3,3,4,5,1,8,9,0,0,0,11217721674000.0,11712592639000.0,12069249655000.0,20250318001045
70960,365989,모나용평,0,0,3,1,0,4,4,0,0,5,,,,20250321000702
71050,432102,한국금융지주,3,3,2,7,2,7,9,0,0,13,109220199166181.0,95901185591112.0,86308574156762.0,20250320000910
71090,435312,하이스틸,0,0,2,1,0,3,3,0,0,10,267487698093.0,270448865007.0,292456090103.0,20250312001033
71320,159698,지역난방공사,3,2,5,6,2,9,11,0,0,2,8362237776886.0,7968409129278.0,7478129879658.0,20250327000192
71840,158307,롯데하이마트,0,0,4,5,1,8,9,0,0,0,,,,20250312001113
71950,210856,코아스,0,0,3,1,0,4,4,0,0,6,,,,20250320000653
71970,406046,HD현대마린엔진,0,0,2,3,0,5,5,0,0,1,,,,20250317000801
72130,416654,유엔젤,0,0,4,2,0,6,6,0,0,5,71306113634.0,62948969391.0,61023631583.0,20250328001604
72710,459871,농심홀딩스,0,0,3,1,0,4,4,0,0,1,1611495229296.0,1505059211842.0,1389130864097.0,20250318001154
73240,481454,금호타이어,0,0,1,4,1,6,7,2,0,0,,,,20250318001169
74610,469799,이엔플러스,0,0,3,2,0,5,5,0,0,0,,,,20250407004328
75180,305668,새론오토모티브,0,0,3,1,0,4,4,0,0,9,,,,20250321000868
75580,415628,세진중공업,0,0,3,0,0,3,3,0,0,5,620877554527.0,544018916698.0,551849173753.0,20250318000960
77500,414601,유니퀘스트,0,0,4,3,1,6,7,0,0,0,482351415057.0,454404380777.0,610723418178.0,20250320001187
77970,480455,STX엔진,0,0,1,2,0,4,4,1,0,5,968810437104.0,899134400319.0,853387672706.0,20250321000939
78000,361488,텔코웨어,0,0,2,1,0,3,3,0,0,0,,,,20250814001427
78520,400857,에이블씨엔씨,0,0,1,2,3,4,7,4,0,0,159085850798.0,173841489988.0,195431756905.0,20250321001828
78930,500254,GS,3,3,2,4,1,6,7,1,0,6,35063398000000.0,34448425000000.0,33922242000000.0,20250318001410
79160,303873,CJ CGV,0,0,3,4,1,6,7,0,0,5,,,,20250321001474
79430,300548,현대리바트,0,0,4,3,0,7,7,0,0,9,858386415696.0,899461324426.0,854159330447.0,20250318001257
79550,503668,LIG넥스원,0,0,2,4,1,6,7,1,0,38,,,,20250321002001
79900,372129,전진건설로봇,0,0,2,2,0,4,4,0,0,5,,,,20250317000567
79980,362238,휴비스,0,0,1,3,0,6,6,2,0,9,,,,20250317000508
81000,508274,일진다이아,0,0,3,1,0,4,4,0,0,0,,,,20250312000641
81660,195229,미스토홀딩스,0,0,3,3,1,6,7,1,0,3,,,,20250321001837
82640,117267,동양생명,0,0,2,4,1,6,7,1,0,16,,,,20250331000321
82740,361008,한화엔진,0,0,3,3,1,6,7,1,0,8,,,,20250813000469
83420,454946,그린케미칼,0,0,3,1,0,4,4,0,0,6,204790661517.0,201377924078.0,196645335068.0,20250318000396
84010,113225,대한제강,0,0,3,1,0,4,4,0,0,8,1149797079037.0,1115779074661.0,1220496809666.0,20250320000395
84670,540641,동양고속,0,0,4,3,1,6,7,0,0,2,,,,20250321001272
84680,540605,이월드,0,0,3,2,0,5,5,0,0,0,,,,20250313000580
84690,539274,대상홀딩스,0,0,4,2,2,6,8,2,0,2,4418554230618.0,4159485425647.0,4015327448810.0,20250319001086
84870,409672,티비에이치글로벌,0,0,2,1,0,3,3,0,0,11,105764284096.0,110046703211.0,112327631684.0,20250320000173
85310,172228,엔케이,0,0,3,1,0,4,4,0,0,1,,,,20250319000323
85620,112332,미래에셋생명,0,0,3,4,1,6,7,0,0,30,,,,20250331003228
86280,360595,현대글로비스,4,4,2,5,1,8,9,2,0,38,16849145438725.0,14725019903938.0,13877784500296.0,20250317001025
86790,547583,하나금융지주,4,4,3,9,2,10,12,0,0,20,637847513000000.0,591925995000000.0,568603280000000.0,20250317000894
88260,544452,이리츠코크렙,0,0,2,0,2,9,11,9,0,0,676886464617.0,682625491786.0,690297270403.0,20250317000839
88350,113058,한화생명,0,0,3,4,1,6,7,0,0,60,,,,20250331003702
88790,557933,진도,0,0,2,1,0,3,3,0,0,1,,,,20250327001019
89470,357935,HDC현대EP,0,0,3,1,0,4,4,0,0,2,,,,20250812000160
89590,555874,제주항공,0,0,2,3,0,6,6,1,0,10,1998506193261.0,1980894333656.0,1644674848545.0,20250318001006
89860,545716,롯데렌탈,2,2,2,3,1,5,6,1,0,15,7006616781040.0,6718109060318.0,6927204106064.0,20250314001522
90080,573579,평화산업,0,0,5,3,0,8,8,0,0,9,232580292137.0,252411568748.0,236600606117.0,20250317000667
90350,583442,노루페인트,0,0,5,2,0,7,7,0,0,9,,,,20250313001422
90370,442835,메타랩스,0,0,3,1,1,3,4,0,0,0,133243438025.0,111855784929.0,90016753672.0,20250320001179
90430,583424,아모레퍼시픽,3,3,4,6,3,7,10,0,0,51,6783507800768.0,5886510888702.0,5801783178159.0,20250317000429
90460,447609,비에이치,0,0,2,3,0,5,5,0,0,16,1319868751137.0,1089361044645.0,1009659166536.0,20250326000026
91090,585219,세원이앤씨,0,0,6,1,0,7,7,0,0,9,,,,20250321001919
91810,671376,티웨이항공,0,0,4,3,0,7,7,0,0,16,,,,20250321001231
92200,112165,디아이씨,0,0,3,2,0,5,5,0,0,18,715046567485.0,684084841557.0,648233574145.0,20250321001173
92220,589127,KEC,0,0,2,1,0,3,3,0,0,0,,,,20250319000838
92230,587466,KPX홀딩스,0,0,3,1,0,4,4,0,0,3,2018154285684.0,1928646649981.0,1819893802654.0,20250313001218
92440,106614,기신정기,0,0,3,1,0,4,4,0,0,3,,,,20240613000239
92780,117726,DYP,0,0,4,3,1,6,7,0,0,0,,,,20250321001077
92790,220613,넥스틸,0,0,3,3,0,6,6,0,0,20,691783323885.0,642480608085.0,588012317030.0,20250331002907
93050,593032,LF,3,3,4,3,0,7,7,0,0,15,2914966723645.0,2755627761730.0,2584040376470.0,20250318000532
93230,480950,이아이디,0,0,2,3,0,5,5,0,0,0,301066402104.0,467831375076.0,566212896315.0,20250321000678
93240,441243,형지엘리트,0,0,2,1,1,3,4,1,0,3,143183788567.0,125126388096.0,109225633024.0,20240920000129
93370,595191,후성,0,0,2,1,0,3,3,0,0,11,826277280544.0,853376951920.0,933755417033.0,20250317000896
94280,414850,효성 ITX,0,0,3,2,1,4,5,0,0,17,166325113534.0,176284813736.0,176818736427.0,20250318000878
95570,365387,AJ네트웍스,0,0,3,2,0,6,6,1,0,12,,,,20250325000220
95720,628189,웅진씽크빅,0,0,1,3,0,5,5,1,0,5,,,,20250320001745
96760,632304,JW홀딩스,0,0,4,3,1,6,7,0,0,10,1250608664458.0,1176266427927.0,1157579707497.0,20250318001204
96770,631518,SK이노베이션,0,0,2,5,3,5,8,1,0,104,,,,20250318000862
97230,633835,HJ중공업,0,0,2,4,1,5,6,0,0,0,,,,20250813000454
97520,564562,엠씨넥스,0,0,2,3,1,4,5,0,0,23,574103551032.0,535697470080.0,538890010550.0,20250318001032
97950,635134,CJ제일제당,0,0,2,4,0,6,6,0,0,0,,,,20250321001604
100090,480367,SK오션플랜트,0,0,2,1,1,3,4,1,0,25,1421941567198.0,1431906666880.0,1220003934152.0,20250814001175
100220,520887,비상교육,0,0,3,1,0,4,4,0,0,0,,,,20250320001015
100250,646732,진양홀딩스,0,0,3,1,0,4,4,0,0,1,667046949686.0,643080913118.0,597085261527.0,20250306000676
100840,648721,SNT에너지,0,0,3,1,0,4,4,0,0,0,516608191578.0,423163460482.0,429772701838.0,20250220001320
101140,652423,인바이오젠,0,0,2,2,1,3,4,0,0,0,162730128455.0,145703789452.0,144283848412.0,20250321001009
101530,428321,해태제과식품,0,0,5,2,0,7,7,0,0,6,,,,20250319000894
102260,679314,동성케미컬,0,0,3,2,0,5,5,0,0,22,,,,20250515001393
102280,681142,쌍방울,0,0,3,4,1,6,7,0,0,0,126894720950.0,143820156106.0,167746018396.0,20250321001840
102460,145598,이연제약,0,0,2,3,1,4,5,0,0,20,499993817147.0,499775513693.0,484691741651.0,20250801000808
103140,684714,풍산,3,3,3,4,1,6,7,0,0,34,4096582596724.0,3660628679317.0,3395297191796.0,20250313001378
103590,683469,일진전기,0,0,3,1,0,4,4,0,0,15,,,,20250312000485
104700,687711,한국철강,0,0,3,3,0,6,6,0,0,4,899069317215.0,972464324884.0,948549497436.0,20250320001288
105560,688996,KB금융,0,0,1,7,3,6,9,1,0,23,,,,20250526000370
105630,728638,한세실업,0,0,3,3,1,5,6,0,0,10,,,,20250318000934
105840,173944,우진,0,0,4,2,0,7,7,1,0,0,276510432217.0,240301076155.0,227053375662.0,20250313001154
107590,706715,미원홀딩스,0,0,4,3,0,7,7,0,0,2,494326942400.0,467503157829.0,485886407079.0,20250319000813
108320,525934,LX세미콘,0,0,2,4,0,7,7,1,0,15,,,,20250312001059
108670,759513,LX하우시스,0,0,2,4,1,6,7,1,0,21,,,,20250318001456
109070,753643,주성코퍼레이션,0,0,3,5,2,6,8,0,0,0,,,,20250318000167
111110,226316,호전실업,0,0,2,4,1,5,6,0,0,9,396031860184.0,315985635997.0,316098137496.0,20250331002554
111380,367710,동인기연,0,0,2,2,0,4,4,0,0,11,292407975377.0,217309008513.0,198494534925.0,20250320001366
111770,776820,영원무역,3,3,3,4,2,5,7,0,0,20,5389722907461.0,5297123640656.0,4513623780811.0,20250321001998
112610,670340,씨에스윈드,0,0,4,3,1,6,7,0,0,13,,,,20250325000771
114090,557508,GKL,0,0,5,7,1,11,12,0,0,0,616232394204.0,639368283536.0,609513166650.0,20250328001704
117580,787376,대성에너지,0,0,7,3,1,9,10,0,0,0,797405774074.0,803198158498.0,834489958201.0,20250320001296
118000,791209,메타케어,0,0,3,0,1,2,3,0,0,4,,,,20250320001573
119650,797364,KC코트렐,0,0,2,1,0,3,3,0,0,0,294063763220.0,414426220424.0,323473720683.0,20250320001602
120030,796994,조선선재,0,0,1,3,0,4,4,0,0,0,168292925340.0,155538184310.0,145133296597.0,20250715000164
120110,795135,코오롱인더,0,0,3,5,1,7,8,0,0,0,,,,20250319000318
122900,360142,아이마켓코리아,0,0,3,3,0,6,6,0,0,11,,,,20250320001632
123690,823429,한국화장품,0,0,2,1,0,3,3,0,0,7,57902458105.0,48624288729.0,43913329550.0,20250320001323
123700,815369,에스제이엠,0,0,2,1,0,3,3,0,0,8,285110877176.0,251634548809.0,243275367790.0,20250320000753
123890,404701,한국자산신탁,0,0,1,5,0,6,6,0,0,9,1725879725519.0,1480050024356.0,1363794175394.0,20250318001253
126560,403632,현대퓨처넷,0,0,3,3,0,6,6,0,0,0,913820854281.0,909724490443.0,915256451923.0,20250312001070
126720,193328,수산인더스트리,0,0,2,2,0,5,5,1,0,26,,,,20250327000923
128820,828789,대성산업,0,0,4,3,1,8,9,2,0,9,1686365340319.0,1733306521982.0,1824588314611.0,20250320001121
128940,828497,한미약품,0,0,4,5,2,8,10,1,0,31,,,,20250318001206
129260,151368,인터지스,0,0,2,3,0,5,5,0,0,6,470981724710.0,428501449457.0,433167237634.0,20250317000861
130660,194947,한전산업,0,0,3,4,0,9,9,2,0,2,219980917783.0,203640941365.0,157781435629.0,20250320001416
133820,661847,화인베스틸,0,0,4,3,0,7,7,0,0,6,,,,20250321001405
134380,855163,미원화학,0,0,3,3,0,6,6,0,0,0,187152690281.0,164770958446.0,147864035732.0,20250310000394
134790,852087,시디즈,0,0,3,2,1,4,5,0,0,0,,,,20250328002312
136490,855093,선진,0,0,4,3,0,7,7,0,0,8,,,,20250318001380
137310,854997,에스디바이오센서,0,0,3,4,0,7,7,0,0,22,,,,20250318001095
138040,860332,메리츠금융지주,3,3,2,4,1,5,6,0,0,15,115578247112858.0,102235842680189.0,88977399369676.0,20250328001697
138490,241005,코오롱ENP,0,0,3,1,0,4,4,0,0,0,,,,20250318000887
138930,858364,BNK금융지주,0,0,1,7,1,7,8,0,0,8,152470490926534.0,145783633894264.0,136932606929118.0,20250318001176
139130,878915,iM금융지주,0,0,1,7,1,7,8,0,0,6,,,,20250318000693
139480,872984,이마트,0,0,3,4,1,6,7,0,0,0,,,,20250318000688
139990,486705,아주스틸,0,0,2,2,0,5,5,1,0,7,,,,20250328001653
140910,860730,에이리츠,0,0,2,2,1,3,4,0,0,2,82884263423.0,82285456068.0,89680360097.0,20250314000900
143210,119140,핸즈코퍼레이션,0,0,5,3,0,9,9,1,0,7,,,,20250321001881
145210,453488,다이나믹디자인,0,0,3,4,1,6,7,0,0,6,,,,20250321001537
145270,861076,케이탑리츠,0,0,2,3,0,5,5,0,0,2,205048917905.0,213094328463.0,270247968384.0,20250312000670
145720,526599,덴티움,0,0,4,4,0,8,8,0,0,0,,,,20250321000457
145990,896285,삼양사,0,0,4,5,1,8,9,0,0,24,,,,20250319000739
155660,110608,DSR,0,0,2,2,0,4,4,0,0,9,363394228331.0,343481015258.0,364710386862.0,20250227006937
161000,936787,애경케미칼,0,0,3,3,1,6,7,1,0,8,,,,20250314001606
161390,937324,한국타이어앤테크놀로지,0,0,2,6,1,7,8,0,0,0,,,,20250318001355
161890,939331,한국콜마,0,0,4,3,1,6,7,0,0,34,3126693019808.0,3009429377714.0,2933309479342.0,20250318001173
163560,939687,동일고무벨트,0,0,1,3,1,4,5,1,0,0,,,,20250312000762
170900,956930,동아에스티,0,0,3,4,0,7,7,0,0,17,,,,20250321001967
175330,980122,JB금융지주,5,5,1,9,2,9,11,1,0,7,66721914000000.0,63403970000000.0,59828165000000.0,20250319000926
178920,767460,PI첨단소재,0,0,1,3,1,6,7,3,0,7,527526386235.0,517945909903.0,498996615717.0,20250313000132
180640,983040,한진칼,3,3,3,8,1,10,11,0,0,2,4207157981000.0,3784921894000.0,3915077622000.0,20250318001316
181710,983271,NHN,0,0,3,3,1,5,6,0,0,0,,,,20250331004208
183190,990165,아세아시멘트,0,0,6,2,0,8,8,0,0,12,2195403207000.0,2120387916000.0,2040009732000.0,20250320001240
185750,992871,종근당,0,0,4,2,1,5,6,0,0,34,,,,20250325000403
192080,1010110,더블유게임즈,0,0,3,3,0,6,6,0,0,2,1646281734989.0,1288624909154.0,1235636097982.0,20250318001413
192400,132354,쿠쿠홀딩스,0,0,1,3,0,5,5,1,0,3,1369865450719.0,1248108717577.0,1149528707692.0,20250317000970
192650,415646,드림텍,0,0,2,3,0,7,7,2,0,0,,,,20250328002249
192820,1009789,코스맥스,0,0,3,1,0,4,4,0,0,42,,,,20250416000526
194370,332927,제이에스코퍼레이션,0,0,2,3,0,5,5,0,0,17,1830513946593.0,828362721870.0,533768141172.0,20250317000998
195870,1032413,해성디에스,0,0,3,3,0,7,7,1,0,0,,,,20250314001664
200880,1036446,서연이화,0,0,3,3,0,6,6,0,0,0,2953841527430.0,2357850900807.0,1930332276171.0,20250331003613
204210,1035289,스타에스엠리츠,0,0,2,1,0,4,4,1,0,0,,,,20250407004316
204320,1042775,HL만도,3,3,3,4,1,6,7,0,0,93,7052043027166.0,6286700392151.0,5845841407280.0,20250326001216
207940,877059,삼성바이오로직스,0,0,3,4,1,6,7,0,0,0,,,,20250306000580
210540,1059605,디와이파워,0,0,3,1,0,4,4,0,0,6,353395292441.0,336728433730.0,327522399303.0,20250312001039
210980,508344,SK디앤디,3,3,1,3,0,5,5,1,0,6,1462224549572.0,2423076382258.0,2191576214447.0,20250314001183
213500,1060744,한솔제지,0,0,4,5,1,8,9,0,0,17,,,,20250314001432
214320,565154,이노션,3,3,3,3,2,5,7,1,0,23,2714582224859.0,2560209103473.0,2290142554591.0,20250318001237
214330,105606,금호에이치티,0,0,3,1,1,3,4,0,0,6,433457378286.0,441768263473.0,426633825138.0,20250317000938
214390,101664,경보제약,0,0,3,1,1,3,4,0,0,8,283886655960.0,266305016913.0,240544942124.0,20250318001404
214420,816544,토니모리,0,0,3,3,1,5,6,0,0,5,,,,20250320000852
226320,911955,잇츠한불,0,0,3,3,0,6,6,0,0,6,,,,20250321001259
227840,1108099,현대코퍼레이션홀딩스,0,0,2,3,0,6,6,1,0,3,,,,20250318000745
229640,1093007,LS에코에너지,0,0,1,2,0,6,6,3,0,0,,,,20250318000837
234080,225706,JW생명과학,0,0,3,2,2,3,5,0,0,6,325323614449.0,255836393033.0,252942118072.0,20250318001174
241560,1032486,두산밥캣,0,0,2,4,1,5,6,0,0,13,8169804000.0,8043861000.0,7297709000.0,20250318001351
241590,1128613,화승엔터프라이즈,0,0,2,3,0,7,7,2,0,0,1537604343788.0,1360570205531.0,1475831730945.0,20250317000315
244920,684802,에이플러스에셋,0,0,2,3,0,7,7,2,0,0,,,,20250320001609
248070,1159233,솔루엠,0,0,3,2,0,5,5,0,0,22,,,,20250813001277
248170,1167056,샘표식품,0,0,3,1,0,4,4,0,0,10,,,,20250314000817
249420,1168383,일동제약,0,0,4,2,0,6,6,0,0,15,,,,20250318001280
251270,904672,넷마블,0,0,3,5,1,8,9,1,0,0,,,,20250321001686
259960,760971,크래프톤,3,3,2,5,4,3,7,0,0,8,7919463568015.0,6440456619598.0,6037783966136.0,20250318001121
264900,1205329,크라운제과,0,0,2,2,0,4,4,0,0,7,,,,20250320000868
267250,1205709,HD현대,3,3,2,3,1,4,5,0,0,10,73866670219000.0,67982820888000.0,65570861076000.0,20250319001012
267260,1205851,HD현대일렉트릭,0,0,2,3,1,4,5,0,0,30,,,,20250320001309
267270,1205842,HD현대건설기계,3,3,2,3,1,4,5,0,0,16,3324625332000.0,3296953373000.0,3448586770000.0,20250327000348
267290,1208885,경동도시가스,0,0,2,1,0,4,4,1,0,4,947683277099.0,951329118368.0,1067615033035.0,20250318000876
267850,458234,아시아나IDT,0,0,2,3,0,5,5,0,0,3,,,,20250813001353
268280,1234297,미원에스씨,0,0,4,3,0,7,7,0,0,10,512101745784.0,461187881064.0,475733780981.0,20250312000902
271560,1238169,오리온,0,0,2,3,0,5,5,0,0,0,,,,20250808000624
271940,972503,일진하이솔루스,0,0,2,1,0,4,4,1,0,4,344277767089.0,338352795709.0,342505450921.0,20250312000525
271980,1236897,제일약품,0,0,4,3,0,7,7,0,0,16,,,,20250317000697
272210,339391,한화시스템,0,0,1,3,1,4,5,1,0,52,,,,20250314001773
272450,653024,진에어,0,0,3,4,0,7,7,0,0,6,1227138208863.0,952331547674.0,757789019510.0,20250318000022
272550,1060814,삼양패키징,0,0,2,1,0,4,4,1,0,4,667277219833.0,642040554408.0,642561004274.0,20250318001393
278470,1190568,에이피알,0,0,2,3,1,4,5,0,0,4,565143563187.0,287309488243.0,183130939633.0,20250321001576
280360,1258507,롯데웰푸드,0,0,4,5,1,8,9,0,0,44,,,,20250617000244
281820,1261893,케이씨텍,0,0,6,3,0,9,9,0,0,29,,,,20250318001445
282330,1263022,BGF리테일,0,0,2,5,1,6,7,0,0,0,,,,20250318000733
284740,1267684,쿠쿠홈시스,0,0,1,3,0,4,4,0,0,3,1381577133923.0,1138110386834.0,1016960290726.0,20250331004301
285130,1267170,SK케미칼,4,4,2,4,1,6,7,1,0,29,5367048627339.0,4158774903691.0,3945682879744.0,20250318000565
286940,1262032,롯데이노베이트,0,0,3,3,1,5,6,0,0,17,,,,20250320001204
293480,248974,하나제약,0,0,4,2,2,4,6,0,0,21,382010680680.0,348386182460.0,345964556425.0,20250314001348
293940,1276594,신한알파리츠,0,0,2,0,4,10,14,12,0,0,2158801775445.0,2004292844565.0,1825422708400.0,20241211000290
294870,1310269,HDC현대산업개발,0,0,3,3,1,5,6,0,0,34,,,,20250812000514
298000,1316236,효성화학,3,3,2,3,1,4,5,0,0,25,3272029757634.0,3115610852602.0,3131118899043.0,20250312001129
298020,1316227,효성티앤씨,3,3,3,3,0,6,6,0,0,46,4724182664945.0,4070471419196.0,4319879312472.0,20250312000116
298040,1316245,효성중공업,0,0,3,5,1,7,8,0,0,44,,,,20250312000970
298050,1316254,HS효성첨단소재,0,0,3,3,0,6,6,0,0,35,,,,20250312001093
298690,651901,에어부산,0,0,2,2,0,7,7,3,0,1,1417585685197.0,1358083334270.0,1227883087659.0,20250317000731
300720,1319808,한일시멘트,0,0,3,4,0,7,7,0,0,15,,,,20250317000951
302440,1319899,SK바이오사이언스,0,0,2,4,0,7,7,1,0,25,,,,20250317000856
306200,1325979,세아제강,0,0,3,4,1,6,7,0,0,14,,,,20250312000987
307950,362441,현대오토에버,0,0,2,3,0,5,5,0,0,19,,,,20250317000930
308170,450010,씨티알모빌리티,0,0,3,2,1,5,6,1,0,7,,,,20250319000632
316140,1350869,우리금융지주,4,4,1,7,2,6,8,0,0,9,525753320000000.0,498004936000000.0,480474396000000.0,20250318001196
317400,367844,자이에스앤디,0,0,2,3,0,5,5,0,0,6,,,,20250725000507
322000,1199550,HD현대에너지솔루션,0,0,2,3,0,5,5,0,0,6,453774373436.0,502056913859.0,652825960031.0,20250317000724
323410,1133217,카카오뱅크,3,3,2,5,1,7,8,1,0,18,62805282000000.0,54488157000000.0,39516079000000.0,20250411001905
326030,878696,에스케이바이오팜,0,0,2,4,3,4,7,1,0,17,1036810779623.0,723170577189.0,664241139428.0,20250318001091
329180,1390344,HD현대중공업,0,0,2,3,1,4,5,0,0,121,,,,20250318000897
330590,1363818,롯데리츠,0,0,2,0,0,2,2,0,0,0,2623648647194.0,2301822104866.0,2313651238698.0,20250312000767
334890,1394377,이지스밸류플러스리츠,0,0,2,0,2,4,6,4,0,0,520480441607.0,579101258437.0,560953885769.0,20241121000504
336260,1412725,두산퓨얼셀,0,0,2,4,0,6,6,0,0,5,,,,20250318001214
336370,1412822,솔루스첨단소재,0,0,2,3,0,7,7,2,0,0,,,,20250319000924
338100,1391033,NH프라임리츠,0,0,2,0,0,6,6,4,0,0,112623172402.0,106456041628.0,110564160617.0,20250214002376
339770,453284,교촌에프앤비,0,0,2,3,0,7,7,2,0,0,,,,20250324000180
344820,1428203,케이씨씨글라스,0,0,2,3,0,5,5,0,0,0,,,,20250320001046
348950,1415892,제이알글로벌리츠,0,0,2,0,0,6,6,4,0,0,2146506925558.0,2124785872377.0,2056286188750.0,20250321001699
350520,1436628,이지스레지던스리츠,0,0,2,0,0,6,6,4,0,0,,,,20250314001675
352820,1204056,하이브,3,3,3,5,1,8,9,1,0,8,5479186860000.0,5345681487000.0,4870434315000.0,20250321001187
353200,1478712,대덕전자,0,0,3,1,0,4,4,0,0,29,1088723750887.0,1127535530258.0,1191756988159.0,20250319000892
357120,1430475,코람코라이프인프라리츠,0,0,2,0,0,6,6,4,0,0,1279218586238.0,1255981315541.0,1260156967376.0,20250211000671
357250,1437292,미래에셋맵스리츠,0,0,2,0,2,4,6,4,0,0,302492164214.0,304265746997.0,292039569276.0,20250220001436
357430,1442966,마스턴프리미어리츠,0,0,2,0,3,3,6,4,0,0,160414844184.0,155430160438.0,170145353553.0,20241223000285
361610,1386916,SK아이이테크놀로지,0,0,1,4,3,3,6,1,0,12,,,,20250317000867
363280,1497869,티와이홀딩스,0,0,3,4,0,7,7,0,0,5,,,,20250320001392
365550,1437186,ESR켄달스퀘어리츠,0,0,2,0,2,8,10,8,0,0,2525183126010.0,2473297506408.0,2343918337381.0,20250218000559
372910,534598,한컴라이프케어,0,0,3,3,0,9,9,3,0,0,,,,20250814000446
373220,1515323,LG에너지솔루션,0,0,2,4,2,5,7,1,0,126,,,,20250312000405
375500,1524093,DL이앤씨,3,3,2,4,1,5,6,0,0,41,9712402219987.0,9344058758180.0,8974717444285.0,20250314001639
377190,1475609,디앤디플랫폼리츠,0,0,2,0,0,10,10,8,0,0,852959307008.0,856998452958.0,860319134363.0,20241202000425
377300,1244601,카카오페이,3,3,1,4,1,5,6,1,0,10,4414712217433.0,3966486618370.0,3331422320817.0,20250313001156
377740,622787,바이오노트,0,0,4,3,0,7,7,0,0,9,1697157256602.0,1592842324191.0,1757001765786.0,20250318001275
378850,1532603,화승알앤에이,0,0,4,3,0,7,7,0,0,9,469867845903.0,430773739630.0,422569200239.0,20250321001314
381970,1323032,케이카,0,0,1,3,0,8,8,3,0,10,524847598138.0,554118292957.0,534356690809.0,20250318000964
383220,1568413,F&F,0,0,4,3,2,5,7,0,0,19,,,,20250318001144
383800,1562589,LX홀딩스,0,0,3,4,0,7,7,0,0,3,1905018000000.0,1698527000000.0,1635041000000.0,20250321001172
395400,1535150,SK리츠,0,0,4,0,0,4,4,0,0,0,4433542205994.0,4232565579262.0,4422943409055.0,20250312001045
396690,1576102,미래에셋글로벌리츠,0,0,2,0,2,4,6,4,0,0,361337561141.0,369857871994.0,352325224080.0,20241213000520
400760,1480780,NH올원리츠,0,0,2,0,0,6,6,4,0,0,,,,20250314001464
402340,1596425,SK스퀘어,3,3,1,3,1,4,5,1,0,0,21921051000000.0,17970008000000.0,22160583000000.0,20250319001044
403550,1026157,쏘카,0,0,2,3,3,5,8,3,0,0,631516754233.0,679023237717.0,585713154632.0,20250318001072
404990,1436558,신한서부티엔디리츠,0,0,2,0,0,8,8,6,0,0,,,,20250312000416
417310,1180118,코람코더원리츠,0,0,4,0,0,12,12,8,0,0,511512336502.0,511857698897.0,512895889358.0,20250212000399
432320,1622720,KB스타리츠,0,0,2,0,0,7,7,5,0,0,1078591739263.0,1034432803924.0,982489297616.0,20241016000322
443060,1194689,HD현대마린솔루션,0,0,2,4,1,6,7,1,0,9,,,,20250509000499
446070,1702017,유니드비티플러스,0,0,2,1,0,3,3,0,0,3,235451613708.0,219885414270.0,213631274794.0,20250319000185
448730,1688896,삼성FN리츠,0,0,4,0,0,12,12,8,0,0,,,,20250108000357
450080,1311408,에코프로머티,0,0,2,4,2,5,7,1,0,7,,,,20250402002504
450140,1712485,코오롱모빌리티그룹,0,0,3,2,0,6,6,1,0,2,,,,20250318001337
451800,1669226,한화리츠,0,0,2,0,0,2,2,0,0,0,1586401656876.0,712472007685.0,710393030576.0,20250110000545
452260,1722437,한화갤러리아,0,0,2,3,1,4,5,0,0,14,,,,20250317000838
453340,1721809,현대그린푸드,0,0,4,3,0,7,7,0,0,13,955626273000.0,880317203000.0,,20250314000805
454910,1105153,두산로보틱스,0,0,4,3,0,7,7,0,0,3,,,,20250321001817
456040,1760738,OCI,0,0,2,3,1,4,5,0,0,0,,,,20250314001304
457190,1762569,이수스페셜티케미컬,0,0,3,1,0,4,4,0,0,8,299546745134.0,217960142410.0,,20250320001543
460850,1765256,동국씨엠,0,0,2,3,1,4,5,0,0,12,,,,20250317000943
460860,1765265,동국제강,0,0,2,3,1,4,5,0,0,20,3194015021446.0,3531787086236.0,,20250317000722
462520,1770203,조선내화,0,0,3,3,0,7,7,1,0,0,,,,20250311000815
462870,1384787,시프트업,0,0,3,3,1,6,7,1,0,5,,,,20250319000952
465770,1784394,STX그린로지스,0,0,2,2,1,4,5,1,0,0,,,,20250320001570
475150,1817081,SK이터닉스,0,0,1,1,0,4,4,2,0,3,731694676657.0,,,20250317000875
475560,968607,더본코리아,0,0,4,3,0,7,7,0,0,6,,,,20250320000574
480370,1210677,씨케이솔루션,0,0,3,3,0,7,7,1,0,23,,,,20250320001576
481850,1714997,신한글로벌액티브리츠,0,0,1,0,1,4,5,4,0,0,,,,20241118000337
483650,1649204,달바글로벌,0,0,2,2,1,4,5,1,0,5,,,,20250318000466
484870,1519790,엠앤씨솔루션,0,0,2,3,1,6,7,2,0,3,,,,20250319000653
487570,1854763,HS효성,0,0,3,0,0,3,3,0,0,12,,,,20250312000990
489790,1867758,한화비전,0,0,1,3,1,3,4,0,0,2,,,,20250317000812
499790,1882845,GS피앤엘,0,0,1,3,1,4,5,1,0,0,,,,20250311001121
900140,838500,엘브이엠씨,0,0,5,2,0,7,7,0,0,0,,,,20250425000879
950210,1510489,프레스티지바이오파마,0,0,2,5,3,7,10,1,0,2,512323973.0,564899607.0,386583053.0,20240919000201
