corp_code,corp_name,Audit Committee,Audit Committee ODs,Inside Directors,Outside Directors,Other Non-Exec Directors,Auditors,Female Voting,Male Voting,Voting Directors,Non Registered,Total Assets (2024),Total Assets (2023),Total Assets (2022),rcept_no
100939,강남제비스코,3,3,4,3,0,0,0,7,7,18,969739160656.0,985686727233.0,957791314832.0,20250318001036
101044,에이프로젠바이오로직스,0,0,3,1,0,1,0,4,4,9,590984471828.0,589396664797.0,684140416698.0,20250314001189
101220,KG케미칼,0,0,3,1,0,1,0,4,4,8,8160948249649.0,7818802674413.0,7076647392734.0,20250320001653
101433,경농,0,0,3,1,0,1,1,3,4,11,489019203715.0,448592733973.0,448632689252.0,20250317000859
101488,경동나비엔,0,0,5,3,0,1,0,8,8,30,1358870104798.0,1060557971487.0,1018019428372.0,20250318000908
101628,경방,0,0,3,1,0,1,1,3,4,7,1214347475924.0,1206860950940.0,1248318313535.0,20250320001362
101664,경보제약,0,0,3,1,0,1,1,3,4,8,283886655960.0,266305016913.0,240544942124.0,20250318001404
102113,경인양행,0,0,6,2,0,2,0,8,8,16,544969281413.0,538955972428.0,548252999063.0,20250320000738
102140,경인전자,0,0,2,1,0,1,0,3,3,3,80869826412.0,75127255780.0,68385030301.0,20250312000686
102432,계룡건설산업,3,3,4,3,0,0,0,7,7,41,2941317715233.0,2726892636022.0,2560028661008.0,20250318001013
102618,계양전기,0,0,3,4,0,0,0,7,7,14,192750825652.0,232056132248.0,297554555403.0,20250314001765
102751,고려산업,3,3,4,3,0,0,0,7,7,10,287854045821.0,277915943029.0,274703527826.0,20250312000333
102858,고려아연,4,4,3,14,3,0,3,17,20,45,14792322181548.0,12046071311650.0,12097918358974.0,20250331003521
103006,고려제강,3,3,6,4,0,1,1,9,10,9,2608977847007.0,2451280644242.0,2532768398255.0,20250515002790
103042,케이씨티시,0,0,2,2,2,1,0,6,6,13,762617949986.0,662097622202.0,630078626843.0,20250313001313
103130,플레이그램,0,0,4,2,0,1,0,6,6,2,336750096820.0,273648831677.0,303643329972.0,20250320001095
103176,흥국화재,3,3,3,4,0,3,0,7,7,19,12894689000000.0,12031553000000.0,12403741000000.0,20250320001444
103510,인지컨트롤스,0,0,2,1,0,1,1,2,3,0,685548746564.0,649103362179.0,606910470329.0,20250328001677
103592,광동제약,3,3,3,3,0,0,0,6,6,19,1170275148654.0,1078065491869.0,932023758862.0,20250325000803
103626,한솔피엔에스,3,2,4,2,1,0,0,7,7,1,127298015569.0,124852549093.0,134944512348.0,20250311001303
103662,광명전기,0,0,5,2,1,1,1,7,8,0,142679052793.0,187156634512.0,171758015274.0,20250321001712
104388,국도화학,0,0,5,3,1,1,1,8,9,37,1593312464298.0,1509561242743.0,1499093658603.0,20250321001221
104519,국보,0,0,2,1,0,2,0,3,3,0,75396030106.0,91419723256.0,109959854401.0,20250321001993
104698,LS네트웍스,3,3,3,3,0,0,0,6,6,4,9601505118160.0,1309219122467.0,1300442455061.0,20250325000971
104722,국제약품,0,0,3,3,0,0,0,6,6,7,165547573574.0,163259483207.0,136592862806.0,20250320000537
104768,가온전선,3,3,2,3,1,0,0,6,6,6,1042884426000.0,801805532000.0,752332445000.0,20250320000299
104786,미래아이앤지,0,0,3,1,0,1,0,4,4,0,74867189585.0,84461940667.0,97492843199.0,20250318000665
104856,삼성증권,3,3,2,4,0,0,1,5,6,27,62273916116630.0,56507909508834.0,53848261017182.0,20250306000628
104999,윌비스,3,3,3,3,2,0,0,8,8,0,294579163963.0,302851731273.0,270394721804.0,20250327001289
105101,INVENI,3,3,4,4,0,0,0,8,8,0,1213830244000.0,1358039481000.0,1491393801000.0,20250314000367
105156,극동유화,0,0,4,2,0,2,0,6,6,4,478555021568.0,430015236625.0,353076046774.0,20250320001025
105271,케이씨씨,3,3,3,4,0,0,0,7,7,0,13108550142754.0,13353471078397.0,13118486307658.0,20250313001099
105280,현대지에프홀딩스,3,3,3,3,0,0,0,6,6,9,10084911844000.0,5051682271000.0,3188881449000.0,20250321001489
105299,금강공업,0,0,4,3,0,0,0,7,7,9,1161899245538.0,1130467709471.0,1094801795415.0,20250319000431
105606,금호에이치티,0,0,3,1,0,1,1,3,4,6,433457378286.0,441768263473.0,426633825138.0,20250317000938
105855,엘에스일렉트릭,5,5,5,5,0,0,1,9,10,27,4485197464384.0,3732891934230.0,3322804977898.0,20250317000918
105873,LG디스플레이,4,4,2,4,1,0,2,5,7,86,32859566000000.0,35759298000000.0,35686019000000.0,20250312000906
105952,LS,3,3,3,4,0,0,1,6,7,10,20527939000000.0,18245954000000.0,17257356000000.0,20250326000601
105961,LG이노텍,4,4,2,4,1,0,1,6,7,42,11378212000000.0,11204306000000.0,9793618000000.0,20250318001384
106119,금양,0,0,5,3,0,2,0,8,8,17,1256933888453.0,703467371639.0,278599452437.0,20250321001823
106313,금호건설,3,0,1,0,0,0,0,1,1,25,1552771308059.0,1692362777882.0,1691163707318.0,20250317000545
106368,금호석유화학,3,3,3,7,0,1,2,8,10,37,8340238952259.0,7979694633685.0,7717403072460.0,20250317000810
106395,금호전기,0,0,4,1,1,1,0,6,6,2,33341564828.0,52905126549.0,62193732605.0,20250318000723
106614,기신정기,0,0,3,1,0,2,0,4,4,3,263468768678.0,265146139041.0,265059186517.0,20240613000239
106623,현대위아,3,3,3,4,0,0,1,6,7,0,7075991000000.0,6825905000000.0,7546451000000.0,20250313000158
106641,기아,4,4,3,5,0,0,3,5,8,0,92755874000000.0,80627826000000.0,73710965000000.0,20250313001390
106669,세아베스틸지주,4,4,3,4,0,0,1,6,7,5,3826646864046.0,3665171000621.0,3818404052059.0,20250318000465
106881,인디에프,0,0,2,1,0,1,0,3,3,3,121334436238.0,115588583093.0,119745167372.0,20250320001282
107066,남광토건,0,0,3,1,0,1,0,4,4,13,417033569966.0,377327938424.0,345922884373.0,20250318000968
107224,남선알미늄,0,0,3,1,0,1,0,4,4,4,404717544888.0,432707600573.0,401195143871.0,20250320001238
107598,남양유업,0,0,1,1,2,1,0,4,4,0,724193724088.0,779727608033.0,890458284919.0,20250328000090
107613,이수페타시스,0,0,3,1,0,1,0,4,4,0,790136366426.0,626436318507.0,546014160739.0,20250321001007
107677,비비안,0,0,5,2,0,1,3,4,7,0,257400328225.0,191082593771.0,201061180940.0,20250321001351
107987,남해화학,3,3,5,7,1,0,0,13,13,0,773830396996.0,833548600274.0,902896419890.0,20250320001346
108038,엔피씨,0,0,3,1,0,1,0,4,4,8,577610425954.0,537632854213.0,527275693474.0,20250321001553
108135,녹십자홀딩스,0,0,3,1,0,1,0,4,4,8,3670572248630.0,3737707402310.0,3592060734923.0,20250318001422
108241,농심,4,4,3,4,0,0,1,6,7,28,3597461570702.0,3234751426458.0,3034718535547.0,20250312000711
108612,DS단석,0,0,4,3,0,0,0,7,7,10,735819053361.0,718904136635.0,565587169489.0,20250321001800
108746,DKME,0,0,4,2,1,1,0,7,7,4,213873418416.0,220114642087.0,192687257308.0,20250320001708
108913,대교,0,0,5,3,2,0,1,9,10,15,605264594892.0,604526705400.0,666723788672.0,20250317000864
108940,대성홀딩스,3,3,4,3,0,0,1,6,7,1,1249662505720.0,1245982849279.0,1391346077818.0,20250320000999
108977,대구백화점,0,0,3,3,0,0,2,4,6,0,432188136396.0,467423344729.0,470347262546.0,20250321000349
109161,태경케미컬,0,0,2,1,0,3,0,3,3,4,184309192873.0,182882306558.0,167391898805.0,20250318000825
109189,대덕,0,0,3,1,0,1,0,4,4,2,1817762218175.0,1835312625998.0,1903351069081.0,20250320001383
109286,대동,3,3,3,4,0,0,0,7,7,18,2132627316122.0,1956376110942.0,1713773205581.0,20250318001356
109514,티웨이홀딩스,0,0,3,2,0,1,0,5,5,2,187678000054.0,215388359744.0,210718177191.0,20250321001276
109693,DL,3,3,1,3,1,0,1,4,5,3,12535315407584.0,12119563559885.0,12004032770242.0,20250317000751
109718,사조대림,3,3,4,3,1,0,0,8,8,9,2123550790244.0,1262971666006.0,1168252667285.0,20250312000891
109754,대림바스,0,0,3,1,0,1,0,4,4,11,348281817560.0,347656027998.0,337590812772.0,20250321001769
109806,삼일씨엔에스,3,3,4,3,0,0,0,7,7,5,394071619838.0,354907802821.0,411440527283.0,20250320001188
109824,대림통상,0,0,3,1,0,2,2,2,4,6,162827837044.0,177143797015.0,171792618625.0,20250320001663
110608,DSR,2,2,2,2,0,0,0,4,4,9,363394228331.0,343481015258.0,364710386862.0,20250227006937
110893,대신증권,3,3,4,5,0,1,1,8,9,35,26396108665000.0,22643488792000.0,21210735463000.0,20250313001301
111111,대양금속,0,0,5,2,0,1,1,6,7,5,140278881981.0,151056760486.0,400877091044.0,20250731000398
111421,휴니드테크놀러지스,0,0,3,1,0,1,0,4,4,16,241011444524.0,299334914118.0,304125357471.0,20250310000706
111458,대영포장,0,0,5,3,0,0,1,7,8,7,225080501521.0,221137778791.0,247356883299.0,20250320001314
111689,아진전자부품,0,0,3,1,0,1,0,4,4,4,102542697306.0,94593219371.0,91241229943.0,20250321001016
111704,한화오션,3,3,3,5,1,0,1,8,9,70,17843809161295.0,13944772692394.0,12235665304876.0,20250314001630
111722,미래에셋증권,3,3,6,4,0,1,1,9,10,127,137176998056307.0,128206948648964.0,106952189880235.0,20250515002814
111810,대웅,1,0,2,3,0,1,0,5,5,2,2720693911174.0,2359277174097.0,2158905107252.0,20250401003907
111847,대원강업,0,0,3,5,0,1,0,8,8,16,1302349327000.0,1026303659000.0,1010418826000.0,20250324000486
111999,대원제약,3,3,3,3,0,0,0,6,6,0,583388833683.0,507998342357.0,453550065821.0,20250320001537
112022,대원화성,3,2,2,2,0,0,0,4,4,0,152521491003.0,138374975185.0,130913447074.0,20250320001317
112059,상상인증권,0,0,2,3,0,0,0,5,5,9,1230922556862.0,2173761439448.0,598057726910.0,20250318001083
112165,디아이씨,0,0,3,2,0,1,0,5,5,18,715046567485.0,684084841557.0,648233574145.0,20250321001173
112332,미래에셋생명,3,3,3,4,0,1,1,6,7,30,32493623714996.0,33092023489392.0,35041511155617.0,20250331003228
112378,KR모터스,0,0,2,1,0,1,0,3,3,0,85272527872.0,138570416599.0,149185245583.0,20250319000576
112651,대창,0,0,2,1,0,1,0,3,3,11,838561578459.0,759532652404.0,840153818480.0,20250318001233
112679,대창단조,3,3,3,3,0,0,0,6,6,0,372341113498.0,334751849114.0,338228490208.0,20250320000634
112970,대한방직,0,0,4,2,0,1,0,6,6,0,185398515032.0,180718514592.0,210639557874.0,20250313001407
112998,서울보증보험,3,3,2,6,1,0,2,7,9,9,,,,20250324000440
113058,한화생명,3,3,3,4,0,1,1,6,7,60,160146430758072.0,147901842899949.0,146310480564015.0,20250331003702
113191,코리안리,3,3,2,4,1,1,1,6,7,9,13160392022865.0,12066324170936.0,11017223863261.0,20250331003380
113207,대한전선,3,3,2,3,1,0,0,6,6,42,2642726208000.0,1878565100000.0,1620264871000.0,20250325001056
113225,대한제강,0,0,3,1,0,2,0,4,4,8,1149797079037.0,1115779074661.0,1220496809666.0,20250320000395
113234,대한제당,0,0,3,2,1,0,0,6,6,11,1233543025000.0,1185391612000.0,1219466296000.0,20250313001084
113243,대한제분,0,0,3,1,0,1,0,4,4,11,1560462376675.0,1401353854060.0,1318431898542.0,20250313001408
113359,교보증권,3,3,2,5,0,0,0,7,7,19,15898332583027.0,15593363016079.0,13417260497201.0,20250313000901
113410,CJ대한통운,3,3,3,3,0,0,1,5,6,0,9743855522383.0,9357587266747.0,9693299818264.0,20250317000953
113492,깨끗한나라,0,0,4,1,0,1,1,4,5,9,621077310491.0,641522252002.0,661046979250.0,20250320000849
113508,노루홀딩스,0,0,3,2,0,1,0,5,5,4,1214838948245.0,1188823571530.0,1171989377978.0,20250313001148
113526,대한항공,4,4,4,6,0,1,1,9,10,76,47012065940089.0,30391776029656.0,28997701022484.0,20250318001334
113535,대한해운,6,6,4,6,0,1,1,9,10,10,4580381441177.0,4727803814347.0,4490260111628.0,20250320001093
113544,대한화섬,3,3,2,4,1,1,0,7,7,5,820584705338.0,860872753953.0,836764531649.0,20250320001114
113562,롯데손해보험,3,3,2,3,0,1,0,5,5,25,15541477889770.0,14912417300957.0,16764540172423.0,20250424000557
113614,대현,3,3,3,3,0,0,0,6,6,7,306459203587.0,309337533919.0,297649820407.0,20250321001236
113997,롯데에너지머티리얼즈,0,0,2,2,0,1,1,3,4,13,2282023058453.0,2392246607934.0,2430279801877.0,20250314001597
114093,덕성,0,0,3,3,0,0,0,6,6,0,136247328127.0,126819096992.0,125172358791.0,20250317000503
114154,디와이덕양,0,0,4,3,0,1,1,6,7,12,558566600775.0,573648655244.0,520217537029.0,20250317000666
114552,도화엔지니어링,3,3,7,3,0,0,1,9,10,0,605181373534.0,605100050298.0,522590275567.0,20250319000715
114765,케이비아이동국실업,0,0,2,1,0,1,0,3,3,5,764811017139.0,622237518375.0,553570561673.0,20250319000773
114792,동국홀딩스,0,0,2,1,0,1,0,3,3,1,2509278276042.0,2421648337449.0,6451247796882.0,20250318001457
115065,동남합성,0,0,3,2,0,0,1,4,5,2,96866644254.0,97568839749.0,92085226130.0,20250311000605
115287,동방,0,0,4,2,0,1,0,6,6,14,630330388517.0,599319321340.0,567964926094.0,20250320001398
115384,동방아그로,0,0,3,1,0,1,0,4,4,6,238666824251.0,224384203562.0,216528029378.0,20250313000657
115612,동부건설,0,0,3,2,0,2,0,5,5,25,1651094133285.0,1807512336047.0,1581700494344.0,20250321000777
115676,KG스틸,3,2,2,4,1,0,0,7,7,14,3341371364302.0,3195514054360.0,3051507326663.0,20250318001327
115694,DB증권,3,3,2,3,0,1,0,5,5,35,10670641837509.0,10211959858311.0,9757370294448.0,20250317000605
115977,아이에스동서,3,3,3,5,0,0,1,7,8,0,3553988560322.0,4237373316087.0,3737786456047.0,20250319001050
116268,동성제약,0,0,2,1,0,1,0,3,3,16,151912649154.0,114973284037.0,107702060968.0,20250321001375
116301,NI스틸,0,0,3,1,0,1,0,4,4,14,473689516733.0,447987063260.0,397444642902.0,20250313000820
116824,동아쏘시오홀딩스,3,3,2,5,0,1,0,7,7,8,2030483787016.0,1957106350366.0,1731452067203.0,20250321001899
116949,DN오토모티브,0,0,3,2,0,1,0,5,5,45,5006031529000.0,4567386501000.0,4591590751000.0,20250313001452
117027,알루코,3,3,3,3,0,0,0,6,6,8,954000570292.0,861149661387.0,816932966181.0,20250318000832
117179,디와이,0,0,6,2,0,1,0,8,8,7,1003494179959.0,930244752630.0,861083032957.0,20250312001047
117188,효성,3,3,2,6,0,0,1,7,8,38,4340864429768.0,5088858301845.0,5267284720508.0,20250313001006
117212,두산,4,4,4,4,0,0,1,7,8,0,30143063000000.0,28286809000000.0,26315353000000.0,20250321001806
117230,TYM,4,4,4,4,0,0,1,7,8,5,836567835684.0,849110905422.0,782128426554.0,20250319000651
117267,동양생명,3,3,2,4,1,0,1,6,7,16,34547211856250.0,32869437390169.0,34866586937074.0,20250331000321
117300,TCC스틸,0,0,3,1,0,2,0,4,4,10,573950624572.0,559737446490.0,507482316790.0,20250319000643
117337,동양,3,3,3,3,0,0,1,5,6,12,1316088357178.0,1099649987596.0,983550240798.0,20250320001075
117498,스틱인베스트먼트,3,3,4,3,0,0,0,7,7,27,264651295308.0,284857118798.0,253949338421.0,20250320001381
117577,오리온홀딩스,3,3,2,3,0,0,2,3,5,0,5933196336149.0,5138300057884.0,5102168431194.0,20250318000980
117601,유안타증권,3,3,1,3,1,1,0,5,5,33,16800267411000.0,16461846690000.0,13419879837000.0,20250313000247
117629,동양철관,0,0,2,1,0,1,0,3,3,4,192335715993.0,208762933559.0,183082959042.0,20250317000788
117726,DYP,3,3,4,3,0,0,1,6,7,0,413955272202.0,372634565534.0,374266034502.0,20250321001077
118008,동원금속,0,0,3,3,0,0,0,6,6,20,478904741185.0,487867520934.0,456870590279.0,20240619000177
118026,동원산업,3,3,3,4,0,0,1,6,7,17,7158211208881.0,7725142829294.0,7061179537459.0,20250318001125
118044,동원수산,0,0,3,1,0,1,0,4,4,9,108869307630.0,114611865652.0,121789602384.0,20250404003738
118266,DRB동일,0,0,1,3,1,0,1,4,5,0,982414184864.0,963651592108.0,945238494728.0,20250313000850
118275,디아이,0,0,3,2,1,1,0,6,6,0,319610580416.0,280589482061.0,274585823020.0,20250313001050
118345,디아이동일,0,0,4,4,0,1,1,7,8,6,1013743449745.0,975653234729.0,997884899051.0,20250331004012
118451,동일제강,3,3,4,3,0,0,0,7,7,0,171801171723.0,179232275038.0,179708719037.0,20250424000289
118521,진원생명과학,0,0,2,1,0,1,0,3,3,5,151334407812.0,151007705312.0,222866686597.0,20250318000646
118965,티에이치엔,0,0,3,1,0,1,1,3,4,10,454354334361.0,402977300428.0,371353957512.0,20250319001022
119007,무림P&P,3,3,2,3,0,0,0,5,5,10,1691457264967.0,1622970089396.0,1604057802775.0,20250314001672
119140,핸즈코퍼레이션,3,3,5,3,1,0,0,9,9,7,885079753443.0,976559117445.0,862588714003.0,20250321001881
119195,동화약품,0,0,4,3,0,0,1,6,7,13,619634925512.0,558520067703.0,461136459052.0,20250318000739
119672,두올,3,2,3,2,2,0,1,6,7,0,514202251500.0,477089681561.0,462171290214.0,20250318001138
120021,LG,4,4,3,4,0,0,1,6,7,17,31639273000000.0,30253085000000.0,29633677000000.0,20250318001070
120030,GS건설,3,3,2,4,1,0,1,6,7,40,17803293924556.0,17707298538013.0,16946616696898.0,20250325001066
120076,LX인터내셔널,3,3,2,4,1,0,1,6,7,15,8930865616216.0,7995340730864.0,7719007333629.0,20250320000626
120182,NH투자증권,2,2,1,5,1,1,1,6,7,51,62427065000000.0,56697893000000.0,53428267000000.0,20250313000770
120526,롯데쇼핑,3,3,3,5,0,0,2,6,8,0,39003044584713.0,30644698696537.0,31703575873070.0,20250314001659
120562,롯데지주,3,3,5,5,0,0,1,9,10,34,22660277693897.0,23160430746458.0,22175416666050.0,20250620000111
120571,롯데칠성음료,5,5,6,5,0,0,3,8,11,26,4372529473212.0,4257669750821.0,3695935640310.0,20250317000932
120872,만호제강,0,0,3,1,0,0,0,4,4,6,204811085193.0,256575339407.0,258305672651.0,20250805000299
121039,명문제약,0,0,2,1,0,1,0,3,3,10,257987686198.0,236548793649.0,230449822959.0,20250326000618
121288,모나미,0,0,3,1,0,2,0,4,4,4,199293931372.0,195918816223.0,218432623722.0,20250321000631
121534,MH에탄올,0,0,3,1,0,1,0,4,4,6,401701920783.0,445231562517.0,447440404391.0,20250312000625
121543,무학,3,3,4,3,0,0,1,6,7,2,680447311689.0,639327517358.0,605739795014.0,20250324000610
121570,문배철강,0,0,3,1,0,1,1,3,4,2,224208819934.0,231645964686.0,206906858449.0,20250708000057
121932,미원상사,3,3,4,3,0,0,0,7,7,0,478696089051.0,447566168775.0,415619324562.0,20250317000651
121941,대상,4,4,0,0,0,0,0,0,0,51,3509835110048.0,3334370027478.0,3190196448368.0,20250321000555
121969,에쓰씨엔지니어링,0,0,5,4,1,2,1,9,10,5,111856083779.0,99303952812.0,106506525380.0,20250326001145
122056,미창석유공업,0,0,3,2,1,1,1,5,6,5,488925013884.0,416240456536.0,357326202513.0,20250321001415
122348,방림,0,0,3,1,0,1,0,6,6,2,231627131187.0,243460571984.0,265220043723.0,20241219000406
122472,PKC,3,3,2,3,0,0,0,5,5,0,464295668847.0,426908196303.0,404267600510.0,20250318001326
122481,태경비케이,0,0,2,1,0,3,0,3,3,5,385609175182.0,378041031409.0,361240178636.0,20250320001058
122551,백산,0,0,3,1,0,1,0,4,4,1,457884953600.0,351920466967.0,338873471894.0,20250319000644
122579,BYC,0,0,7,3,0,3,0,10,10,6,696400955313.0,685663060325.0,668872026401.0,20250320001026
122694,범양건영,0,0,4,2,0,1,0,6,6,8,187184486500.0,192910732982.0,215054261704.0,20250605000505
122737,팬오션,4,4,3,4,0,0,1,6,7,13,10271506000000.0,7853946000000.0,7548942000000.0,20250318000777
122825,인스코비,0,0,4,2,1,1,0,7,7,5,90729786743.0,76484143419.0,101183784087.0,20250321001886
122898,벽산,0,0,1,3,0,1,0,4,4,7,640284164647.0,620426943865.0,601820033901.0,20250321001224
123107,보락,0,0,2,1,0,1,0,3,3,5,59282151485.0,57928435922.0,60912251547.0,20250321000822
123143,보령,0,0,4,2,0,1,1,5,6,23,1164086929992.0,915511541054.0,892385915179.0,20250320001237
123541,보해양조,0,0,3,1,0,1,1,3,4,7,138831713491.0,143300746774.0,147392500947.0,20250318001002
123718,부광약품,3,3,1,3,0,0,0,4,4,0,373180311828.0,429017049398.0,400929188514.0,20250318000877
123772,부국증권,3,3,4,3,0,1,0,7,7,46,1651368375233.0,1770492019487.0,1481429884085.0,20250319000744
123781,부국철강,0,0,2,1,0,1,0,3,3,0,153106976657.0,156095854681.0,153622003905.0,20250320000887
124027,부산산업,0,0,3,2,0,1,0,5,5,3,335401253997.0,278200798954.0,134678926321.0,20250320000250
124090,한국특강,3,3,3,3,0,0,0,6,6,5,550648594083.0,560997435417.0,547808387659.0,20250321001284
124151,부산주공,3,3,1,3,0,0,0,4,4,3,226336878948.0,232856662011.0,233931779498.0,20250521000343
124197,세아제강지주,0,0,3,1,0,1,0,4,4,2,5555573758508.0,4340755996109.0,3572067658664.0,20250317000708
124504,포스코인터내셔널,3,3,2,5,1,0,1,7,8,0,17336325971000.0,16617748008000.0,12516336931000.0,20250314001718
124540,대우건설,4,4,1,6,0,1,2,5,7,85,12658456266814.0,11243136483407.0,11140353752210.0,20250318000982
124726,빙그레,0,0,4,2,0,1,0,6,6,8,1003074746009.0,890717259861.0,769266587599.0,20250312000859
124780,사조씨푸드,3,3,3,3,1,0,0,7,7,2,337828786614.0,320138049682.0,350700454619.0,20250311000913
124799,사조산업,3,3,4,3,1,0,0,8,8,3,1216795673119.0,1169759640111.0,1166611978191.0,20250312000903
125080,AK홀딩스,3,3,4,3,1,0,1,7,8,1,5336874928103.0,5314995084396.0,4985365771362.0,20250318001263
125150,SGC에너지,0,0,4,2,0,1,0,6,6,0,3436299886778.0,2967510633959.0,3054362176494.0,20250312001090
125521,에스엘,3,3,3,4,0,0,1,6,7,0,3698864220516.0,3235734467246.0,2931636940305.0,20250318000826
125530,SPC삼립,3,3,3,3,0,0,0,6,6,23,1240796531981.0,1293732304548.0,1295399585606.0,20250318001175
125576,체시스,0,0,4,2,0,0,0,6,6,4,83146042729.0,90568081356.0,84258477019.0,20250321001138
125743,현대비앤지스틸,3,3,3,3,1,0,0,7,7,6,753622046641.0,792550276136.0,857843841402.0,20250321001499
125974,삼부토건,0,0,3,1,0,2,0,4,4,14,300331502195.0,513742450417.0,498726793527.0,20250407003073
126089,DH오토넥스,0,0,3,1,0,0,0,4,4,0,66061636175.0,74273121353.0,543210276853.0,20250604000001
126186,삼성에스디에스,3,3,3,4,0,0,1,6,7,0,13238330251696.0,12321024561023.0,11952424889489.0,20250311001129
126201,삼성공조,1,1,3,1,0,1,0,4,4,3,322603910471.0,313423840444.0,308654791181.0,20250320001319
126256,삼성생명,3,3,2,4,0,0,1,5,6,58,312218844000000.0,314655050000000.0,296234163000000.0,20250331004004
126292,삼성카드,3,3,2,4,0,0,1,5,6,24,29494082851904.0,28806533713375.0,29623192873201.0,20250312000920
126308,삼성E&A,3,3,3,4,0,0,1,6,7,0,10013337796132.0,7801398613122.0,7848723222714.0,20250312001103
126362,삼성SDI,3,3,3,4,0,0,2,5,7,0,40597344536357.0,34038860192967.0,30257525171127.0,20250311001275
126371,삼성전기,3,3,3,4,0,0,2,5,7,0,12792402920884.0,11657871601848.0,10997170898641.0,20250311001190
126380,삼성전자,3,3,3,6,0,0,2,7,9,0,514531948000000.0,455905980000000.0,448424507000000.0,20250311001085
126414,삼성제약,0,0,4,2,0,1,0,6,6,0,128451959179.0,93479032024.0,117914808538.0,20250319000845
126478,삼성중공업,3,3,3,4,0,0,1,6,7,34,17194637128138.0,15593389152394.0,14491697984864.0,20250319000397
126487,F&F 홀딩스,3,3,4,3,0,0,0,7,7,2,4033253443201.0,3840524557786.0,3595118444613.0,20250318000985
126566,한화에어로스페이스,3,3,3,4,0,0,1,6,7,111,43336873685473.0,19542899925708.0,15151828043299.0,20250317000990
126779,삼아알미늄,0,0,2,2,4,0,0,8,8,8,436163754728.0,404298806447.0,288153289588.0,20250313001287
126937,삼양홀딩스,4,4,3,4,0,0,0,7,7,12,5290507469287.0,5154457321588.0,4547780622106.0,20250320000941
126955,삼양식품,3,3,4,4,0,0,2,6,8,11,1594782196967.0,1170302770895.0,924929490964.0,20250318001186
127042,삼양통상,3,3,3,3,0,0,0,6,6,0,454131400837.0,454751843435.0,457536775769.0,20250321001357
127158,씨아이테크,0,0,5,2,0,1,0,7,7,0,91803642408.0,90579937958.0,94190035332.0,20250321000753
127167,삼영무역,3,3,1,3,0,0,1,3,4,5,728709407076.0,675612520563.0,624208062873.0,20250318000675
127200,삼영전자공업,0,0,6,2,0,1,0,8,8,0,557296058316.0,544042879787.0,543607709814.0,20250320001464
127255,삼영,0,0,3,2,0,0,0,5,5,0,136049880807.0,132156558539.0,135833316129.0,20250320000750
127802,삼익THK,3,3,4,3,2,0,1,8,9,1,463599405877.0,473605961393.0,444027583867.0,20250313001328
127857,삼익악기,0,0,3,1,0,0,0,4,4,0,524982806967.0,534158280214.0,521558832964.0,20250710000455
128032,삼일제약,0,0,3,3,0,0,0,6,6,6,395071163939.0,370680097036.0,356700496639.0,20250328001724
128227,삼정펄프,0,0,2,1,0,1,0,3,3,0,298459252351.0,245334463702.0,232663818640.0,20250327001293
128412,삼진제약,3,3,5,3,0,0,2,6,8,19,425166281599.0,419901236797.0,406556944095.0,20250313001200
128555,삼천리,3,3,2,3,0,2,1,4,5,30,4518198223654.0,4432766185103.0,5021952466150.0,20250313000950
128980,삼호개발,0,0,3,1,0,1,0,4,4,9,345696628502.0,328385015731.0,282392862209.0,20250317000096
129013,CJ씨푸드,0,0,3,1,0,1,0,4,4,1,173079219891.0,168208968603.0,143409086635.0,20250317000808
129235,삼화왕관,0,0,2,1,0,2,0,3,3,6,203950424754.0,201158073368.0,222783556966.0,20250320000947
129271,삼화전기,0,0,5,2,1,2,0,8,8,3,173158472097.0,139238488628.0,139115269782.0,20250313000817
129280,삼화전자공업,0,0,3,1,0,1,0,4,4,0,70192709528.0,73014231901.0,68742292985.0,20250313000955
129350,삼화콘덴서공업,0,0,6,2,0,1,0,8,8,8,328114248167.0,308031065017.0,287453832625.0,20250313000953
129387,삼화페인트공업,0,0,3,2,0,1,0,5,5,0,619315087530.0,590613614037.0,587186274133.0,20250312000816
129420,까뮤이앤씨,3,3,3,3,0,0,0,6,6,2,276541274780.0,255548356312.0,195489393903.0,20250321001470
129509,한익스프레스,0,0,2,1,0,1,0,3,3,5,400183680273.0,427530518024.0,407946966305.0,20250319000814
129554,갤럭시아에스엠,0,0,1,1,2,1,0,4,4,1,69828890819.0,90043246014.0,57863011528.0,20250320001142
129642,상신브레이크,3,3,3,3,0,0,0,6,6,15,591078392906.0,564873378508.0,544569685947.0,20250314001195
129679,녹십자,3,3,3,4,0,0,1,6,7,22,2743875851979.0,2643313917487.0,2525537081269.0,20250318001288
129989,코스모신소재,3,3,4,3,0,0,0,7,7,10,784541943950.0,672673343828.0,451321116581.0,20250314000812
130091,샘표,0,0,2,1,0,1,0,3,3,0,479780920010.0,474583602862.0,465919907060.0,20250314000972
130684,서울도시가스,3,3,4,3,0,0,0,7,7,9,1765962363102.0,1777219780282.0,1871342447045.0,20250703000161
130772,SBS,0,0,2,4,0,0,0,6,6,4,1512366601922.0,1346398451632.0,1407888696660.0,20250320001108
130879,서울식품공업,0,0,4,2,2,1,1,7,8,1,66307712853.0,70814890787.0,70853362024.0,20250320000850
131054,유진증권,3,3,2,2,0,1,0,4,4,26,9646708149349.0,8699332043240.0,8076408298781.0,20250318000789
131197,서원,0,0,2,1,0,1,0,3,3,5,981647961482.0,246997268553.0,266232857341.0,20250320001156
131692,서흥,0,0,3,1,0,0,0,4,4,22,1017698965497.0,993737055884.0,926418535898.0,20250320000847
131780,SK네트웍스,3,3,2,4,1,0,1,6,7,0,5157129000000.0,9110359000000.0,9499259000000.0,20250318000975
131832,SK디스커버리,4,4,4,4,0,0,1,7,8,16,15077692130416.0,12250710294978.0,11780098492498.0,20250318001277
131850,SK증권,3,3,4,6,1,1,2,9,11,66,6109295395638.0,6449093771600.0,6464840829921.0,20250319001113
131939,선도전기,0,0,2,3,0,1,0,5,5,0,86471435747.0,92323070165.0,113976352843.0,20250321001723
132211,SUN&L,0,0,3,1,0,1,0,4,4,4,502781287038.0,628100647252.0,524434319704.0,20250321001205
132354,쿠쿠홀딩스,3,3,1,3,1,0,0,5,5,3,1369865450719.0,1248108717577.0,1149528707692.0,20250317000970
132628,성문전자,0,0,3,1,0,0,0,4,4,1,75426856694.0,60912720397.0,57241315662.0,20250320000385
132637,동원시스템즈,0,0,2,1,0,1,0,3,3,17,1552612232456.0,1535857779602.0,1451669982270.0,20250318000868
132725,SB성보,0,0,3,3,0,0,2,4,6,2,216746717512.0,165627371912.0,170785287337.0,20250318000798
132804,성신양회,0,0,2,3,0,0,0,5,5,15,1366487636273.0,1310199052559.0,1187583002030.0,20250312000954
132868,성안머티리얼스,0,0,3,1,0,1,0,4,4,0,116893023052.0,128439236485.0,123872501880.0,20250320000581
133335,성창기업지주,0,0,2,1,0,1,0,3,3,5,719893318041.0,769067174916.0,820314254965.0,20250317000553
133511,SG세계물산,0,0,2,1,0,1,0,3,3,4,308253370839.0,303534566762.0,303815670161.0,20250318000626
133618,세기상사,0,0,3,2,0,1,0,5,5,0,50104587055.0,50999114290.0,51641840702.0,20250318000783
133706,한국제지,0,0,3,1,0,1,0,4,4,0,755097664409.0,736849822539.0,670596098546.0,20250314001620
133812,세방,3,3,4,3,0,0,0,7,7,6,1480281617589.0,1345241646591.0,1280973786600.0,20250318000667
133858,세방전지,3,3,4,3,1,0,0,8,8,0,2094117786877.0,1840970162003.0,1676981981164.0,20250312000986
133991,세아특수강,0,0,3,1,0,1,0,4,4,10,690146270816.0,693805240728.0,690192115483.0,20250314001717
134176,세우글로벌,0,0,4,2,0,1,1,5,6,0,56576212583.0,54508701606.0,49888720541.0,20250321001830
134316,세원정공,0,0,3,3,0,0,0,6,6,2,725562845976.0,674081857072.0,628831844307.0,20241122000438
134477,SNT다이내믹스,0,0,3,1,0,1,0,4,4,0,1034086066876.0,1056904317494.0,930994305130.0,20250220001259
134510,SJG세종,0,0,4,2,0,1,0,6,6,25,1240617966721.0,1151805423714.0,1149427317637.0,20250317000672
134565,이스타코,0,0,2,1,0,1,1,2,3,2,77931992229.0,79504419607.0,79791361051.0,20250320000234
134723,페이퍼코리아,0,0,2,1,1,1,0,4,4,3,490046182315.0,491668368146.0,501830145462.0,20250320001403
134963,송원산업,0,0,3,1,0,1,0,4,4,10,1180193000000.0,1089744000000.0,1217311000000.0,20250311000263
135050,팜젠사이언스,0,0,6,2,0,0,1,7,8,0,363450447280.0,342007721613.0,322591204143.0,20250321000584
135111,수산세보틱스,3,3,3,3,1,0,1,6,7,13,237238550555.0,263117529522.0,261731135173.0,20250321001765
135777,신대양제지,3,3,6,3,0,0,3,6,9,2,875922548735.0,876212192768.0,884529889834.0,20250320001290
135795,신도리코,3,3,2,3,0,0,0,5,5,5,1143580683305.0,1078782998517.0,1038493447520.0,20250715000025
135917,한화손해보험,3,3,3,4,0,0,1,6,7,36,19834160583099.0,18115263746011.0,17173511589408.0,20250331003267
135962,신라교역,0,0,3,1,0,1,0,4,4,0,764717279119.0,748620183007.0,716401497952.0,20250515002241
136086,무림페이퍼,3,3,2,3,0,0,0,5,5,7,2482701674586.0,2392625541633.0,2429133745988.0,20250317000368
136271,신성이엔지,0,0,3,3,0,0,2,4,6,0,605269638823.0,587747541244.0,577555245278.0,20250318001079
136341,신성통상,0,0,2,1,0,1,0,3,3,32,1162642752327.0,1068743768230.0,1022207108798.0,20240919000331
136378,신세계,3,3,3,4,0,0,1,6,7,0,15071774121951.0,14751983355128.0,14348412322688.0,20250312001128
136402,신송홀딩스,0,0,2,1,0,2,0,3,3,1,254881524377.0,242937272679.0,242350721393.0,20250318001436
136457,SH에너지화학,0,0,2,3,1,0,1,5,6,3,110375913378.0,120793105133.0,124160292131.0,20250320000777
136624,신영와코루,0,0,5,3,0,2,0,8,8,1,404169290573.0,401719803161.0,425804458911.0,20250313000876
136721,신영증권,3,3,4,3,0,2,0,7,7,30,10609935089040.0,10198800404537.0,11085013453233.0,20240612000337
136776,제이준코스메틱,0,0,3,2,0,1,1,4,5,0,38915573941.0,48355454222.0,48387026626.0,20250319000718
136864,신원,0,0,5,2,0,2,0,7,7,21,628902089244.0,545009762942.0,510124893723.0,20250328001269
137207,유니켐,0,0,4,2,0,2,0,6,6,7,186320012345.0,219549496423.0,434878230535.0,20250807000215
137252,사조동아원,0,0,4,3,1,0,0,8,8,5,455306449952.0,448802368727.0,481673723451.0,20250312000522
137359,신풍제약,0,0,2,4,0,0,0,6,6,7,342092805074.0,350083639799.0,361536058296.0,20250320000996
137368,신풍,0,0,2,1,0,1,0,3,3,1,75317579119.0,104190908681.0,112417896625.0,20250320000149
137809,SHD,0,0,2,2,0,0,1,3,4,0,81970747264.0,84766158128.0,88291972478.0,20250318000112
137997,현대차증권,3,3,1,3,0,1,1,3,4,28,11991996000000.0,11585257000000.0,10233054000000.0,20250320001241
138057,써니전자,0,0,3,1,0,1,0,4,4,2,85143471743.0,82497512373.0,76509689752.0,20250317000934
138190,GS글로벌,0,0,2,3,3,0,0,8,8,5,1439641460000.0,1401098380000.0,1419412958000.0,20250318001328
138242,KG모빌리티,5,5,4,6,0,0,1,9,10,24,3104452196541.0,2636056902325.0,2001907294250.0,20250318000528
138260,SIMPAC,0,0,3,1,0,0,0,4,4,0,1079604688000.0,1057913470000.0,965098439000.0,20250328001694
138279,S-Oil,4,4,1,6,4,1,2,9,11,58,24451433000000.0,21576123000000.0,19613135000000.0,20250319000503
138297,STX,0,0,1,1,1,1,1,2,3,2,576408000000.0,578680000000.0,741784000000.0,20250320001714
138516,아남전자,0,0,3,1,0,1,0,4,4,7,148788013.0,164226601.0,213647673.0,20250326000254
138701,아세아,0,0,4,2,0,1,1,5,6,1,3334279155000.0,3272086007000.0,3182375948000.0,20250312000788
138729,아세아제지,0,0,5,2,0,1,1,6,7,12,1026484518181.0,1048177764841.0,1034948261694.0,20250312000916
138792,아시아나항공,4,4,2,4,0,1,1,5,6,28,13449903474132.0,13016745781139.0,13455341411799.0,20250318000756
139214,삼성화재해상보험,4,4,3,4,0,1,2,5,7,58,87269492540789.0,85019029989421.0,80796010435039.0,20250328001868
139454,애경산업,3,3,4,3,1,0,0,8,8,7,499351468105.0,482372595474.0,482639615354.0,20250314001008
139764,에넥스,0,0,3,1,0,1,0,4,4,1,142489241515.0,144034594170.0,128080156342.0,20250318001112
139834,LG씨엔에스,4,4,1,4,2,0,1,6,7,48,4504507763000.0,4040679600000.0,3865135143000.0,20250311001270
139889,SKC,3,3,2,4,1,1,2,5,7,17,6748678536179.0,7032322131682.0,6393092564908.0,20250318001448
140131,키다리스튜디오,0,0,2,1,1,1,0,4,4,7,330388215837.0,345048625403.0,377747851000.0,20250319000526
140168,HS애드,3,2,2,2,2,0,2,4,6,11,553072913927.0,547772703203.0,542150546103.0,20250311001196
140177,GS리테일,3,3,2,4,1,0,1,6,7,0,7581643378910.0,10042015942614.0,9832423124845.0,20250312000991
140779,영보화학,0,0,3,2,0,1,0,5,5,3,202580696056.0,179035625324.0,180449397115.0,20250312000962
140946,한솔로지스틱스,3,2,4,2,1,0,0,7,7,1,267994725160.0,245120386642.0,274496248985.0,20250311001053
140955,한솔케미칼,3,3,3,3,0,0,1,5,6,7,1464678817159.0,1350979663141.0,1253310602636.0,20250310000865
140964,영원무역홀딩스,0,0,3,2,0,1,2,3,5,5,6576715632460.0,6379343146101.0,5490219711184.0,20250321001884
141149,영진약품,0,0,1,3,0,0,0,4,4,5,234257972953.0,226600824188.0,203082817375.0,20250320001017
141273,웰바이오텍,0,0,3,2,0,1,0,5,5,2,31947619834.0,60240632361.0,59285485269.0,20250328001159
141307,영풍,3,3,2,4,0,1,1,5,6,29,5701707714763.0,5568116970055.0,5871933652466.0,20250401003228
141404,영풍제지,0,0,5,3,0,1,1,7,8,0,179264755471.0,199916289283.0,203670379646.0,20250411003513
141413,영화금속,0,0,2,3,0,0,0,5,5,9,216774804117.0,210002658451.0,220738936358.0,20250318000559
141477,영흥,3,3,3,3,0,0,1,5,6,5,513396101480.0,544102827133.0,535684495341.0,20250328001676
141529,오뚜기,3,3,3,4,0,0,1,6,7,6,3597403088294.0,3496482529068.0,3569760859068.0,20250318000979
141626,오리엔트바이오,0,0,3,1,0,1,1,3,4,5,96987787340.0,81050220067.0,104952008521.0,20240620000211
141875,사조오양,3,3,2,5,1,0,0,8,8,5,415195461349.0,346240176563.0,343207955095.0,20250703000352
142661,우성,0,0,4,3,0,0,0,7,7,2,430591478194.0,425327563943.0,401969273009.0,20250313001232
142865,WISCOM,3,3,3,3,0,0,0,6,6,2,100192777916.0,122990006604.0,128503266423.0,20250320000660
142883,우신시스템,0,0,3,1,0,1,0,4,4,0,433752930051.0,380460470089.0,282515715608.0,20250318000772
143262,우진아이엔에스,0,0,2,2,0,1,0,4,4,7,91715586046.0,113497686732.0,111631385016.0,20250711000031
143314,에이엔피,0,0,3,1,0,1,2,2,4,4,93502192138.0,95035399315.0,106799190000.0,20250321001897
143527,경동인베스트,0,0,2,1,1,1,0,4,4,1,616320126682.0,606915246461.0,586813597619.0,20250320001376
143651,웅진,0,0,4,2,0,1,0,6,6,0,970970804269.0,1027078032335.0,1094417787764.0,20250320001474
143794,원림,0,0,2,1,0,1,0,3,3,2,185004142765.0,174969478824.0,169931826485.0,20250321000993
144164,SK가스,3,3,2,4,1,0,1,6,7,35,7539621970135.0,6081811411173.0,5831776891571.0,20250312000964
144252,유니온,0,0,3,1,0,0,0,4,4,2,305473764776.0,382846276957.0,376111723330.0,20250320001552
144395,동서,0,0,3,1,0,2,0,4,4,12,1779146551075.0,1694019807604.0,1627852719302.0,20250313000532
144720,와이투솔루션,0,0,2,2,0,0,0,4,4,8,124993372131.0,124121630726.0,126606991323.0,20250319001127
144818,유유제약,0,0,3,3,0,3,0,6,6,12,207687399005.0,198213526767.0,195205072788.0,20250319000817
145109,유한양행,3,3,2,4,1,1,1,6,7,31,2942048836634.0,2812305590753.0,2472728072149.0,20250312001137
145163,파미셀,0,0,2,2,1,0,0,5,5,7,99264316559.0,92518752840.0,109647189040.0,20250318000319
145190,유화증권,3,3,6,3,0,0,0,9,9,2,771352960922.0,802953282668.0,689335169513.0,20250311001178
145260,율촌화학,0,0,2,1,0,1,0,3,3,8,655469570993.0,678951066652.0,653136152620.0,20250317000659
145437,아센디오,0,0,3,3,0,1,1,5,6,3,23296368270.0,48534629654.0,73158525417.0,20250321000735
145446,이건산업,0,0,3,1,0,1,0,4,4,0,438748509882.0,443074731432.0,442826933314.0,20250321001836
145464,이구산업,3,3,4,3,0,0,0,7,7,3,329008589068.0,313891617603.0,337212432145.0,20250320000112
145552,이수화학,0,0,3,2,0,1,0,5,5,9,957246232000.0,1093466714000.0,1188076573000.0,20250320001454
145598,이연제약,0,0,2,3,0,0,1,4,5,20,499993817147.0,499775513693.0,484691741651.0,20250801000808
145686,이화산업,3,3,4,3,0,0,0,7,7,4,269760591981.0,265952518844.0,268217246459.0,20250320000337
145862,인천도시가스,0,0,5,2,0,1,0,7,7,1,454680074452.0,443887540909.0,423143581786.0,20250306000367
145880,현대제철,4,4,3,5,0,0,2,6,8,0,34743788025637.0,35218841930044.0,36800955829773.0,20250317000668
146083,일동홀딩스,0,0,4,2,0,2,0,6,6,4,854701442970.0,876999054796.0,862553166894.0,20250318001009
146214,일성아이에스,4,4,4,4,0,0,0,8,8,8,396879751742.0,419189929496.0,498743322746.0,20250414002678
146232,일성건설,0,0,3,1,0,2,0,4,4,9,370420153245.0,409313432509.0,413301997330.0,20250318000930
146269,일신방직,0,0,3,1,0,1,0,4,4,11,1115758897982.0,1059230389580.0,1176745986062.0,20250319000250
146296,일신석재,0,0,3,1,0,1,0,4,4,5,97397658185.0,98302187963.0,116167864087.0,20250320001261
146454,일양약품,0,0,3,3,0,0,0,6,6,0,431211150640.0,392606560430.0,402916432343.0,20250327001173
146542,일정실업,0,0,2,1,0,1,0,3,3,0,33094013588.0,31049304763.0,33565988545.0,20250320001689
146649,일진홀딩스,0,0,2,2,0,1,0,4,4,4,1967342079451.0,1664779334525.0,1586114519184.0,20250328001256
146861,자화전자,0,0,3,1,0,1,0,4,4,8,717683038008.0,692647470965.0,505788674039.0,20250320001727
147222,전방,0,0,3,1,0,0,0,4,4,2,231974001581.0,236979137636.0,304781348634.0,20250320000970
147860,에스엠벡셀,0,0,3,3,0,1,1,5,6,2,105927863551.0,103259018308.0,149581296371.0,20250320001174
148276,제일기획,0,0,3,2,0,1,0,5,5,30,3306550192963.0,2889504607291.0,2751445128079.0,20250311000974
148443,제일파마홀딩스,3,3,4,3,0,0,1,6,7,3,890432937697.0,879996990707.0,865677012176.0,20250317000710
148461,제일연마,3,3,4,3,0,0,0,7,7,2,116092096071.0,106615084744.0,104117875897.0,20250317000206
148522,퍼스텍,0,0,3,1,0,1,0,4,4,12,350454400155.0,265075748454.0,211309947551.0,20250312000567
148540,CJ,3,3,2,3,0,0,1,4,5,0,47496993224000.0,47203762893000.0,48240408307000.0,20250325000721
148610,한화투자증권,3,3,2,3,0,0,2,3,5,29,14018124416878.0,13250183608173.0,12111249518203.0,20250311001013
148832,제주은행,3,2,1,4,1,0,2,4,6,6,7444771000000.0,7162714000000.0,7320304000000.0,20250317000569
148896,OCI홀딩스,4,4,2,4,0,1,2,4,6,15,8093654722000.0,5956551773000.0,6745534254000.0,20250318000381
148920,조광페인트,0,0,2,1,1,1,2,2,4,6,391890614962.0,382807997446.0,386108212060.0,20250318001171
148939,조광피혁,3,3,3,3,0,0,0,6,6,4,618763750169.0,504500385670.0,442034875881.0,20250320000832
148948,조비,0,0,3,1,0,1,1,3,4,4,119924769170.0,118588764533.0,130041760125.0,20250317000781
148984,시알홀딩스,0,0,2,3,1,0,0,6,6,0,1697695581000.0,1621801859000.0,1620442052000.0,20250311001197
148993,하이트진로홀딩스,3,3,2,3,0,0,0,5,5,4,4077443964617.0,3979751148746.0,3945000964667.0,20250320000510
149026,CS홀딩스,3,3,1,3,0,0,2,2,4,0,412586797943.0,383909710687.0,364121570785.0,20250321001425
149239,조일알미늄,1,1,4,3,0,0,0,7,7,0,421666740574.0,390898368641.0,367680590342.0,20250313000809
149345,조흥,0,0,2,1,0,1,1,2,3,2,399122282497.0,394002199996.0,433755476780.0,20250312000526
149354,종근당홀딩스,0,0,1,2,0,2,0,3,3,4,1495801604857.0,1456003650511.0,1376372969554.0,20250318001235
149646,기업은행,0,0,2,3,0,1,1,4,5,15,472219838000000.0,448427279000000.0,431186338000000.0,20250318001325
149655,삼성물산,3,3,4,5,0,0,1,8,9,0,61990426835548.0,66127029212679.0,58981492466950.0,20250321001515
149804,대유에이텍,4,4,4,4,0,0,1,7,8,4,334711356299.0,336026490235.0,1375206765319.0,20250317000599
149947,JW중외제약,3,3,4,3,0,0,0,7,7,20,604598517283.0,645038796101.0,627972755001.0,20250318001192
150244,하이트진로,3,3,2,3,0,1,1,4,5,34,3441538598928.0,3358347205530.0,3333438311387.0,20250320000493
150439,진양산업,0,0,3,1,0,1,0,4,4,2,95965751892.0,90029703398.0,82719954686.0,20250305000675
150633,지누스,3,3,3,3,0,0,0,6,6,0,1192228577713.0,1041398859450.0,1114820890870.0,20250325000522
150828,진흥기업,0,0,3,1,0,1,0,4,4,7,543584682937.0,574331455413.0,451746878881.0,20250331002970
151128,모토닉,0,0,2,2,1,1,1,4,5,8,499377343872.0,480202443379.0,464094161172.0,20250313000748
151298,DSR제강,3,3,5,3,0,0,0,8,8,3,224685346928.0,262988106907.0,259398156922.0,20250226005968
151368,인터지스,3,3,2,3,0,0,0,5,5,6,470981724710.0,428501449457.0,433167237634.0,20250317000861
151395,천일고속,0,0,3,1,0,0,0,4,4,3,53502532108.0,54742622180.0,54845658330.0,20250320001184
152039,SG글로벌,0,0,3,1,0,1,0,4,4,4,199881677024.0,198246797314.0,185935448420.0,20250319000355
152385,에이프로젠,0,0,2,2,0,1,1,3,4,0,609968261404.0,594427762667.0,599853281741.0,20250321001573
152686,코리아써키트,0,0,3,1,0,1,0,4,4,34,1255382149192.0,1236457010706.0,1293448547101.0,20250320001351
152729,광전자,0,0,2,1,0,1,0,3,3,0,260831921228.0,251180472123.0,247855306698.0,20250320000952
152862,코오롱,0,0,4,2,0,1,1,5,6,8,7040484502325.0,5231418956586.0,4659039217791.0,20250318001402
152880,코오롱글로벌,3,3,5,5,0,0,0,10,10,25,2719945901907.0,2571300487925.0,2834147586184.0,20250324000768
153126,크라운해태홀딩스,0,0,3,1,0,0,1,3,4,3,1180815137965.0,1155786931774.0,1153770087447.0,20250320000950
153339,태경산업,0,0,3,1,0,3,1,3,4,6,684731194390.0,635637932457.0,625038862557.0,20250321000898
153393,태광산업,4,4,3,4,0,1,1,6,7,22,4722277800717.0,4738292443387.0,4820743827583.0,20250403001277
153524,태림포장,0,0,2,1,0,0,0,3,3,13,711994053000.0,715955958000.0,651217775000.0,20250327000507
153621,참엔지니어링,0,0,1,1,1,0,0,3,3,9,664305023249.0,678200011160.0,739665588573.0,20250318000654
153755,태양금속공업,3,3,2,3,0,0,0,5,5,0,528140837268.0,499119799811.0,490987940831.0,20250317000712
153861,태영건설,3,3,2,3,0,0,1,4,5,25,4323923757006.0,4640488559862.0,4625724843660.0,20250319000934
154055,태원물산,3,2,3,2,1,0,0,6,6,1,53539770506.0,37386713995.0,34948504183.0,20250320001049
154329,TP,0,0,3,1,0,1,2,2,4,5,752330379026.0,686463960698.0,721226342857.0,20250319000833
154426,아이에이치큐,0,0,4,2,1,1,0,7,7,10,140860365620.0,151653101094.0,246320129412.0,20250321000838
154462,아모레퍼시픽홀딩스,3,3,3,4,0,0,1,6,7,3,8540521424208.0,7631430777862.0,7651003801454.0,20250317000463
155124,평화홀딩스,3,3,4,3,0,0,0,7,7,7,533421606621.0,560931482078.0,558370415231.0,20250317000760
155212,포스코DX,0,0,2,2,1,1,0,5,5,9,892453016139.0,889807220460.0,851593785984.0,20250314001261
155258,포스코스틸리온,0,0,2,1,1,1,0,4,4,5,556803723173.0,552186389117.0,554542143288.0,20250408001924
155276,포스코퓨처엠,3,3,2,5,1,0,1,7,8,0,7932459834018.0,6334593297871.0,4637476140189.0,20250314000603
155319,POSCO홀딩스,3,3,4,6,0,0,1,9,10,0,103404198997805.0,100945394185079.0,98406780635254.0,20250312001016
155355,풀무원,4,4,2,8,1,0,3,8,11,21,2331157705861.0,2156789583390.0,2049217755236.0,20250318001312
155531,풍산홀딩스,0,0,4,2,0,1,0,6,6,7,1319133193077.0,1194251204655.0,1142781392226.0,20250313001387
156150,엑시큐어하이트론,0,0,6,3,1,1,2,8,10,0,79518283268.0,27560402485.0,6882778623.0,20250321001008
156354,지엠비코리아,3,3,3,3,0,0,0,6,6,0,630543293190.0,579056069012.0,550819602976.0,20250321001687
156488,휴스틸,3,3,3,3,1,0,0,7,7,9,1431265670359.0,1325993300470.0,1206373632049.0,20250318001178
156691,한국공항,0,0,2,2,0,1,0,4,4,9,502537029335.0,476851540431.0,421095042761.0,20250318000741
156859,다올투자증권,6,5,4,5,0,0,1,8,9,0,9603169769789.0,9211837352163.0,9503703776447.0,20250317000595
157070,한국단자공업,0,0,3,1,0,1,0,4,4,0,1564250855000.0,1425051765000.0,1289776454000.0,20250320000091
157104,대동전자,3,3,2,3,0,0,0,5,5,0,272101858567.0,259178930468.0,218759361890.0,20240618000424
157399,한솔테크닉스,3,3,4,3,0,0,0,7,7,4,880015173790.0,954035007249.0,1071921900693.0,20250311001184
157681,롯데정밀화학,4,4,3,4,0,0,2,5,7,13,2713850667217.0,2682930419573.0,2709845870581.0,20250327000664
157991,한국석유공업,0,0,3,1,0,1,0,4,4,10,384404536002.0,353982211636.0,347065524190.0,20250320000921
158112,한국수출포장공업,0,0,3,1,0,1,0,4,4,0,351203466132.0,357003990077.0,345521340104.0,20250312000675
158149,한국쉘석유,0,0,1,3,3,0,2,5,7,0,191296096831.0,188371616567.0,172340453951.0,20250320000876
158307,롯데하이마트,3,3,4,5,0,0,1,8,9,0,1888589460056.0,2370680945827.0,2464219074235.0,20250312001113
158316,NICE,3,3,3,3,2,1,0,8,8,6,3521880947809.0,3484123285552.0,3378563521222.0,20250318000811
158325,NICE평가정보,3,3,4,3,1,0,0,8,8,22,585667200738.0,493709695212.0,481091462120.0,20250314001653
158501,에스원,3,3,3,5,1,0,1,8,9,26,2322698505650.0,2179505358177.0,2075658595502.0,20250312000984
158963,유나이티드,3,3,5,3,0,0,1,7,8,7,473928536456.0,468860417714.0,417890866564.0,20250728000359
159023,SK텔레콤,4,4,3,5,1,0,2,7,9,0,30515255000000.0,30119227000000.0,31308232000000.0,20250317000684
159102,DB손해보험,3,3,4,5,0,1,1,8,9,57,66506135383633.0,60040428590956.0,57635178300728.0,20250331003403
159193,한국전력공사,3,2,6,8,0,0,1,13,14,3,246807795000000.0,239714965000000.0,234804994000000.0,20250318000747
159209,한전기술,0,0,4,7,0,1,1,10,11,0,946846882988.0,855008772803.0,816503301678.0,20250321000310
159218,한전KPS,0,0,4,7,0,1,1,10,11,0,1690214811558.0,1597333550834.0,1562022195345.0,20250514000974
159254,한국전자홀딩스,0,0,2,1,0,1,0,3,3,0,517879873727.0,503113632386.0,469100261248.0,20250319001004
159500,한국종합기술,3,3,5,3,0,1,0,8,8,35,418085900700.0,381181315535.0,332695359728.0,20250318001001
159564,한국주강,0,0,3,1,0,0,0,4,4,3,41498366351.0,44186932873.0,48045222224.0,20250319000402
159573,한국주철관공업,0,0,5,2,0,1,0,7,7,0,429705980847.0,434108102058.0,424608629316.0,20250320000304
159616,두산에너빌리티,4,4,3,4,0,0,1,6,7,0,26314835000000.0,24640834000000.0,23049782000000.0,20250320001103
159698,지역난방공사,3,2,5,6,0,1,2,9,11,2,8362237776886.0,7968409129278.0,7478129879658.0,20250327000192
159740,KISCO홀딩스,3,3,3,3,0,1,0,6,6,1,1710295193370.0,1802517204572.0,1745832247930.0,20250320001326
159786,유니드,0,0,3,2,0,1,1,4,5,12,1364801977175.0,1259135784421.0,1489264677517.0,20250318000116
159795,한국카본,0,0,3,1,0,1,1,3,4,36,878968656770.0,792428141673.0,585333635410.0,20250319000937
159810,카프로,3,3,5,7,2,2,1,13,14,3,239157482703.0,216804583543.0,302205591680.0,20250320001650
159971,KC그린홀딩스,0,0,2,1,0,1,1,2,3,1,289342395414.0,916578395937.0,792860678470.0,20250320001565
160047,한국앤컴퍼니,4,4,2,4,1,0,1,6,7,0,5136426181879.0,4640995961705.0,4301818675789.0,20250318000944
160205,한국내화,0,0,2,1,0,1,0,3,3,12,307361942953.0,333192248433.0,325998841087.0,20250318000918
160232,KSS해운,5,5,3,5,0,0,2,6,8,4,1892003803431.0,1656034879630.0,1659172643001.0,20250318001193
160302,코스모화학,3,3,4,3,0,0,0,7,7,4,1204329599517.0,1091033170883.0,807858896061.0,20250318000926
160375,진양폴리우레탄,0,0,2,1,0,1,0,3,3,2,57413480032.0,51748834667.0,46084520659.0,20250228006453
160418,한국무브넥스,0,0,3,1,0,1,0,4,4,0,1013538338341.0,874724776068.0,799394136303.0,20250318000552
160588,한화,3,3,6,5,0,0,1,10,11,73,252036985000000.0,209738149000000.0,196976926000000.0,20250331003821
160621,한국화장품제조,0,0,2,1,0,1,1,2,3,13,109277355532.0,89173514797.0,82665926104.0,20250320001367
160843,DB하이텍,4,4,3,4,0,0,1,6,7,33,2396851168578.0,2043378694132.0,2142165862418.0,20250312001130
160861,한농화성,0,0,4,2,0,1,0,6,6,0,232946140726.0,237369526405.0,225415182824.0,20250320000501
161046,한독,0,0,5,3,0,0,1,7,8,15,788555006781.0,790339658177.0,871106170067.0,20250312000222
161116,HL D&I,3,3,4,4,0,0,1,7,8,24,1702996461973.0,1724300709671.0,1667421795499.0,20250317000836
161125,한온시스템,3,3,0,5,4,0,1,8,9,0,10620252377496.0,9244404434130.0,9098783327544.0,20250321001829
161383,한미반도체,0,0,2,1,0,1,0,3,3,0,710872366678.0,723839103741.0,455432965985.0,20250313001171
161426,한미사이언스,3,3,3,4,3,0,2,8,10,12,1349078932369.0,1226170046397.0,1109690934182.0,20250318001281
161693,한샘,3,3,0,3,4,0,1,6,7,0,1067251785665.0,1051517418790.0,1099679540571.0,20250313001195
161709,퍼시스,0,0,3,3,0,0,0,6,6,3,643928604574.0,597603859832.0,544804538072.0,20250328002094
161860,한성기업,0,0,3,1,0,1,0,4,4,16,244556132689.0,247301097498.0,234918895770.0,20250318001322
161976,한세예스24홀딩스,4,4,4,4,0,0,2,6,8,3,2825659862512.0,2152345946852.0,2036963741120.0,20250318001443
162063,한신공영,0,0,3,2,0,1,0,5,5,23,2317873586367.0,2468946950023.0,2349398105478.0,20250320000724
162072,한신기계공업,0,0,2,1,0,1,0,3,3,0,126495177571.0,115056313318.0,115721729758.0,20250321001961
162416,한양증권,0,0,2,1,0,1,0,3,3,22,1731337480778.0,1747822854675.0,1502891064305.0,20250321001966
162461,한화솔루션,3,3,3,5,2,0,1,9,10,84,30036831374114.0,24790423705500.0,24079987144374.0,20250317001024
162586,한올바이오파마,3,3,4,3,0,0,0,7,7,4,212880605189.0,239746992700.0,213451232698.0,20250318000750
162993,한일홀딩스,0,0,2,1,0,1,0,3,3,5,3709018734699.0,3559790251287.0,3268041346024.0,20250318001319
163114,서연,3,3,3,3,0,0,0,6,6,5,3424466755541.0,2771870652879.0,2323543346933.0,20250318001318
163196,한일철강,0,0,3,1,0,1,2,2,4,9,340452046261.0,331028995726.0,339154971493.0,20250715000144
163345,DB,3,3,5,3,0,0,0,8,8,22,870058289785.0,879384841947.0,414317384772.0,20250320000879
163512,한진,3,3,3,5,0,0,1,7,8,17,4189506445715.0,4201363599974.0,4093197691709.0,20250317000904
163673,한진중공업홀딩스,3,3,2,3,0,0,0,5,5,1,1849667000000.0,1865721000000.0,1995988000000.0,20250320000396
163691,유수홀딩스,3,3,1,3,0,0,0,4,4,5,478715425251.0,514472137701.0,524926064872.0,20250321001882
163716,한창,0,0,1,1,1,1,0,3,3,0,70208203490.0,90310467877.0,113480993232.0,20250801000425
163761,한창제지,0,0,2,1,0,1,0,3,3,6,287559143129.0,288895489417.0,283062451163.0,20250318001122
164478,현대건설,4,4,3,4,0,5,1,6,7,79,27005385000000.0,23714495000000.0,20911708000000.0,20250312001136
164609,HD현대미포,3,3,2,3,0,0,1,4,5,29,5108867288000.0,4909071433000.0,4748245499000.0,20250711000373
164636,HDC,3,3,2,3,0,0,0,5,5,0,12398308042444.0,11521215410540.0,11592341237983.0,20250318001151
164645,HMM,4,4,2,4,0,1,1,5,6,34,33848562000000.0,25713363000000.0,26066659000000.0,20250318000828
164672,한일현대시멘트,0,0,3,1,0,1,0,4,4,15,906227621119.0,838319618658.0,649126013507.0,20250317000892
164706,현대약품,4,4,1,4,0,0,0,5,5,20,156396199876.0,154629099583.0,181159427810.0,20250219001662
164724,현대엘리베이터,4,4,1,4,2,0,1,6,7,0,3573751146561.0,3535433379184.0,3014471063421.0,20250318000920
164742,현대자동차,5,5,6,7,0,0,2,11,13,0,339798429000000.0,282463355000000.0,255742462000000.0,20250312001148
164779,SK하이닉스,4,4,2,6,2,0,2,8,10,0,119855209000000.0,100330165000000.0,103871512000000.0,20250319000665
164788,현대모비스,5,5,4,5,0,0,1,8,9,79,66596905000000.0,58585845000000.0,55406698000000.0,20250311001180
164812,현대코퍼레이션,3,3,3,3,0,0,0,6,6,16,2062309184431.0,2059712572964.0,1831301801553.0,20250324000696
164830,HD한국조선해양,3,3,2,3,0,0,1,4,5,47,36719137422000.0,32242568184000.0,29883476300000.0,20250318001131
164973,현대해상,3,3,3,4,0,1,1,6,7,52,48523790593883.0,44087986397210.0,46252595500839.0,20250407001731
165343,혜인,0,0,3,1,0,1,0,4,4,5,262939817516.0,253960586979.0,240522145627.0,20250804000178
165413,롯데케미칼,3,3,4,6,1,0,1,10,11,74,34552330375053.0,33476310224541.0,26784587810580.0,20250725000806
165583,E1,4,4,3,4,0,0,1,6,7,6,14539774932856.0,4597407646185.0,4339655185507.0,20250320001564
165680,호텔신라,3,3,3,4,0,0,1,6,7,16,3813885971903.0,3006538770202.0,2938544987435.0,20250515002269
166227,화승인더스트리,3,3,4,3,0,0,0,7,7,1,1833034372586.0,1653277049573.0,1779489488972.0,20250317000314
166272,화승코퍼레이션,3,3,4,3,1,0,0,8,8,26,1288499141437.0,1154543398411.0,1177218098360.0,20250321001555
166315,화신,3,3,2,3,0,1,0,5,5,25,1321669869758.0,1196813984369.0,1004620994499.0,20250317000376
166500,화천기계,0,0,4,2,0,1,0,6,6,0,174332394129.0,167517651255.0,161427031413.0,20250312000312
166519,화천기공,0,0,5,2,0,1,0,7,7,0,428809811685.0,463885406068.0,474032615936.0,20250312000803
166573,환인제약,3,3,2,3,0,0,0,5,5,7,424705767203.0,401226633282.0,369374561471.0,20250313001126
167192,넥센,3,3,4,3,0,0,0,7,7,14,5422551860511.0,5060957367879.0,4726896214044.0,20250318000857
167208,흥아해운,0,0,3,2,0,1,0,5,5,0,443559317530.0,325653339437.0,317059936570.0,20250317000787
168331,온타이드,0,0,2,1,0,1,0,3,3,4,174112948051.0,175919906868.0,175008166225.0,20250320000926
168401,금비,0,0,2,1,0,2,0,3,3,6,282769620563.0,296341107251.0,307313894364.0,20241219000451
169048,HLB글로벌,0,0,3,2,0,1,0,5,5,0,135918584874.0,110104673211.0,120246185135.0,20250319000687
170558,코웨이,3,3,3,4,0,0,1,6,7,0,5761561091079.0,4850965736396.0,4365074875331.0,20250321001734
171265,파라다이스,3,3,2,3,0,0,1,4,5,16,3933768381301.0,3618279367040.0,3511523805592.0,20250415000021
171636,한솔홀딩스,3,3,4,3,0,0,0,7,7,4,933158869000.0,720105338000.0,723295784000.0,20250702000575
172185,남성,0,0,3,1,0,1,0,4,4,10,276057373612.0,258113198377.0,271152128807.0,20250319000945
172228,엔케이,0,0,3,1,0,1,0,4,4,1,227143694947.0,247666086117.0,185745934911.0,20250319000323
172291,더존비즈온,0,0,3,2,0,1,0,5,5,0,1037613249183.0,936627620863.0,888860403342.0,20250317001028
172936,동일산업,3,3,2,3,0,0,0,5,5,5,482005377173.0,476136021763.0,499402713211.0,20250328001290
173078,명신산업,0,0,3,1,0,1,0,4,4,0,1210314499204.0,1044875997928.0,929267254095.0,20250318000402
173102,모나리자,0,0,2,2,3,0,1,6,7,4,97168284920.0,97045385480.0,97794376174.0,20250314001404
173698,신일전자,0,0,3,2,0,1,0,5,5,0,126326163231.0,126134087292.0,152880655297.0,20250320000612
173795,신흥,3,2,3,3,1,0,0,7,7,4,141427657791.0,140331352601.0,140622549545.0,20250320000945
173874,넥센타이어,4,4,3,4,0,0,0,7,7,34,4574474470953.0,4232661554569.0,3944336739608.0,20250318001449
173944,우진,3,2,4,2,1,0,0,7,7,0,276510432217.0,240301076155.0,227053375662.0,20250313001154
174004,유성기업,3,3,3,3,0,0,0,6,6,0,437508359877.0,439604034118.0,427046002236.0,20250317000557
174527,HS화성,3,3,2,4,0,0,1,5,6,5,833478390833.0,991687669827.0,746127741905.0,20250320001481
176914,다우기술,0,0,2,3,0,1,0,5,5,28,57147924043319.0,53342459330150.0,49260008742513.0,20250318001202
177199,디씨엠,0,0,3,1,0,0,0,4,4,8,293570010254.0,277642743004.0,306956322608.0,20250718000228
178754,동아지질,0,0,4,2,0,1,0,6,6,3,400252311496.0,390934866738.0,372281354657.0,20250318001360
180795,인팩,3,3,3,3,0,0,0,6,6,13,556215707649.0,482869726172.0,411164184888.0,20250321001500
181712,SK,3,3,3,5,0,0,2,6,8,103,214977754000000.0,206970264000000.0,194505860000000.0,20250318001364
181943,에스제이엠홀딩스,0,0,2,1,0,1,0,3,3,2,369575805909.0,339809517118.0,328166066953.0,20250320001596
186559,아이티센씨티에스,0,0,1,1,2,1,0,4,4,0,618272425850.0,525378184898.0,558409431550.0,20250319001103
188089,한섬,3,3,4,3,0,0,0,7,7,0,1746167657721.0,1724265473784.0,1684715498594.0,20250314000941
190321,케이티,4,4,2,8,0,0,1,9,10,0,41879957000000.0,42709982000000.0,40980681000000.0,20250321001834
191472,KPX케미칼,0,0,4,2,0,1,0,6,6,19,880646686131.0,822466228845.0,776778116811.0,20250313001177
191588,삼원강재,0,0,3,3,0,0,0,6,6,6,290658433763.0,303735700802.0,293690103032.0,20250314000520
193009,KH 필룩스,0,0,5,2,0,1,1,6,7,16,961032191903.0,1035818460628.0,1246019564242.0,20250402002557
193328,수산인더스트리,3,2,2,2,1,0,0,5,5,26,623807791230.0,603244086410.0,577155431240.0,20250327000923
194947,한전산업,0,0,3,4,2,1,0,9,9,2,219980917783.0,203640941365.0,157781435629.0,20250320001416
195229,미스토홀딩스,0,0,3,3,1,1,1,6,7,3,5536390124625.0,4980149550868.0,4821801377788.0,20250321001837
197759,미래산업,0,0,4,2,0,1,1,5,6,2,131612702717.0,103781272550.0,134409509636.0,20250318001105
198697,일진디스플,0,0,3,1,0,1,0,4,4,1,78894803695.0,111889654938.0,117303570494.0,20250320000779
203290,콜마홀딩스,0,0,3,3,1,2,1,6,7,9,1291431788085.0,1289735866717.0,1269102053314.0,20250321001958
203315,콘텐트리중앙,0,0,3,1,0,1,0,4,4,2,2758664473521.0,2488343237200.0,2650811719301.0,20250320001749
203582,한솔홈데코,0,0,4,2,1,0,0,7,7,1,290379147343.0,312095401371.0,319496520639.0,20250311000946
204208,마니커,0,0,2,1,0,1,0,3,3,0,155281108141.0,160373498904.0,174626136915.0,20250324000626
209780,케이씨,0,0,6,2,0,1,0,8,8,14,1046845412327.0,1062311270068.0,1004623911655.0,20250318001395
210856,코아스,0,0,3,1,0,0,0,4,4,6,82510682423.0,70446617889.0,76246124909.0,20250320000653
218575,황금에스티,0,0,3,1,0,1,1,3,4,3,522556270523.0,513527276106.0,481912631966.0,20250318001129
219097,BGF,0,0,2,2,0,1,0,4,4,0,2300978258450.0,2171266453121.0,1938013970903.0,20250318001407
219486,신세계I&C,3,3,3,3,0,0,2,4,6,2,502933995272.0,476561497604.0,482934079721.0,20250317000967
219574,코스맥스비티아이,0,0,3,1,0,1,0,4,4,16,953903205812.0,878273229175.0,936136657462.0,20250319000641
220561,광주신세계,3,3,3,3,0,0,0,6,6,0,1228084126118.0,934472863572.0,913454051041.0,20250313000495
220613,넥스틸,0,0,3,3,0,1,0,6,6,20,691783323885.0,642480608085.0,588012317030.0,20250331002907
222532,LG헬로비전,3,3,2,3,1,0,0,6,6,6,1243517604881.0,1319446205693.0,1428013437283.0,20250306000713
225159,SNT홀딩스,0,0,3,1,0,1,0,4,4,0,2832564017795.0,2701797834311.0,2558426986621.0,20250220001567
225706,JW생명과학,0,0,3,2,0,1,2,3,5,6,325323614449.0,255836393033.0,252942118072.0,20250318001174
226316,호전실업,4,4,2,4,0,1,1,5,6,9,396031860184.0,315985635997.0,316098137496.0,20250331002554
231363,LG유플러스,4,4,2,4,1,0,2,5,7,64,19707730000000.0,20100605000000.0,19774800000000.0,20250317000701
231372,롯데관광개발,0,0,4,2,0,0,1,5,6,16,2166617248668.0,1764111056273.0,1802776594203.0,20250320001631
233653,한국토지신탁,4,4,5,4,0,1,1,8,9,16,1832131544809.0,1886596466085.0,1718070655624.0,20250318001056
234412,신세계인터내셔날,3,3,3,3,0,0,1,5,6,17,1333123240117.0,1324069585447.0,1278681814634.0,20250313000018
241005,코오롱ENP,0,0,3,1,0,1,0,4,4,0,412141499962.0,362980211049.0,387043503761.0,20250318000887
244455,케이티앤지,4,4,1,6,0,2,1,6,7,61,13925237000000.0,12772452000000.0,12301716000000.0,20250318001223
248974,하나제약,0,0,4,2,0,1,2,4,6,21,382010680680.0,348386182460.0,345964556425.0,20250314001348
249247,YG PLUS,0,0,2,2,1,1,1,4,5,0,237801884923.0,225534081771.0,241371893905.0,20250320001394
255619,강원랜드,0,0,3,9,1,1,1,12,13,0,4700641154570.0,4448655838228.0,4167752670696.0,20250318001106
256955,테이팩스,3,3,3,3,0,0,1,5,6,0,189958983962.0,199881921831.0,197584861031.0,20250310000646
258801,카카오,3,3,3,5,0,0,4,4,8,0,25773028304462.0,25179968939321.0,22963544024389.0,20250324000901
260383,대한유화,3,3,3,4,0,1,1,6,7,14,2219743050345.0,2196492714337.0,2195832515923.0,20250306000568
260392,대원전선,0,0,2,2,0,1,0,4,4,7,226992976377.0,234871662225.0,245958532474.0,20250313000035
260408,팜스코,0,0,3,3,0,0,0,6,6,6,1149384209788.0,1119229511779.0,1223174230326.0,20250318001293
261285,한국가스공사,3,2,5,8,0,1,3,10,13,5,57669637000000.0,57254666000000.0,62424983000000.0,20250325000742
261443,엔씨소프트,3,3,2,5,0,0,2,5,7,0,3953941191414.0,4393800423903.0,4437632450781.0,20250328002285
266961,NAVER,3,3,2,4,1,0,2,5,7,0,38167876036020.0,35737826964395.0,33899042889136.0,20250318000645
269241,주연테크,0,0,4,2,0,0,2,4,6,0,42542059412.0,45913552331.0,53242325293.0,20250320000220
269940,하나투어,0,0,5,4,3,0,2,10,12,18,668789503298.0,644596377665.0,455429440460.0,20250320001129
274933,신세계푸드,3,3,3,3,0,0,0,6,6,0,833687666448.0,875471406681.0,903927240057.0,20250317000635
296290,키움증권,3,3,3,4,0,1,1,6,7,48,55688423730459.0,52046420344899.0,48037301112929.0,20250317000785
299002,HL홀딩스,4,4,3,4,0,0,1,6,7,17,2370763879407.0,2298229319032.0,2279864889843.0,20250318001459
300548,현대리바트,3,3,4,3,0,0,0,7,7,9,858386415696.0,899461324426.0,854159330447.0,20250318001257
302926,현대로템,3,3,3,4,0,0,1,6,7,0,5285394740000.0,5241484775000.0,4823869784000.0,20250321001612
303217,우진플라임,0,0,3,1,0,0,0,4,4,0,329391197188.0,318384839252.0,285245048447.0,20250321000814
303873,CJ CGV,4,4,3,4,0,0,1,6,7,5,3997014314732.0,3194214710432.0,3601468386488.0,20250321001474
305668,새론오토모티브,0,0,3,1,0,1,0,4,4,9,275007869227.0,257571091517.0,256209761789.0,20250321000868
309503,한국항공우주,5,5,1,5,0,0,1,5,6,31,8025538409393.0,7139576928721.0,7772406693424.0,20250318001067
332927,제이에스코퍼레이션,0,0,2,3,0,0,0,5,5,17,1830513946593.0,828362721870.0,533768141172.0,20250317000998
339391,한화시스템,3,3,1,3,1,0,1,4,5,52,5724010115718.0,4483210824746.0,3945627700263.0,20250314001773
344287,HD현대인프라코어,3,3,2,3,0,0,1,4,5,20,4287197767266.0,4418425813336.0,4736667586250.0,20250418000372
347734,진양화학,0,0,2,1,0,1,0,3,3,3,82068876099.0,49908220791.0,44569287296.0,20250304000650
349097,케이티스카이라이프,3,3,1,5,3,0,1,8,9,8,1040240740660.0,1215697591061.0,1361298311421.0,20250318001057
350312,HDC랩스,0,0,3,1,0,1,0,4,4,5,438161253186.0,383332487352.0,382579391863.0,20250318001198
353878,다스코,0,0,3,3,0,0,0,6,6,14,324736258465.0,320034640962.0,346117669232.0,20250314000954
356361,LG화학,4,4,2,4,1,0,2,5,7,116,93857762000000.0,77466694000000.0,67973823000000.0,20250731000339
356370,LG생활건강,4,4,2,4,1,0,2,5,7,0,7405784092201.0,7220285811725.0,7302929652203.0,20250317000790
357360,한세엠케이,3,3,4,3,0,0,1,6,7,5,268529324803.0,268472036704.0,224809704278.0,20250318000981
357935,HDC현대EP,0,0,3,1,0,1,0,4,4,2,630989412448.0,605440390923.0,603330216887.0,20250318000816
360142,아이마켓코리아,0,0,3,3,0,0,0,6,6,11,1279967962677.0,1373717052601.0,1224954676333.0,20250320001632
360595,현대글로비스,4,4,2,5,2,0,1,8,9,38,16849145438725.0,14725019903938.0,13877784500296.0,20250317001025
361008,한화엔진,0,0,3,3,1,3,1,6,7,8,1413101954226.0,1136858165266.0,956230294638.0,20250318000388
361488,텔코웨어,0,0,2,1,0,1,0,3,3,0,124006292902.0,126812370904.0,132073841013.0,20250320000597
362238,휴비스,0,0,1,3,2,0,0,6,6,9,765377954903.0,782722786559.0,793759627507.0,20250317000508
362441,현대오토에버,3,3,2,3,0,0,0,5,5,19,3349516801000.0,2843057165000.0,2619436327000.0,20250317000930
365387,AJ네트웍스,0,0,3,2,1,1,0,6,6,12,1717770434389.0,1622157341878.0,1483368740285.0,20250325000220
365989,모나용평,0,0,3,1,0,1,0,4,4,5,1017716442164.0,1004928193150.0,868285864187.0,20250321000702
366438,산일전기,0,0,3,2,0,1,0,5,5,17,492674198507.0,191302264426.0,131978362494.0,20250328001583
367710,동인기연,0,0,2,2,0,1,0,4,4,11,292407975377.0,217309008513.0,198494534925.0,20250320001366
367844,자이에스앤디,3,3,2,3,0,0,0,5,5,6,1305235716477.0,1569164880846.0,1952688130478.0,20250725000507
369833,유니온머티리얼,0,0,3,1,0,0,0,4,4,4,138270697101.0,187088686775.0,204164784861.0,20250319000740
372129,전진건설로봇,0,0,2,2,0,1,0,4,4,5,219236327906.0,158316498662.0,142761887718.0,20250317000567
372873,KTis,3,3,1,3,2,0,2,4,6,12,469932148859.0,447609122047.0,396208069290.0,20250318000822
372882,KTcs,3,3,1,3,2,0,0,6,6,8,435066123285.0,434900095454.0,416146080400.0,20250320001127
377610,세아홀딩스,0,0,3,2,1,2,1,5,6,8,6105540014922.0,5789382238682.0,5919958905229.0,20250314001645
382199,신한지주,7,7,1,9,1,1,3,8,11,8,739764256000000.0,691795333000000.0,664433230000000.0,20250318000993
390055,종근당바이오,0,0,2,1,1,1,0,4,4,3,284491992883.0,293785061321.0,312590995328.0,20250318001004
398701,엘앤에프,3,3,3,5,0,0,1,7,8,22,2799831517733.0,3351444610588.0,3023932974764.0,20250311001260
398792,SNT모티브,0,0,3,1,0,1,0,4,4,0,1241825709210.0,1211181269340.0,1225486689781.0,20250220001279
400857,에이블씨엔씨,2,2,1,2,4,0,3,4,7,0,159085850798.0,173841489988.0,195431756905.0,20250321001828
401731,LG전자,4,4,2,4,1,0,1,6,7,312,65629589000000.0,60240793000000.0,55156141000000.0,20250317001029
403632,현대퓨처넷,3,3,3,3,0,0,0,6,6,0,913820854281.0,909724490443.0,915256451923.0,20250312001070
404701,한국자산신탁,5,5,1,5,0,0,0,6,6,9,1725879725519.0,1480050024356.0,1363794175394.0,20250318001253
406046,HD현대마린엔진,0,0,2,3,0,0,0,5,5,1,494962962578.0,454013908212.0,416290993852.0,20250317000801
409672,티비에이치글로벌,0,0,2,1,0,1,0,3,3,11,105764284096.0,110046703211.0,112327631684.0,20250320000173
412597,현대홈쇼핑,3,3,3,3,0,0,0,6,6,0,5175067326608.0,3432527148806.0,2782027992185.0,20250317000550
413046,셀트리온,8,8,4,8,0,0,2,10,12,72,21055222437706.0,19956813831274.0,5891652311251.0,20250317000929
413523,한미글로벌,0,0,6,4,0,0,1,9,10,0,470883954867.0,398871055382.0,373059659521.0,20250313001417
414601,유니퀘스트,3,3,4,3,0,0,1,6,7,0,482351415057.0,454404380777.0,610723418178.0,20250320001187
414850,효성 ITX,0,0,3,2,0,1,1,4,5,17,166325113534.0,176284813736.0,176818736427.0,20250318000878
415628,세진중공업,0,0,3,0,0,1,0,3,3,5,620877554527.0,544018916698.0,551849173753.0,20250318000960
415646,드림텍,3,3,2,3,2,0,0,7,7,0,908140585192.0,795335352391.0,825357092772.0,20250328002249
416654,유엔젤,0,0,4,2,0,1,0,6,6,5,71306113634.0,62948969391.0,61023631583.0,20250328001604
422895,세이브존I&C,0,0,2,1,0,1,0,3,3,0,576374088374.0,584799203503.0,573569548297.0,20250320000981
423690,삼성출판사,3,3,4,3,0,0,0,7,7,0,208565174070.0,196570540338.0,211487637576.0,20250320000853
426086,티케이지휴켐스,0,0,4,2,0,1,0,6,6,7,1168226900665.0,1099714172170.0,941352875184.0,20250313001222
427483,대웅제약,0,0,3,3,0,0,1,5,6,8,1976977110511.0,1770310792992.0,1563340613712.0,20250401003870
428251,현대백화점,3,3,4,5,0,0,1,8,9,0,11217721674000.0,11712592639000.0,12069249655000.0,20250318001045
428321,해태제과식품,0,0,5,2,0,1,0,7,7,6,699833207144.0,684971450555.0,691254955147.0,20250319000894
428729,대호에이엘,0,0,5,3,0,0,1,7,8,6,150164209033.0,145877679821.0,153542696876.0,20250711000353
432102,한국금융지주,3,3,2,7,0,0,2,7,9,13,109220199166181.0,95901185591112.0,86308574156762.0,20250320000910
435312,하이스틸,0,0,2,1,0,1,0,3,3,10,267487698093.0,270448865007.0,292456090103.0,20250312001033
441243,형지엘리트,0,0,2,1,1,1,1,3,4,3,143183788567.0,125126388096.0,109225633024.0,20240920000129
442835,메타랩스,0,0,3,1,0,1,1,3,4,0,133243438025.0,111855784929.0,90016753672.0,20250320001179
447609,비에이치,0,0,2,3,0,0,0,5,5,16,1319868751137.0,1089361044645.0,1009659166536.0,20250326000026
450010,씨티알모빌리티,0,0,3,2,1,0,1,5,6,7,296260020201.0,298099917787.0,297367187504.0,20250319000632
453284,교촌에프앤비,3,2,2,3,2,0,0,7,7,0,342865917617.0,326364540917.0,304973382954.0,20250324000180
453488,다이나믹디자인,0,0,3,4,0,1,1,6,7,6,104165712520.0,106521396855.0,97847548126.0,20250321001537
454946,그린케미칼,0,0,3,1,0,1,0,4,4,6,204790661517.0,201377924078.0,196645335068.0,20250318000396
458234,아시아나IDT,3,3,2,3,0,0,0,5,5,3,219937922050.0,222741818404.0,205577783538.0,20250318001119
459871,농심홀딩스,0,0,3,1,0,1,0,4,4,1,1611495229296.0,1505059211842.0,1389130864097.0,20250318001154
469799,이엔플러스,0,0,3,2,0,2,0,5,5,0,100287243339.0,172159921484.0,120327643368.0,20250407004328
480367,SK오션플랜트,0,0,2,1,1,1,1,3,4,25,1421941567198.0,1431906666880.0,1220003934152.0,20250318000275
480455,STX엔진,0,0,1,2,1,1,0,4,4,5,968810437104.0,899134400319.0,853387672706.0,20250321000939
480950,이아이디,3,3,2,3,0,0,0,5,5,0,301066402104.0,467831375076.0,566212896315.0,20250321000678
481454,금호타이어,3,3,1,4,2,0,1,6,7,0,5362836776663.0,4830981257390.0,4694985403484.0,20250318001169
486705,아주스틸,0,0,2,2,1,1,0,5,5,7,961386247104.0,995406431200.0,760228485888.0,20250328001653
500254,GS,3,3,2,4,1,0,1,6,7,6,35063398000000.0,34448425000000.0,33922242000000.0,20250318001410
503668,LIG넥스원,4,4,2,4,1,0,1,6,7,38,6125264653217.0,3815758833285.0,3012727223129.0,20250321002001
508274,일진다이아,0,0,3,1,0,1,0,4,4,0,607347064513.0,594029354613.0,599305651807.0,20250312000641
508344,SK디앤디,3,3,1,3,1,0,0,5,5,6,1462224549572.0,2423076382258.0,2191576214447.0,20250314001183
520887,비상교육,0,0,3,1,0,1,0,4,4,0,388227963004.0,362621260298.0,309226087513.0,20250320001015
525934,LX세미콘,3,3,2,4,1,0,0,7,7,15,1499801948860.0,1205064944737.0,1289618542133.0,20250312001059
526599,덴티움,0,0,4,4,0,0,0,8,8,0,894428873103.0,773770340890.0,674583964552.0,20250321000457
534598,한컴라이프케어,0,0,3,3,3,1,0,9,9,0,198508016060.0,182210002869.0,208029841056.0,20250318000353
539274,대상홀딩스,0,0,4,2,2,1,2,6,8,2,4418554230618.0,4159485425647.0,4015327448810.0,20250319001086
540605,이월드,0,0,3,2,0,1,0,5,5,0,426903853313.0,421666523743.0,431705014700.0,20250313000580
540641,동양고속,3,3,4,3,0,0,1,6,7,2,157734719637.0,168393915617.0,165498374153.0,20250321001272
544452,이리츠코크렙,0,0,2,0,9,0,2,9,11,0,676886464617.0,682625491786.0,690297270403.0,20250317000839
545716,롯데렌탈,2,2,2,3,1,0,1,5,6,15,7006616781040.0,6718109060318.0,6927204106064.0,20250314001522
547583,하나금융지주,6,6,3,9,0,1,2,10,12,20,637847513000000.0,591925995000000.0,568603280000000.0,20250317000894
555874,제주항공,3,3,2,3,1,0,0,6,6,10,1998506193261.0,1980894333656.0,1644674848545.0,20250318001006
557508,GKL,0,0,5,7,0,1,1,11,12,0,616232394204.0,639368283536.0,609513166650.0,20250328001704
557933,진도,0,0,2,1,0,1,0,3,3,1,134793951029.0,124296633811.0,129200779871.0,20250327001019
564562,엠씨넥스,3,3,2,3,0,0,1,4,5,23,574103551032.0,535697470080.0,538890010550.0,20250318001032
565154,이노션,3,3,3,3,1,0,2,5,7,23,2714582224859.0,2560209103473.0,2290142554591.0,20250318001237
573579,평화산업,3,3,5,3,0,0,0,8,8,9,232580292137.0,252411568748.0,236600606117.0,20250317000667
583424,아모레퍼시픽,3,3,4,6,0,0,3,7,10,51,6783507800768.0,5886510888702.0,5801783178159.0,20250317000429
583442,노루페인트,0,0,5,2,0,1,0,7,7,9,667672287993.0,668631273273.0,668177302153.0,20250313001422
585219,세원이앤씨,0,0,6,1,0,1,0,7,7,9,274123838165.0,343623737505.0,282702159615.0,20250321001919
587466,KPX홀딩스,0,0,3,1,0,1,0,4,4,3,2018154285684.0,1928646649981.0,1819893802654.0,20250313001218
589127,KEC,0,0,2,1,0,1,0,3,3,0,450489555516.0,447745860874.0,401136512524.0,20250319000838
593032,LF,3,3,4,3,0,0,0,7,7,15,2914966723645.0,2755627761730.0,2584040376470.0,20250318000532
595191,후성,0,0,2,1,0,1,0,3,3,11,826277280544.0,853376951920.0,933755417033.0,20250317000896
622787,바이오노트,0,0,4,3,0,0,0,7,7,9,1697157256602.0,1592842324191.0,1757001765786.0,20250318001275
628189,웅진씽크빅,3,3,1,3,1,0,0,5,5,5,679055394604.0,739376283681.0,790792230162.0,20250320001745
631518,SK이노베이션,3,3,2,5,1,1,3,5,8,104,110530097549000.0,80835513251000.0,67218924277000.0,20250318000862
632304,JW홀딩스,0,0,4,3,0,0,1,6,7,10,1250608664458.0,1176266427927.0,1157579707497.0,20250318001204
633835,HJ중공업,4,4,2,4,0,0,1,5,6,0,2204429000000.0,2890585000000.0,2567697000000.0,20250320001670
635134,CJ제일제당,4,4,2,4,0,0,0,6,6,0,30149997467000.0,29606279551000.0,30013241845000.0,20250321001604
646732,진양홀딩스,0,0,3,1,0,1,0,4,4,1,667046949686.0,643080913118.0,597085261527.0,20250306000676
648721,SNT에너지,0,0,3,1,0,1,0,4,4,0,516608191578.0,423163460482.0,429772701838.0,20250220001320
651901,에어부산,3,2,2,2,3,0,0,7,7,1,1417585685197.0,1358083334270.0,1227883087659.0,20250317000731
652423,인바이오젠,0,0,2,2,0,1,1,3,4,0,162730128455.0,145703789452.0,144283848412.0,20250321001009
653024,진에어,4,4,3,4,0,0,0,7,7,6,1227138208863.0,952331547674.0,757789019510.0,20250318000022
661847,화인베스틸,3,3,4,3,0,0,0,7,7,6,152372838073.0,190295962377.0,179622909869.0,20250321001405
670340,씨에스윈드,3,3,4,3,0,0,1,6,7,13,3609483010970.0,2869361277711.0,1784106978440.0,20250325000771
671376,티웨이항공,0,0,4,3,0,0,0,7,7,16,1562449951177.0,1283873353732.0,1042495890560.0,20250321001231
679314,동성케미컬,0,0,3,2,0,1,0,5,5,22,1072894256482.0,970612855578.0,899511754452.0,20250515001393
681142,쌍방울,3,3,3,4,0,0,1,6,7,0,126894720950.0,143820156106.0,167746018396.0,20250321001840
683469,일진전기,0,0,3,1,0,1,0,4,4,15,1249038272000.0,928888144000.0,839513249000.0,20250312000485
684714,풍산,3,3,3,4,0,0,1,6,7,34,4096582596724.0,3660628679317.0,3395297191796.0,20250313001378
684802,에이플러스에셋,3,3,2,3,2,0,0,7,7,0,479276186298.0,372854700755.0,345302037105.0,20250320001609
687711,한국철강,3,3,3,3,0,0,0,6,6,4,899069317215.0,972464324884.0,948549497436.0,20250320001288
688996,KB금융,4,4,1,7,1,1,3,6,9,23,757845532000000.0,715725416000000.0,688653482000000.0,20250526000370
706715,미원홀딩스,0,0,4,3,0,0,0,7,7,2,494326942400.0,467503157829.0,485886407079.0,20250319000813
728638,한세실업,0,0,3,3,0,0,1,5,6,10,1424527346288.0,1237247610671.0,1239211177169.0,20250318000934
753643,주성코퍼레이션,4,3,3,5,0,0,2,6,8,0,36612068110.0,34134611938.0,32951331825.0,20250318000167
759513,LX하우시스,3,3,2,4,1,0,1,6,7,21,2354297000000.0,2384792000000.0,2483729000000.0,20250318001456
760971,크래프톤,3,3,2,5,0,0,4,3,7,8,7919463568015.0,6440456619598.0,6037783966136.0,20250318001121
767460,PI첨단소재,3,3,1,3,3,0,1,6,7,7,527526386235.0,517945909903.0,498996615717.0,20250313000132
776820,영원무역,3,3,3,4,0,1,2,5,7,20,5389722907461.0,5297123640656.0,4513623780811.0,20250321001998
787376,대성에너지,3,3,7,3,0,0,1,9,10,0,797405774074.0,803198158498.0,834489958201.0,20250320001296
791209,메타케어,0,0,3,0,0,1,1,2,3,4,156696839751.0,155304761752.0,189857328007.0,20250320001573
795135,코오롱인더,3,3,3,5,0,0,1,7,8,0,7248051156066.0,6002718764682.0,6003463015992.0,20250319000318
796994,조선선재,3,3,1,3,0,0,0,4,4,0,168292925340.0,155538184310.0,145133296597.0,20250715000164
797364,KC코트렐,0,0,2,1,0,1,0,3,3,0,294063763220.0,414426220424.0,323473720683.0,20250320001602
815369,에스제이엠,0,0,2,1,0,1,0,3,3,8,285110877176.0,251634548809.0,243275367790.0,20250320000753
816544,토니모리,3,3,3,3,0,0,1,5,6,5,210769726620.0,202609068278.0,199062053733.0,20250320000852
823429,한국화장품,0,0,2,1,0,1,0,3,3,7,57902458105.0,48624288729.0,43913329550.0,20250320001323
828497,한미약품,3,3,4,5,1,0,2,8,10,31,2020840493653.0,1898668375968.0,1924585730838.0,20250318001206
828789,대성산업,3,3,4,3,2,1,1,8,9,9,1686365340319.0,1733306521982.0,1824588314611.0,20250320001121
838500,엘브이엠씨,0,0,5,2,0,0,0,7,7,0,502559201.0,505537142.0,526527912.0,20250425000879
852087,시디즈,0,0,3,2,0,0,1,4,5,0,98603256829.0,95079294654.0,85063020141.0,20250328002312
854997,에스디바이오센서,3,3,3,4,0,0,0,7,7,22,3888464488208.0,3788831050300.0,3261922382065.0,20250318001095
855093,선진,0,0,4,3,0,0,0,7,7,8,,,1333616177351.0,20250318001380
855163,미원화학,3,3,3,3,0,0,0,6,6,0,187152690281.0,164770958446.0,147864035732.0,20250310000394
858364,BNK금융지주,4,4,1,7,0,1,1,7,8,8,152470490926534.0,145783633894264.0,136932606929118.0,20250318001176
860332,메리츠금융지주,3,3,2,4,0,1,1,5,6,15,115578247112858.0,102235842680189.0,88977399369676.0,20250328001697
860730,에이리츠,0,0,2,2,0,0,1,3,4,2,82884263423.0,82285456068.0,89680360097.0,20250314000900
861076,케이탑리츠,0,0,2,3,0,0,0,5,5,2,205048917905.0,213094328463.0,270247968384.0,20250312000670
872984,이마트,3,3,3,4,0,0,1,6,7,0,33930639265588.0,33443865586475.0,33201721508714.0,20250318000688
877059,삼성바이오로직스,3,3,3,4,0,0,1,6,7,0,17336296349511.0,16046197209196.0,16582050258486.0,20250306000580
878696,에스케이바이오팜,0,0,2,4,1,0,3,4,7,17,1036810779623.0,723170577189.0,664241139428.0,20250318001091
878915,iM금융지주,7,7,1,7,0,1,1,7,8,6,94148635110781.0,93359783776425.0,89983920399637.0,20250318000693
896285,삼양사,3,3,4,5,0,0,1,8,9,24,3319926499915.0,3205001054507.0,2949649128405.0,20250319000739
904672,넷마블,5,5,3,5,1,0,1,8,9,0,8177066253496.0,7915865389294.0,8935573715860.0,20250321001686
911955,잇츠한불,3,3,3,3,0,0,0,6,6,6,516038762059.0,498568311609.0,486153355769.0,20250321001259
936787,애경케미칼,0,0,3,3,1,0,1,6,7,8,1356432222259.0,1308360653097.0,1234083722711.0,20250314001606
937324,한국타이어앤테크놀로지,3,3,2,6,0,0,1,7,8,0,15849744509888.0,12763305688360.0,12581364159005.0,20250318001355
939331,한국콜마,0,0,4,3,0,2,1,6,7,34,3126693019808.0,3009429377714.0,2933309479342.0,20250318001173
939687,동일고무벨트,0,0,1,3,1,0,1,4,5,0,354076507146.0,374040833046.0,381228401577.0,20250312000762
956930,동아에스티,0,0,3,4,0,0,0,7,7,17,1391734505157.0,1283760898034.0,1157724933604.0,20250321001967
968607,더본코리아,0,0,4,3,0,0,0,7,7,6,352697366866.0,208381292179.0,174725582891.0,20250320000574
972503,일진하이솔루스,0,0,2,1,1,1,0,4,4,4,344277767089.0,338352795709.0,342505450921.0,20250312000525
980122,JB금융지주,5,5,1,9,1,1,2,9,11,7,66721914000000.0,63403970000000.0,59828165000000.0,20250319000926
983040,한진칼,3,3,4,8,0,0,1,11,12,2,4207157981000.0,3784921894000.0,3915077622000.0,20250318001316
983271,NHN,3,3,3,3,0,0,1,5,6,0,3193036597819.0,3449677276360.0,3025182021029.0,20250331004208
990165,아세아시멘트,0,0,6,2,0,1,0,8,8,12,2195403207000.0,2120387916000.0,2040009732000.0,20250320001240
992871,종근당,0,0,4,2,0,2,1,5,6,34,1458764796383.0,1402428435512.0,1124882797791.0,20250325000403
1009789,코스맥스,0,0,3,1,0,1,0,4,4,42,1933713489313.0,1557077274819.0,1396450504662.0,20250416000526
1010110,더블유게임즈,3,3,3,3,0,0,0,6,6,2,1646281734989.0,1288624909154.0,1235636097982.0,20250318001413
1026157,쏘카,3,2,2,3,3,0,3,5,8,0,631516754233.0,679023237717.0,585713154632.0,20250318001072
1032413,해성디에스,3,3,3,3,1,0,0,7,7,0,794194183895.0,688727319732.0,659613821545.0,20250314001664
1032486,두산밥캣,4,4,2,4,0,0,1,5,6,13,8169804000.0,8043861000.0,7297709000.0,20250318001351
1035289,스타에스엠리츠,0,0,2,1,1,0,0,4,4,0,81910409782.0,99300326294.0,123102080292.0,20250407004316
1036446,서연이화,3,3,3,3,0,1,0,6,6,0,2953841527430.0,2357850900807.0,1930332276171.0,20250331003613
1042775,HL만도,3,3,3,4,0,0,1,6,7,93,7052043027166.0,6286700392151.0,5845841407280.0,20250326001216
1059605,디와이파워,0,0,3,1,0,1,0,4,4,6,353395292441.0,336728433730.0,327522399303.0,20250312001039
1060744,한솔제지,3,3,4,5,0,0,1,8,9,17,2016850557370.0,2074407699041.0,2210015517155.0,20250314001432
1060814,삼양패키징,0,0,2,1,1,1,0,4,4,4,667277219833.0,642040554408.0,642561004274.0,20250318001393
1093007,LS에코에너지,3,2,1,2,3,0,0,6,6,0,488677147541.0,408424609724.0,506732778044.0,20250318000837
1105153,두산로보틱스,3,3,4,3,0,0,0,7,7,3,421690971946.0,456422079722.0,62618404596.0,20250321001817
1108099,현대코퍼레이션홀딩스,3,3,2,3,1,0,0,6,6,3,376109428033.0,344014186935.0,296127566149.0,20250318000745
1128613,화승엔터프라이즈,3,3,2,3,2,0,0,7,7,0,1537604343788.0,1360570205531.0,1475831730945.0,20250317000315
1133217,카카오뱅크,3,3,2,5,1,1,1,7,8,18,62805282000000.0,54488157000000.0,39516079000000.0,20250411001905
1159233,솔루엠,0,0,3,2,0,1,0,5,5,22,982730815617.0,938644554384.0,1034302040090.0,20250320001637
1167056,샘표식품,0,0,3,1,0,1,0,4,4,10,369927923047.0,366709739033.0,350286507374.0,20250314000817
1168383,일동제약,0,0,4,2,0,2,0,6,6,15,589042895205.0,611260857045.0,655810213933.0,20250318001280
1180118,코람코더원리츠,0,0,4,0,8,4,0,12,12,0,511512336502.0,511857698897.0,512895889358.0,20250212000399
1190568,에이피알,3,3,2,3,0,0,1,4,5,4,565143563187.0,287309488243.0,183130939633.0,20250321001576
1194689,HD현대마린솔루션,4,4,2,4,1,0,1,6,7,9,1152227968481.0,656618146496.0,519815758191.0,20250509000499
1199550,HD현대에너지솔루션,3,3,2,3,0,0,0,5,5,6,453774373436.0,502056913859.0,652825960031.0,20250317000724
1204056,하이브,3,3,3,5,1,0,1,8,9,8,5479186860000.0,5345681487000.0,4870434315000.0,20250321001187
1205329,크라운제과,0,0,2,2,0,0,0,4,4,7,350878102877.0,338608141951.0,330163311049.0,20250320000868
1205709,HD현대,3,3,2,3,0,0,1,4,5,10,73866670219000.0,67982820888000.0,65570861076000.0,20250319001012
1205842,HD현대건설기계,3,3,2,3,0,0,1,4,5,16,3324625332000.0,3296953373000.0,3448586770000.0,20250327000348
1205851,HD현대일렉트릭,3,3,2,3,0,0,1,4,5,30,3795545096460.0,2910160077690.0,2435030170738.0,20250320001309
1208885,경동도시가스,0,0,2,1,1,1,0,4,4,4,947683277099.0,951329118368.0,1067615033035.0,20250318000876
1210677,씨케이솔루션,0,0,3,3,1,0,0,7,7,23,188423078176.0,136588232562.0,155553111109.0,20250320001576
1234297,미원에스씨,3,3,4,3,0,0,0,7,7,10,512101745784.0,461187881064.0,475733780981.0,20250312000902
1236897,제일약품,3,3,4,3,0,0,0,7,7,16,525699687066.0,487326297597.0,456891539429.0,20250317000697
1238169,오리온,3,3,2,3,0,0,0,5,5,0,4308449797008.0,3521385127842.0,3371683914220.0,20250318001260
1244601,카카오페이,3,3,1,4,1,0,1,5,6,10,4414712217433.0,3966486618370.0,3331422320817.0,20250313001156
1258507,롯데웰푸드,3,3,4,5,0,0,1,8,9,44,4341728167516.0,4199096312587.0,4105259178628.0,20250617000244
1261893,케이씨텍,3,3,6,3,0,0,0,9,9,29,549141198730.0,499951266115.0,483313331794.0,20250318001445
1262032,롯데이노베이트,0,0,3,3,0,0,1,5,6,17,950573044038.0,944050170382.0,871931521611.0,20250320001204
1263022,BGF리테일,3,3,2,5,0,0,1,6,7,0,3402590175982.0,3219078523118.0,2946235271626.0,20250318000733
1267170,SK케미칼,3,3,2,4,1,0,1,6,7,29,5367048627339.0,4158774903691.0,3945682879744.0,20250318000565
1267684,쿠쿠홈시스,3,3,1,3,0,0,0,4,4,3,1381577133923.0,1138110386834.0,1016960290726.0,20250331004301
1276594,신한알파리츠,0,0,2,0,12,2,4,10,14,0,2158801775445.0,2004292844565.0,1825422708400.0,20241211000290
1310269,HDC현대산업개발,3,3,3,3,0,0,1,5,6,34,7461863865856.0,7016268809820.0,7336326609377.0,20250318000895
1311408,에코프로머티,3,3,2,4,1,0,2,5,7,7,1290236698738.0,1104235205797.0,634913145189.0,20250402002504
1316227,효성티앤씨,3,3,3,3,0,0,0,6,6,46,4724182664945.0,4070471419196.0,4319879312472.0,20250312000116
1316236,효성화학,3,3,2,3,0,0,1,4,5,25,3272029757634.0,3115610852602.0,3131118899043.0,20250312001129
1316245,효성중공업,3,3,3,5,0,0,1,7,8,44,6218812921202.0,4761300218430.0,4693470608273.0,20250312000970
1316254,HS효성첨단소재,3,3,3,3,0,0,0,6,6,35,3820765107830.0,3167433916060.0,3055566647879.0,20250312001093
1319808,한일시멘트,3,3,3,4,0,0,0,7,7,15,2988334569492.0,2867925364376.0,2460836871897.0,20250317000951
1319899,SK바이오사이언스,3,3,2,4,1,0,0,7,7,25,2843596036892.0,1852439180084.0,2141931383550.0,20250317000856
1323032,케이카,3,3,1,3,3,0,0,8,8,10,524847598138.0,554118292957.0,534356690809.0,20250318000964
1325979,세아제강,0,0,3,4,0,0,1,6,7,14,1823848054024.0,1535913844662.0,1465129428987.0,20250312000987
1350869,우리금융지주,4,4,1,7,0,1,2,6,8,9,525753320000000.0,498004936000000.0,480474396000000.0,20250318001196
1363818,롯데리츠,0,0,2,0,0,0,0,2,2,0,2623648647194.0,2301822104866.0,2313651238698.0,20250312000767
1384787,시프트업,0,0,3,3,1,0,1,6,7,5,803831909889.0,203918102465.0,91904189243.0,20250319000952
1386916,SK아이이테크놀로지,3,3,1,4,1,0,3,3,6,12,4150138152000.0,4083815083000.0,3497335365000.0,20250317000867
1390344,HD현대중공업,3,3,2,3,0,0,1,4,5,121,19390946750000.0,17133618109000.0,16289398053000.0,20250318000897
1391033,NH프라임리츠,0,0,2,0,4,2,0,6,6,0,112623172402.0,106456041628.0,110564160617.0,20250214002376
1394377,이지스밸류플러스리츠,0,0,2,0,4,1,2,4,6,0,520480441607.0,579101258437.0,560953885769.0,20241121000504
1412725,두산퓨얼셀,4,4,2,4,0,0,0,6,6,5,1179654638065.0,1070842523161.0,1026929716010.0,20250318001214
1412822,솔루스첨단소재,3,3,2,3,2,0,0,7,7,0,2079395108546.0,1706722451080.0,1461040406251.0,20250319000924
1415892,제이알글로벌리츠,0,0,2,0,4,2,0,6,6,0,2146506925558.0,2124785872377.0,2056286188750.0,20250321001699
1428203,케이씨씨글라스,3,3,2,3,0,0,0,5,5,0,2494298894368.0,2223679597409.0,2209564785783.0,20250320001046
1430475,코람코라이프인프라리츠,0,0,2,0,4,2,0,6,6,0,1279218586238.0,1255981315541.0,1260156967376.0,20250211000671
1436558,신한서부티엔디리츠,0,0,2,0,6,2,0,8,8,0,968440003900.0,648090988551.0,621509408960.0,20250312000416
1436628,이지스레지던스리츠,0,0,2,0,4,2,0,6,6,0,401388501650.0,394405280398.0,363370309434.0,20250314001675
1437186,ESR켄달스퀘어리츠,0,0,2,0,8,2,2,8,10,0,2525183126010.0,2473297506408.0,2343918337381.0,20250218000559
1437292,미래에셋맵스리츠,0,0,2,0,4,2,2,4,6,0,302492164214.0,304265746997.0,292039569276.0,20250220001436
1442966,마스턴프리미어리츠,0,0,2,0,4,2,3,3,6,0,160414844184.0,155430160438.0,170145353553.0,20241223000285
1475609,디앤디플랫폼리츠,0,0,2,0,8,2,0,10,10,0,852959307008.0,856998452958.0,860319134363.0,20241202000425
1478712,대덕전자,0,0,3,1,0,1,0,4,4,29,1088723750887.0,1127535530258.0,1191756988159.0,20250319000892
1480780,NH올원리츠,0,0,2,0,4,2,0,6,6,0,654595069924.0,660449117491.0,695374934490.0,20250314001464
1497869,티와이홀딩스,3,3,3,4,0,0,0,7,7,5,1801419186444.0,2316936129612.0,2282963063406.0,20250320001392
1510489,프레스티지바이오파마,5,5,2,5,1,0,3,7,10,2,512323973.0,564899607.0,386583053.0,20240919000201
1515323,LG에너지솔루션,4,4,2,4,1,0,2,5,7,126,60306791000000.0,45437144000000.0,38299445000000.0,20250312000405
1519790,엠앤씨솔루션,0,0,2,3,2,0,1,6,7,3,357113314488.0,328756466141.0,555404479161.0,20250319000653
1524093,DL이앤씨,3,3,2,4,0,0,1,5,6,41,9712402219987.0,9344058758180.0,8974717444285.0,20250314001639
1532603,화승알앤에이,3,3,4,3,0,0,0,7,7,9,469867845903.0,430773739630.0,422569200239.0,20250321001314
1535150,SK리츠,0,0,4,0,0,0,0,4,4,0,4433542205994.0,4232565579262.0,4422943409055.0,20250312001045
1562589,LX홀딩스,3,3,3,4,0,0,0,7,7,3,1905018000000.0,1698527000000.0,1635041000000.0,20250321001172
1568413,F&F,0,0,4,3,0,0,2,5,7,19,2285904738684.0,2005097998970.0,1570179025400.0,20250318001144
1576102,미래에셋글로벌리츠,0,0,2,0,4,2,2,4,6,0,361337561141.0,369857871994.0,352325224080.0,20241213000520
1596425,SK스퀘어,3,3,1,3,1,0,1,4,5,0,21921051000000.0,17970008000000.0,22160583000000.0,20250319001044
1622720,KB스타리츠,0,0,2,0,5,2,0,7,7,0,1078591739263.0,1034432803924.0,982489297616.0,20241016000322
1649204,달바글로벌,2,2,2,2,1,0,1,4,5,5,136108165193.0,78003609126.0,39355570451.0,20250318000466
1669226,한화리츠,0,0,4,0,0,0,0,4,4,0,1586401656876.0,712472007685.0,710393030576.0,20250110000545
1688896,삼성FN리츠,0,0,4,0,8,4,0,12,12,0,882689580845.0,733710018545.0,737816409000.0,20250108000357
1702017,유니드비티플러스,0,0,2,1,0,1,0,3,3,3,235451613708.0,219885414270.0,213631274794.0,20250319000185
1712485,코오롱모빌리티그룹,0,0,4,2,1,1,0,7,7,2,960684387370.0,804299524207.0,,20250318001337
1714997,신한글로벌액티브리츠,0,0,1,0,4,1,1,4,5,0,167620136884.0,168359472640.0,178103822513.0,20241118000337
1721809,현대그린푸드,3,3,4,3,0,0,0,7,7,13,955626273000.0,880317203000.0,,20250314000805
1722437,한화갤러리아,0,0,2,3,0,0,1,4,5,14,1887829805034.0,1855072139756.0,,20250317000838
1760738,OCI,3,3,2,3,0,0,1,4,5,0,2283045417000.0,1990471193000.0,,20250314001304
1762569,이수스페셜티케미컬,0,0,3,1,0,1,0,4,4,8,299546745134.0,217960142410.0,,20250320001543
1765256,동국씨엠,3,3,2,3,0,0,1,4,5,12,1835139730494.0,1710734507031.0,,20250317000943
1765265,동국제강,3,3,2,3,0,0,1,4,5,20,3194015021446.0,3531787086236.0,,20250317000722
1770203,조선내화,0,0,3,3,1,0,0,7,7,0,575538213000.0,438033783000.0,,20250311000815
1784394,STX그린로지스,0,0,2,2,1,1,1,4,5,0,239026712635.0,73934283329.0,,20250320001570
1817081,SK이터닉스,0,0,1,1,2,1,0,4,4,3,731694676657.0,,,20250317000875
1854763,HS효성,0,0,3,0,0,0,0,3,3,12,1143492676338.0,,,20250312000990
1867758,한화비전,3,3,1,3,0,0,1,3,4,2,1591146181854.0,,,20250317000812
1882845,GS피앤엘,3,3,1,3,1,0,1,4,5,0,2269555200465.0,,,20250311001121
