rcept_no,corp_cls,corp_code,corp_name,nmpr,jan_avrg_mendng_am,mendng_totamt,rm,stlm_dt
20250313001154,Y,00173944,우진,7,"712,026,000","4,984,181,000",-,2024-12-31
20250318001356,Y,00109286,대동,7,"427,000,000","2,992,000,000",-,2024-12-31
20250313000953,Y,00129350,삼화콘덴서공업,9,"235,095,000","2,115,856,000",-,2024-12-31
20250320001552,Y,00144252,유니온,5,"286,000,000","1,431,000,000",-,2024-12-31
20250321000814,Y,00303217,우진플라임,5,"188,070,000","940,351,000",-,2024-12-31
20250331003613,Y,01036446,서연이화,6,"173,000,000","1,035,000,000",-,2024-12-31
20250313001407,Y,00112970,대한방직,7,"124,000,000","867,000,000",-,2024-12-31
20250320001142,Y,00129554,갤럭시아에스엠,5,"59,000,000","293,000,000",-,2024-12-31
20250321001882,Y,00163691,유수홀딩스,4,"107,235,000","428,938,000",-,2024-12-31
20250313000035,Y,00260392,대원전선,5,"138,406,000","692,031,000",-,2024-12-31
20250327000507,Y,00153524,태림포장,5,"144,000,000","720,000,000",-,2024-12-31
20250320001025,Y,00105156,극동유화,8,"148,000,000","1,186,000,000",-,2024-12-31
20250328001256,Y,00146649,일진홀딩스,4,"187,000,000","749,000,000",-,2024-12-31
20250317000710,Y,00148443,제일파마홀딩스,7,"92,592,000","648,141,000",-,2024-12-31
20250320000832,Y,00148939,조광피혁,6,"292,000,000","1,750,000,000",-,2024-12-31
20250312000902,Y,01234297,미원에스씨,7,"176,754,000","1,237,277,000",-,2024-12-31
20250321001555,Y,00166272,화승코퍼레이션,8,"342,831,000","3,240,031,000",-,2024-12-31
20250321000993,Y,00143794,원림,4,"59,853,000","239,411,000",-,2024-12-31
20250314000900,Y,00860730,에이리츠,5,"124,467,000","622,333,000",-,2024-12-31
20250317000659,Y,00145260,율촌화학,4,"587,138,723","2,348,554,890",-,2024-12-31
20250319001022,Y,00118965,티에이치엔,5,"259,000,000","1,297,000,000",-,2024-12-31
20250320001288,Y,00687711,한국철강,6,"329,000,000","2,303,000,000",-,2024-12-31
20240523000442,Y,01394377,이지스밸류플러스리츠,4,"1,800,000","1,800,000",-,2024-02-29
20241121000504,Y,01394377,이지스밸류플러스리츠,4,"1,950,000","7,800,000",-,2024-08-31
20240619000177,Y,00118008,동원금속,6,"106,000,000","633,000,000",-,2024-03-31
20250317000970,Y,00132354,쿠쿠홀딩스,5,"196,000,000","979,000,000",-,2024-12-31
20250319001004,Y,00159254,한국전자홀딩스,4,"218,000,000","873,000,000",-,2024-12-31
20241219000451,Y,00168401,금비,5,"120,000,000","600,000,000",-,2024-09-30
20250220001320,Y,00648721,SNT에너지,5,"150,705,000","753,525,000",-,2024-12-31
20240919000331,Y,00136341,신성통상,4,"590,000,000","2,361,000,000",-,2024-06-30
20250321001314,Y,01532603,화승알앤에이,7,"250,748,000","2,062,841,000",-,2024-12-31
20250320001238,Y,00107224,남선알미늄,5,"201,085,000","1,005,424,000",-,2024-12-31
20240913000664,Y,01415892,제이알글로벌리츠,4,"6,000,000","24,000,000",-,2024-06-30
20250321001699,Y,01415892,제이알글로벌리츠,4,"6,000,000","24,000,000",-,2024-12-31
20250320001314,Y,00111458,대영포장,8,"222,377,000","1,779,019,000",-,2024-12-31
20250318001129,Y,00218575,황금에스티,5,"121,000,000","603,000,000",-,2024-12-31
20250808000388,Y,00134316,세원정공,6,"35,887,000","215,320,000",-,2024-06-30
20250313001313,Y,00103042,케이씨티시,6,"155,000,000","928,000,000",-,2024-12-31
20250805000299,Y,00120872,만호제강,6,"187,000,000","1,121,000,000",-,2024-06-30
20250331004301,Y,01267684,쿠쿠홈시스,4,"107,000,000","430,000,000",-,2024-12-31
20250325000971,Y,00104698,LS네트웍스,6,"100,000,000","601,000,000",-,2024-12-31
20241219000406,Y,00122348,방림,7,"138,000,000","965,000,000",-,2024-09-30
20250320001290,Y,00135777,신대양제지,9,"283,684,000","2,553,158,000",-,2024-12-31
20250320001464,Y,00127200,삼영전자공업,8,"222,000,000","1,783,000,000",-,2024-12-31
20250320000970,Y,00147222,전방,5,"112,175,000","560,873,000",-,2024-12-31
20250320000112,Y,00145464,이구산업,7,"139,310,000","975,173,000",-,2024-12-31
20250318000825,Y,00109161,태경케미컬,5,"119,391,000","596,955,000",-,2024-12-31
20250320001362,Y,00101628,경방,5,"141,546,000","707,731,000",-,2024-12-31
20250320000852,Y,00816544,토니모리,6,"280,000,000","1,680,000,000",-,2024-12-31
20250320001323,Y,00823429,한국화장품,5,"59,000,000","297,000,000",-,2024-12-31
20250317000557,Y,00174004,유성기업,6,"82,683,000","496,100,000",-,2024-12-31
20250321000822,Y,00123107,보락,4,"97,965,000","391,858,000",-,2024-12-31
20250313000495,Y,00220561,광주신세계,6,"192,000,000","1,154,000,000",-,2024-12-31
20250804000178,Y,00165343,혜인,6,"258,000,000","1,545,000,000",-,2024-12-31
20250514000974,Y,00159218,한전KPS,10,"122,976,000","1,199,017,000","○ 급여지급인원 월 평균 9.75명
  - 퇴직자 4인 인건비 포함",2024-12-31
20250320001653,Y,00101220,KG케미칼,5,"210,000,000","1,050,000,000",-,2024-12-31
20250320001351,Y,00152686,코리아써키트,5,"194,000,000","969,000,000",퇴임 임원보수 포함,2024-12-31
20250318001319,Y,00162993,한일홀딩스,5,"822,948,000","3,330,717,000",-,2024-12-31
20250320000250,Y,00124027,부산산업,6,"131,880,000","791,280,000",-,2024-12-31
20250320000337,Y,00145686,이화산업,7,"48,051,000","336,360,000",-,2024-12-31
20250317000998,Y,00332927,제이에스코퍼레이션,5,"159,000,000","996,000,000",-,2024-12-31
20250220001279,Y,00398792,SNT모티브,5,"210,000,000","1,050,000,000",-,2024-12-31
20250318001171,Y,00148920,조광페인트,6,"158,000,000","951,000,000",-,2024-12-31
20240820000114,Y,01437292,미래에셋맵스리츠,4,"1,650,000","6,600,000","대표이사, 감사",2024-05-31
20250220001436,Y,01437292,미래에셋맵스리츠,4,"1,650,000","6,600,000","대표이사, 감사",2024-11-30
20250328001269,Y,00136864,신원,9,"302,561,000","2,723,047,000",-,2024-12-31
20250318000112,Y,00137809,SHD,4,"152,000,000","607,000,000",-,2024-12-31
20250320000777,Y,00136457,SH에너지화학,6,"368,000,000","2,210,000,000",-,2024-12-31
20250331004012,Y,00118345,디아이동일,10,"185,514,000","1,855,136,000",-,2024-12-31
20250321000631,Y,00121288,모나미,5,"203,395,000","1,016,976,000",-,2024-12-31
20250319000250,Y,00146269,일신방직,5,"174,380,000","871,900,000",-,2024-12-31
20250314000972,Y,00130091,샘표,4,"150,775,000","603,099,000",-,2024-12-31
20250312000916,Y,00138729,아세아제지,8,"281,000,000","2,246,000,000",-,2024-12-31
20250328001290,Y,00172936,동일산업,5,"192,000,000","961,000,000",-,2024-12-31
20250320001184,Y,00151395,천일고속,5,"506,000,000","2,534,000,000",-,2024-12-31
20250320000950,Y,00153126,크라운해태홀딩스,5,"158,727,000","793,637,000",-,2024-12-31
20250318000022,Y,00653024,진에어,7,"151,000,000","1,057,000,000",-,2024-12-31
20250311000946,Y,00203582,한솔홈데코,7,"138,000,000","1,102,000,000",-,2024-12-31
20250320001564,Y,00165583,E1,7,"1,026,000,000","7,182,000,000",-,2024-12-31
20250328001697,Y,00860332,메리츠금융지주,6,"14,382,000,000","86,290,000,000",-,2024-12-31
20250317000684,Y,00159023,SK텔레콤,9,"723,000,000","5,781,000,000",　-,2024-12-31
20250321001172,Y,01562589,LX홀딩스,7,"1,076,000,000","7,532,000,000",-,2024-12-31
20250320001714,Y,00138297,STX,4,"141,000,000","563,000,000",-,2024-12-31
20250319000937,Y,00159795,한국카본,5,"471,000,000","2,357,000,000",-,2024-12-31
20250318000646,Y,00118521,진원생명과학,4,"247,000,000","988,000,000",-,2024-12-31
20250326000601,Y,00105952,LS,7,"2,270,000,000","15,891,000,000",-,2024-12-31
20250320001367,Y,00160621,한국화장품제조,5,"122,000,000","610,000,000",-,2024-12-31
20250319001086,Y,00539274,대상홀딩스,7,"600,000,000","4,200,000,000",-,2024-12-31
20240508000550,Y,01180118,코람코더원리츠,4,"1,125,000","4,500,000",-,2024-02-29
20241113000147,Y,01180118,코람코더원리츠,4,"1,125,000","4,500,000",-,2024-08-31
20240814003168,Y,01180118,코람코더원리츠,4,"1,125,000","4,500,000",-,2024-05-31
20250212000399,Y,01180118,코람코더원리츠,4,"1,125,000","4,500,000",-,2024-11-30
20250313001156,Y,01244601,카카오페이,6,"39,000,000","234,000,000",　-,2024-12-31
20250320000493,Y,00150244,하이트진로,5,"419,270,575","2,096,352,876",-,2024-12-31
20250321000349,Y,00108977,대구백화점,6,"506,952,000","3,041,712,000",대표이사의 퇴직소득 정산금액 포함,2024-12-31
20250312000567,Y,00148522,퍼스텍,5,"159,000,000","797,000,000",-,2024-12-31
20250311000263,Y,00134963,송원산업,5,"267,000,000","1,333,000,000",-,2024-12-31
20250411001905,Y,01133217,카카오뱅크,8,"344,000,000","2,755,000,000",-,2024-12-31
20250312000816,Y,00129387,삼화페인트공업,6,"462,000,000","2,770,000,000",-,2024-12-31
20250317000781,Y,00148948,조비,5,"37,338,000","186,690,000",-,2024-12-31
20250521000343,Y,00124151,부산주공,4,"54,000,000","216,000,000",-,2024-12-31
20250320000091,Y,00157070,한국단자공업,28,"170,561,000","4,775,720,000",-,2024-12-31
20250318001351,Y,01032486,두산밥캣,6,"1,063,000,000","6,380,000,000",-,2024-12-31
20240612000397,Y,01535150,SK리츠,2,"9,000,000","18,000,000",-,2024-03-31
20240904000423,Y,01535150,SK리츠,2,"9,000,000","18,000,000",-,2024-06-30
20241204000311,Y,01535150,SK리츠,2,"9,000,000","18,000,000",-,2024-09-30
20250312001045,Y,01535150,SK리츠,2,"9,000,000","18,000,000",-,2024-12-31
20250318000980,Y,00117577,오리온홀딩스,5,"340,000,000","1,699,000,000",-,2024-12-31
20250313001148,Y,00113508,노루홀딩스,6,"495,000,000","2,971,000,000",-,2024-12-31
20250317000712,Y,00153755,태양금속공업,5,"302,000,000","1,508,000,000",-,2024-12-31
20250312000954,Y,00132804,성신양회,5,"149,000,000","747,000,000",-,2024-12-31
20241031000319,Y,01437186,ESR켄달스퀘어리츠,6,"9,500,000","57,000,000",기타비상무이사 1인 무보수,2024-05-31
20250218000559,Y,01437186,ESR켄달스퀘어리츠,6,"9,500,000","57,000,000",기타비상무이사 1인 무보수,2024-11-30
20250711000031,Y,00143262,우진아이엔에스,5,"196,349,000","981,743,000",-,2024-12-31
20250320000501,Y,00160861,한농화성,7,"160,757,000","1,125,300,000",-,2024-12-31
20250317000503,Y,00114093,덕성,6,"72,817,000","436,904,000",-,2024-12-31
20250318000960,Y,00415628,세진중공업,6,"556,751,000","3,340,503,000",-,2024-12-31
20250320001240,Y,00990165,아세아시멘트,9,"320,632,000","2,885,690,000",-,2024-12-31
20250515002269,Y,00165680,호텔신라,7,"497,000,000","3,354,000,000",-,2024-12-31
20250313001378,Y,00684714,풍산,7,"1,151,643,000","8,061,502,000",-,2024-12-31
20250311001190,Y,00126371,삼성전기,7,"468,000,000","3,276,000,000",-,2024-12-31
20250320000510,Y,00148993,하이트진로홀딩스,5,"88,000,000","441,000,000",-,2024-12-31
20250318001237,Y,00565154,이노션,7,"579,000,000","4,051,000,000",-,2024-12-31
20250318000532,Y,00593032,LF,7,"502,000,000","3,515,000,000",-　,2024-12-31
20250318000626,Y,00133511,SG세계물산,4,"206,809,000","827,234,000",-,2024-12-31
20250320001187,Y,00414601,유니퀘스트,7,"314,000,000","2,196,000,000",-,2024-12-31
20250328001604,Y,00416654,유엔젤,7,"138,514,000","969,601,000",-,2024-12-31
20250318000876,Y,01208885,경동도시가스,5,"210,961,000","1,054,804,000",-,2024-12-31
20250312000686,Y,00102140,경인전자,6,"11,229,000","673,738,000",-,2024-12-31
20250320001376,Y,00143527,경동인베스트,5,"176,497,000","882,483,000",-,2024-12-31
20250320001049,Y,00154055,태원물산,6,"63,850,000","383,100,000",-,2024-12-31
20250312000964,Y,00144164,SK가스,7,"684,000,000","4,791,000,000",-,2024-12-31
20250319000402,Y,00159564,한국주강,4,"181,868,750","727,475,000",-,2024-12-31
20250321001173,Y,00112165,디아이씨,4,"412,946,000","1,651,786,000",-,2024-12-31
20250312000116,Y,01316227,효성티앤씨,6,"157,000,000","783,000,000",-,2024-12-31
20250306000713,Y,00222532,LG헬로비전,6,"271,000,000","1,626,000,000",-,2024-12-31
20250319000892,Y,01478712,대덕전자,5,"255,000,000","1,276,000,000",-,2024-12-31
20250321001897,Y,00143314,에이엔피,5,"139,280,000","696,398,000",-,2024-12-31
20250312000788,Y,00138701,아세아,7,"314,306,000","2,200,140,000",-,2024-12-31
20250320001317,Y,00112022,대원화성,4,"43,000,000","174,000,000",-,2024-12-31
20250321001612,Y,00302926,현대로템,7,"585,000,000","4,092,000,000",-,2024-12-31
20250319000431,Y,00105299,금강공업,6,"444,178,000","2,665,068,000",-,2024-12-31
20250313001301,Y,00110893,대신증권,8,"738,000,000","5,906,000,000",-,2024-12-31
20250312001129,Y,01316236,효성화학,5,"173,000,000","864,000,000",-,2024-12-31
20250331003403,Y,00159102,DB손해보험,9,"261,428,000","2,352,849,000",-,2024-12-31
20250321001224,Y,00122898,벽산,5,"168,000,000","842,000,000",-,2024-12-31
20250318001173,Y,00939331,한국콜마,10,"357,000,000","3,567,000,000",-,2024-12-31
20250320001631,Y,00231372,롯데관광개발,6,"416,000,000","2,915,000,000",-,2024-12-31
20250313000817,Y,00129271,삼화전기,8,"235,321,000","1,882,571,000",-,2024-12-31
20250324000696,Y,00164812,현대코퍼레이션,6,"922,000,000","5,532,000,000",-,2024-12-31
20250317001028,Y,00172291,더존비즈온,6,"385,000,000","2,309,000,000",-,2024-12-31
20250318001257,Y,00300548,현대리바트,7,"315,000,000","2,208,000,000",-,2024-12-31
20250314000941,Y,00188089,한섬,9,"332,557,000","2,993,009,000",-,2024-12-31
20250317000810,Y,00106368,금호석유화학,10,"295,000,000","2,951,000,000",-,2024-12-31
20250321001425,Y,00149026,CS홀딩스,4,"159,332,000","637,329,000",-,2024-12-31
20250320000887,Y,00123781,부국철강,4,"340,000,000","1,362,000,000",-,2024-12-31
20250318000396,Y,00454946,그린케미칼,5,"200,000,000","998,000,000",-,2024-12-31
20250325000742,Y,00261285,한국가스공사,6,"128,450,000","770,700,000",(주1),2024-12-31
20250320000847,Y,00131692,서흥,5,"207,000,000","1,033,000,000",-,2024-12-31
20250318000777,Y,00122737,팬오션,7,"451,000,000","3,155,000,000",-,2024-12-31
20250321001351,Y,00107677,비비안,9,"48,837,302","439,535,722",-,2024-12-31
20250227006937,Y,00110608,DSR,4,"299,133,000","1,196,531,000",-,2024-12-31
20250312001039,Y,01059605,디와이파워,5,"98,000,000","491,000,000",-,2024-12-31
20250320000879,Y,00163345,DB,8,"314,000,000","2,509,000,000",-,2024-12-31
20250328002094,Y,00161709,퍼시스,6,"160,351,666","962,110,000",-,2024-12-31
20250318001275,Y,00622787,바이오노트,7,"234,000,000","1,640,000,000",-,2024-12-31
20250318001436,Y,00136402,신송홀딩스,5,"159,000,000","793,000,000",-,2024-12-31
20250317000553,Y,00133335,성창기업지주,4,"114,221,176","456,884,704",-,2024-12-31
20250319000740,Y,00369833,유니온머티리얼,5,"158,000,000","792,000,000",-,2024-12-31
20250318000789,Y,00131054,유진증권,5,"489,000,000","2,448,000,000",-,2024-12-31
20250317000861,Y,00151368,인터지스,5,"170,000,000","850,000,000",-,2024-12-31
20250327000192,Y,00159698,지역난방공사,10,"100,455,000","1,065,427,000",-,2024-12-31
20250313000950,Y,00128555,삼천리,5,"260,000,000","1,299,000,000",-,2024-12-31
20250320000634,Y,00112679,대창단조,6,"201,500,000","1,209,000,000",-,2024-12-31
20250318000918,Y,00160205,한국내화,4,"409,000,000","1,638,000,000",-,2024-12-31
20250313000955,Y,00129280,삼화전자공업,5,"35,627,000","178,134,000",-,2024-12-31
20250220001567,Y,00225159,SNT홀딩스,5,"160,000,000","799,000,000",-,2024-12-31
20250306000568,Y,00260383,대한유화,7,"605,000,000","4,234,000,000",-,2024-12-31
20250318000723,Y,00106395,금호전기,7,"166,000,000","1,163,000,000",-,2024-12-31
20250327001289,Y,00104999,윌비스,8,"123,000,000","985,000,000",-,2024-12-31
20250324000610,Y,00121543,무학,7,"181,000,000","1,267,000,000",-,2024-12-31
20250312001137,Y,00145109,유한양행,7,"329,000,000","2,306,000,000",-,2024-12-31
20250320000385,Y,00132628,성문전자,5,"100,160,000","500,880,000",-,2024-12-31
20250313001417,Y,00413523,한미글로벌,11,"245,000,000","2,698,000,000",-,2024-12-31
20250318000772,Y,00142883,우신시스템,4,"235,263,000","941,040,000",-,2024-12-31
20250319000926,Y,00980122,JB금융지주,11,"327,000,000","3,132,000,000",-,2024-12-31
20250313001050,Y,00118275,디아이,7,"450,000,000","3,151,000,000",-,2024-12-31
20250313000657,Y,00115384,동방아그로,7,"301,096,000","2,107,675,000",-,2024-12-31
20250318001253,Y,00404701,한국자산신탁,6,"260,000,000","1,619,000,000",-,2024-12-31
20250318001410,Y,00500254,GS,7,"1,202,000,000","8,411,000,000",-,2024-12-31
20250313000901,Y,00113359,교보증권,8,"247,338,000","1,978,707,000",기본보수/성과급/기타평균보수액 8명으로 계산,2024-12-31
20250317000206,Y,00148461,제일연마,7,"192,373,929","1,346,617,500",-,2024-12-31
20240813001318,Y,01391033,NH프라임리츠,4,"2,100,000","8,400,000",-,2024-05-31
20250214002376,Y,01391033,NH프라임리츠,4,"2,100,000","8,400,000",-,2024-11-30
20250718000228,Y,00177199,디씨엠,5,"254,000,000","1,272,000,000",-,2024-12-31
20250318001443,Y,00161976,한세예스24홀딩스,8,"164,557,000","1,151,898,000",-,2024-12-31
20250317000376,Y,00166315,화신,5,"115,000,000","576,000,000",-,2024-12-31
20250317000788,Y,00117629,동양철관,4,"64,000,000","257,000,000",-,2024-12-31
20250312001033,Y,00435312,하이스틸,5,"245,683,000","982,733,000",-,2024-12-31
20250318001006,Y,00555874,제주항공,6,"102,000,000","610,000,000",-,2024-12-31
20250318001070,Y,00120021,LG,7,"1,876,000,000","13,129,000,000",-,2024-12-31
20250320000910,Y,00432102,한국금융지주,11,"270,000,000","2,508,000,000",-,2024-12-31
20250318001334,Y,00113526,대한항공,14,"536,000,000","7,498,000,000",'24.3.21부 신임 3인 '24.3.21부 퇴임 3인 / '24.03.25부 퇴임 2인 포함,2024-12-31
20250311000605,Y,00115065,동남합성,6,"66,000,000","399,000,000",-,2024-12-31
20250321001734,Y,00170558,코웨이,7,"461,488,000","3,230,418,000",-,2024-12-31
20250320001129,Y,00269940,하나투어,12,"163,000,000","1,465,000,000",-,2024-12-31
20250314000812,Y,00129989,코스모신소재,6,"217,000,000","1,304,000,000",-,2024-12-31
20250731000339,Y,00356361,LG화학,8,"461,000,000","3,688,000,000",-,2024-12-31
20240618000339,Y,01576102,미래에셋글로벌리츠,4,"825,000","3,300,000",-,2024-03-31
20241213000520,Y,01576102,미래에셋글로벌리츠,4,"825,000","3,300,000",-,2024-09-30
20250313001390,Y,00106641,기아,9,"711,000,000","6,398,000,000",-,2024-12-31
20250324000768,Y,00152880,코오롱글로벌,10,"325,000,000","3,248,000,000",-,2024-12-31
20250328001694,Y,00138260,SIMPAC,5,"388,000,000","1,941,000,000",-,2024-12-31
20250620000111,Y,00120562,롯데지주,9,"1,066,000,000","9,329,000,000",-,2024-12-31
20250318000920,Y,00164724,현대엘리베이터,7,"116,000,000","812,000,000",-,2024-12-31
20250320001394,Y,00249247,YG PLUS,7,"226,000,000","1,585,000,000",　-,2024-12-31
20250320001103,Y,00159616,두산에너빌리티,8,"1,253,000,000","10,024,000,000",-,2024-12-31
20250318001112,Y,00139764,에넥스,5,"218,352,000","1,091,761,000",-,2024-12-31
20250310000865,Y,00140955,한솔케미칼,6,"336,000,000","2,015,000,000",-,2024-12-31
20250317000938,Y,00105606,금호에이치티,5,"143,000,000","715,000,000",-,2024-12-31
20250318000783,Y,00133618,세기상사,6,"26,413,000","158,476,000",-,2024-12-31
20250318000667,Y,00133812,세방,7,"422,538,927","2,957,772,490",-,2024-12-31
20250319000744,Y,00123772,부국증권,7,"211,000,000","1,685,000,000",-,2024-12-31
20250312000675,Y,00158112,한국수출포장공업,5,"228,000,000","1,140,000,000",-,2024-12-31
20250715000144,Y,00163196,한일철강,5,"279,635,000","1,398,177,000",-,2024-12-31
20250318001422,Y,00108135,녹십자홀딩스,5,"603,000,000","3,013,000,000",-,2024-12-31
20250312000891,Y,00109718,사조대림,8,"169,007,994","1,352,063,955",-,2024-12-31
20250318001036,Y,00100939,강남제비스코,7,"102,616,000","718,312,000",-,2024-12-31
20250320000853,Y,00423690,삼성출판사,7,"232,000,000","1,627,000,000",-,2024-12-31
20250319000355,Y,00152039,SG글로벌,5,"75,983,000","379,916,000",-,2024-12-31
20250313001218,Y,00587466,KPX홀딩스,5,"335,002,000","1,675,011,000",-,2024-12-31
20250318000559,Y,00141413,영화금속,5,"154,873,000","774,369,000",-,2024-12-31
20250320001398,Y,00115287,동방,8,"242,000,000","1,934,000,000",-,2024-12-31
20250317000315,Y,01128613,화승엔터프라이즈,7,"92,000,000","641,000,000",-,2024-12-31
20250715000164,Y,00796994,조선선재,4,"158,432,000","633,729,000",-,2024-12-31
20250314000954,Y,00353878,다스코,6,"339,000,000","2,037,000,000",-,2024-12-31
20250318001121,Y,00760971,크래프톤,7,"961,000,000","6,729,000,000",-,2024-12-31
20250320001026,Y,00122579,BYC,10,"70,619,000","706,197,000",퇴직금 포함,2024-12-31
20250320000753,Y,00815369,에스제이엠,4,"97,752,000","391,008,000",-,2024-12-31
20250321001687,Y,00156354,지엠비코리아,6,"93,073,000","558,440,000",-,2024-12-31
20250318001105,Y,00197759,미래산업,7,"77,000,000","545,000,000",-,2024-12-31
20250321001828,Y,00400857,에이블씨엔씨,7,"91,000,000","636,000,000",대표집행임원 포함,2024-12-31
20250320001416,Y,00194947,한전산업,10,"132,588,000","1,325,886,000",-,2024-12-31
20250321001800,Y,00108612,DS단석,7,"207,558,000","1,452,904,000",-,2024-12-31
20250220001259,Y,00134477,SNT다이내믹스,5,"163,920,000","819,600,000",-,2024-12-31
20250319000503,Y,00138279,S-Oil,11,"176,579,000","1,942,373,000",-,2024-12-31
20250318000552,Y,00160418,한국무브넥스,5,"148,000,000","739,000,000",-,2024-12-31
20250320001454,Y,00145552,이수화학,7,"152,000,000","1,063,000,000",-,2024-12-31
20250313001452,Y,00116949,DN오토모티브,6,"317,175,000","1,903,050,000",-,2024-12-31
20250320000220,Y,00269241,주연테크,6,"39,660,000","199,300,000",-,2024-12-31
20250331002907,Y,00220613,넥스틸,7,"153,000,000","1,071,000,000",-,2024-12-31
20250318001202,Y,00176914,다우기술,6,"161,000,000","968,000,000",-,2024-12-31
20250320000626,Y,00120076,LX인터내셔널,6,"402,000,000","2,413,000,000",-,2024-12-31
20250318001193,Y,00160232,KSS해운,8,"231,000,000","1,848,000,000",-,2024-12-31
20250317001029,Y,00401731,LG전자,7,"565,000,000","3,954,000,000",-,2024-12-31
20250314001183,Y,00508344,SK디앤디,4,"364,000,000","1,455,000,000",-,2024-12-31
20250515002814,Y,00111722,미래에셋증권,7,"454,000,000","3,181,000,000",-,2024-12-31
20250320001174,Y,00147860,에스엠벡셀,7,"112,660,000","1,013,938,000",-,2024-12-31
20250327001293,Y,00128227,삼정펄프,4,"178,000,000","714,000,000",-,2024-12-31
20250402002557,Y,00193009,KH 필룩스,11,"124,000,000","1,120,000,000",2024년 중도퇴임 사내이사 포함,2024-12-31
20250321000735,Y,00145437,아센디오,6,"58,000,000","351,000,000",-,2024-12-31
20250318001106,Y,00255619,강원랜드,13,"62,859,000","817,167,000",-,2024-12-31
20250318000811,Y,00158316,NICE,8,"153,300,000","1,226,404,000",-,2024-12-31
20250317000429,Y,00583424,아모레퍼시픽,10,"593,000,000","5,931,000,000",-,2024-12-31
20250314001597,Y,00113997,롯데에너지머티리얼즈,5,"220,000,000","1,099,000,000",-,2024-12-31
20250321000939,Y,00480455,STX엔진,5,"106,000,000","531,000,000",-,2024-12-31
20250319000813,Y,00706715,미원홀딩스,7,"63,000,000","441,000,000",-,2024-12-31
20250317000545,Y,00106313,금호건설,4,"236,000,000","1,160,000,000",-,2024-12-31
20250320001121,Y,00828789,대성산업,9,"198,000,000","1,781,000,000",-,2024-12-31
20250321001138,Y,00125576,체시스,6,"169,000,000","1,015,000,000",-,2024-12-31
20250317000668,Y,00145880,현대제철,9,"416,000,000","3,744,000,000",-,2024-12-31
20250321001470,Y,00129420,까뮤이앤씨,6,"110,000,000","661,000,000",-,2024-12-31
20250310000394,Y,00855163,미원화학,6,"175,000,000","1,048,000,000",-,2024-12-31
20240902000317,Y,01363818,롯데리츠,2,"24,000,000","48,000,000",-,2024-06-30
20250312000767,Y,01363818,롯데리츠,2,"24,000,000","48,000,000",-,2024-12-31
20250321000777,Y,00115612,동부건설,6,"214,000,000","1,281,000,000",-,2024-12-31
20250331003267,Y,00135917,한화손해보험,7,"343,000,000","2,402,000,000",-,2024-12-31
20250314000520,Y,00191588,삼원강재,6,"113,000,000","675,000,000",-,2024-12-31
20250318001393,Y,01060814,삼양패키징,5,"731,000,000","3,653,000,000",-,2024-12-31
20250318000275,Y,00480367,SK오션플랜트,5,"191,948,000","959,742,000","'24년 3월부 사임 송상호, 문석록 포함",2024-12-31
20250320000750,Y,00127255,삼영,6,"67,667,000","406,000,000",-,2024-12-31
20250318001327,Y,00115676,KG스틸,6,"121,000,000","727,000,000",-,2024-12-31
20250319000715,Y,00114552,도화엔지니어링,10,"271,000,000","2,711,000,000","급여, 상여, 퇴직금",2024-12-31
20250313000820,Y,00116301,NI스틸,5,"281,000,000","1,403,000,000",-,2024-12-31
20250312001047,Y,00117179,디와이,9,"84,000,000","760,000,000",-,2024-12-31
20250708000057,Y,00121570,문배철강,5,"64,000,000","319,000,000",-,2024-12-31
20250320000660,Y,00142865,WISCOM,6,"36,000,000","216,000,000",-,2024-12-31
20250320001108,Y,00130772,SBS,8,"207,000,000","1,659,000,000",-,2024-12-31
20250314001717,Y,00133991,세아특수강,6,"212,000,000","1,062,000,000",퇴임 사내이사 포함,2024-12-31
20250320001474,Y,00143651,웅진,9,"257,000,000","2,315,000,000",-,2024-12-31
20250326001216,Y,01042775,HL만도,7,"851,000,000","5,955,000,000",-,2024-12-31
20250318001196,Y,01350869,우리금융지주,8,"215,000,000","1,664,000,000",-,2024-12-31
20250317000904,Y,00163512,한진,8,"198,590,563","1,588,724,500",-,2024-12-31
20250321001500,Y,00180795,인팩,6,"198,000,000","1,189,000,000",-,2024-12-31
20250306000676,Y,00646732,진양홀딩스,6,"198,000,000","991,000,000",-,2024-12-31
20250318001032,Y,00564562,엠씨넥스,5,"153,199,999","765,999,996","사내이사 2명
사외이사 3명",2024-12-31
20240415001236,Y,01622720,KB스타리츠,4,"6,750,000","27,000,000",-,2024-01-31
20241016000322,Y,01622720,KB스타리츠,4,"6,750,000","27,000,000",-,2024-07-31
20250311001260,Y,00398701,엘앤에프,8,"203,303,000","1,626,423,000",-,2024-12-31
20250320000738,Y,00102113,경인양행,10,"232,910,000","2,329,102,000",-,2024-12-31
20250801000808,Y,00145598,이연제약,5,"197,067,000","985,333,000",-,2024-12-31
20250320000173,Y,00409672,티비에이치글로벌,4,"308,388,000","1,233,550,000",-,2024-12-31
20250317000934,Y,00138057,써니전자,5,"102,321,000","511,606,000",-,2024-12-31
20250317000751,Y,00109693,DL,5,"175,000,000","877,000,000",-,2024-12-31
20240722000186,Y,01669226,한화리츠,4,"9,000,000","36,000,000",-,2024-04-30
20250110000545,Y,01669226,한화리츠,4,"9,000,000","36,000,000",-,2024-10-31
20250320001565,Y,00159971,KC그린홀딩스,4,"201,943,000","807,772,000",-,2024-12-31
20250320001366,Y,00367710,동인기연,5,"289,000,000","1,443,000,000",-,2024-12-31
20250318000665,Y,00104786,미래아이앤지,5,"82,567,000","412,834,000",-,2024-12-31
20250317000859,Y,00101433,경농,5,"371,096,000","1,855,479,000",-,2024-12-31
20250320001663,Y,00109824,대림통상,6,"171,000,000","1,026,000,000",연간 급여 총액,2024-12-31
20250320001319,Y,00126201,삼성공조,5,"280,000,000","1,120,000,000",-,2024-12-31
20250318000116,Y,00159786,유니드,6,"559,724,000","3,358,346,000",-,2024-12-31
20250319000185,Y,01702017,유니드비티플러스,4,"180,715,000","722,861,000",-,2024-12-31
20250318000645,Y,00266961,NAVER,7,"575,000,000","4,025,000,000",-,2024-12-31
20250320001543,Y,01762569,이수스페셜티케미컬,5,"286,000,000","1,432,000,000",-,2024-12-31
20250605000505,Y,00122694,범양건영,7,"293,050,030","834,200,080",임기 만료 임원 1인 포함,2024-12-31
20240912000166,Y,00544452,이리츠코크렙,6,"2,400,000","14,400,000",-,2024-06-30
20250317000839,Y,00544452,이리츠코크렙,7,"2,057,000","14,400,000",-,2024-12-31
20250317000894,Y,00547583,하나금융지주,12,"277,000,000","3,232,000,000",-,2024-12-31
20250321001515,Y,00149655,삼성물산,11,"717,000,000","7,884,000,000",-,2024-12-31
20250318001176,Y,00858364,BNK금융지주,8,"173,000,000","1,388,000,000",-,2024-12-31
20250313001195,Y,00161693,한샘,7,"60,000,000","180,000,000",-,2024-12-31
20250321001489,Y,00105280,현대지에프홀딩스,7,"715,000,000","4,291,000,000",-,2024-12-31
20250321000838,Y,00154426,아이에이치큐,8,"54,000,000","408,000,000",-,2024-12-31
20250311000913,Y,00124780,사조씨푸드,7,"62,289,000","436,020,000",-,2024-12-31
20250328001868,Y,00139214,삼성화재해상보험,7,"507,000,000","3,505,000,000",-,2024-12-31
20250312000312,Y,00166500,화천기계,7,"395,734,000","2,770,138,000",-,2024-12-31
20250320001296,Y,00787376,대성에너지,10,"88,000,000","878,000,000",-,2024-12-31
20250313001222,Y,00426086,티케이지휴켐스,7,"712,000,000","4,983,000,000",-,2024-12-31
20250317000651,Y,00121932,미원상사,7,"435,116,000","3,148,052,000",-,2024-12-31
20250318001459,Y,00299002,HL홀딩스,4,"68,000,000","271,000,000",-,2024-12-31
20250317000790,Y,00356370,LG생활건강,8,"707,000,000","4,946,000,000",-,2024-12-31
20250318001091,Y,00878696,에스케이바이오팜,7,"285,000,000","1,994,000,000",-,2024-12-31
20250318000565,Y,01267170,SK케미칼,7,"376,000,000","2,635,000,000",-,2024-12-31
20250320001596,Y,00181943,에스제이엠홀딩스,4,"203,200,000","812,800,000",-,2024-12-31
20250317000896,Y,00595191,후성,6,"193,193,000","965,967,000",-,2024-12-31
20250318001079,Y,00136271,신성이엔지,6,"499,000,000","2,992,000,000",-,2024-12-31
20250313000809,Y,00149239,조일알미늄,7,"141,238,000","988,664,000",-,2024-12-31
20250320000299,Y,00104768,가온전선,6,"259,000,000","1,555,000,000",-,2024-12-31
20250313000850,Y,00118266,DRB동일,5,"100,690,000","503,450,000",-,2024-12-31
20250318000993,Y,00382199,신한지주,11,"206,000,000","2,263,000,000",-,2024-12-31
20250317000787,Y,00167208,흥아해운,6,"231,116,000","693,348,000",-,2024-12-31
20250314001522,Y,00545716,롯데렌탈,9,"202,000,000","1,815,000,000",-,2024-12-31
20250313000132,Y,00767460,PI첨단소재,7,"63,000,000","440,000,000",-,2024-12-31
20250312000525,Y,00972503,일진하이솔루스,6,"87,392,000","524,354,000",-,2024-12-31
20250327000348,Y,01205842,HD현대건설기계,5,"218,976,000","1,094,880,000",-,2024-12-31
20250320000952,Y,00152729,광전자,4,"84,000,000","335,000,000",-,2024-12-31
20250317001025,Y,00360595,현대글로비스,7,"307,000,000","2,148,000,000","얀예빈왕, 타나카조나단마샤스웨
기타비상무이사는 급여를
받지 않아 미적용",2024-12-31
20250312001070,Y,00403632,현대퓨처넷,6,"218,000,000","1,310,000,000",-,2024-12-31
20250318001322,Y,00161860,한성기업,5,"210,000,000","1,051,000,000",-,2024-12-31
20250321000678,Y,00480950,이아이디,10,"37,000,000","372,000,000",-,2024-12-31
20250318001045,Y,00428251,현대백화점,9,"905,000,000","8,141,000,000",-,2024-12-31
20250515002241,Y,00135962,신라교역,5,"386,131,000","1,930,655,000",-,2024-12-31
20250326000026,Y,00447609,비에이치,6,"761,000,000","4,563,000,000",-,2024-12-31
20250321001823,Y,00106119,금양,10,"234,723,000","2,347,229,000",-,2024-12-31
20250320000999,Y,00108940,대성홀딩스,7,"524,000,000","3,671,000,000",-,2024-12-31
20250319001012,Y,01205709,HD현대,5,"443,358,000","2,216,790,000",-,2024-12-31
20250321001884,Y,00140964,영원무역홀딩스,6,"1,266,000,000","7,597,000,000",-,2024-12-31
20250317000724,Y,01199550,HD현대에너지솔루션,5,"155,070,000","775,352,000",-,2024-12-31
20250318001413,Y,01010110,더블유게임즈,6,"92,000,000","550,000,000",-,2024-12-31
20250314000805,Y,01721809,현대그린푸드,7,"396,000,000","2,775,000,000",-,2024-12-31
20250318000465,Y,00106669,세아베스틸지주,7,"257,000,000","1,802,000,000",-,2024-12-31
20250312001130,Y,00160843,DB하이텍,7,"207,000,000","1,447,000,000",-,2024-12-31
20240807000347,Y,01430475,코람코라이프인프라리츠,4,"3,150,000","12,600,000",-,2024-05-31
20250211000671,Y,01430475,코람코라이프인프라리츠,4,"3,150,000","12,600,000",-,2024-11-30
20250318000964,Y,01323032,케이카,8,"104,000,000","832,000,000",-,2024-12-31
20250318000402,Y,00173078,명신산업,5,"78,000,000","388,000,000",-,2024-12-31
20250318001154,Y,00459871,농심홀딩스,5,"588,000,000","3,079,000,000",-,2024-12-31
20250317000667,Y,00573579,평화산업,8,"152,000,000","1,213,000,000",-,2024-12-31
20250312000670,Y,00861076,케이탑리츠,6,"181,592,500","1,089,555,000",-,2024-12-31
20250321001834,Y,00190321,케이티,10,"243,000,000","2,433,000,000",-,2024-12-31
20250321001998,Y,00776820,영원무역,7,"1,428,000,000","9,996,000,000",-,2024-12-31
20250321001007,Y,00107613,이수페타시스,5,"317,717,000","1,588,583,000",-,2024-12-31
20250320000395,Y,00113225,대한제강,5,"464,000,000","2,319,000,000",-,2024-12-31
20250424000289,Y,00118451,동일제강,7,"122,000,000","855,000,000",-,2024-12-31
20250314001008,Y,00139454,애경산업,8,"359,000,000","2,874,000,000",-,2024-12-31
20240605000255,Y,01475609,디앤디플랫폼리츠,6,"8,000,000","48,000,000",-,2024-03-31
20241202000425,Y,01475609,디앤디플랫폼리츠,8,"5,079,000","40,633,000",-,2024-09-30
20250312000962,Y,00140779,영보화학,7,"243,578,000","1,705,043,000",-,2024-12-31
20250320000234,Y,00134565,이스타코,4,"376,600,000","1,506,400,000",-,2024-12-31
20250313000876,Y,00136624,신영와코루,10,"147,000,000","1,469,000,000",-,2024-12-31
20250314001348,Y,00248974,하나제약,9,"131,000,000","1,176,000,000",-,2024-12-31
20250418000372,Y,00344287,HD현대인프라코어,5,"331,000,000","1,657,000,000",-,2024-12-31
20250311001013,Y,00148610,한화투자증권,5,"276,000,000","1,378,000,000",-,2024-12-31
20250711000373,Y,00164609,HD현대미포,5,"278,000,000","1,389,000,000",-,2024-12-31
20240613000355,Y,01442966,마스턴프리미어리츠,1,"1,800,000","1,800,000",감사,2024-03-31
20241223000285,Y,01442966,마스턴프리미어리츠,2,"1,350,000","2,700,000","대표이사,감사",2024-09-30
20250319000651,Y,00117230,TYM,8,"273,000,000","3,002,000,000",-,2024-12-31
20250320001179,Y,00442835,메타랩스,5,"45,273,333","226,366,665",-,2024-12-31
20250317000836,Y,00161116,HL D&I,8,"243,558,000","1,948,462,000",-,2024-12-31
20250318001072,Y,01026157,쏘카,5,"126,000,000","631,000,000",-,2024-12-31
20250319000773,Y,00114765,케이비아이동국실업,5,"63,000,000","315,000,000",-,2024-12-31
20250321001576,Y,01190568,에이피알,6,"615,000,000","3,692,000,000",-,2024-12-31
20250328001159,Y,00141273,웰바이오텍,6,"62,000,000","369,000,000",-,2024-12-31
20250321000898,Y,00153339,태경산업,6,"173,681,000","1,042,086,000",-,2024-12-31
20250318000832,Y,00117027,알루코,6,"119,000,000","712,000,000",-,2024-12-31
20250801000425,Y,00163716,한창,4,"34,000,000","167,000,000",-,2024-12-31
20250317000875,Y,01817081,SK이터닉스,3,"232,000,000","696,000,000",-,2024-12-31
20250317000722,Y,01765265,동국제강,6,"167,000,000","1,003,000,000",-,2024-12-31
20250313000770,Y,00120182,NH투자증권,11,"629,000,000","6,919,000,000",평균보수액 11명으로 계산,2024-12-31
20250331002970,Y,00150828,진흥기업,4,"154,000,000","617,000,000",-,2024-12-31
20250319000665,Y,00164779,SK하이닉스,10,"435,000,000","4,346,000,000",-,2024-12-31
20250702000575,Y,00171636,한솔홀딩스,7,"715,000,000","5,004,000,000",-,2024-12-31
20250318001364,Y,00181712,SK,8,"1,371,000,000","11,299,000,000",-,2024-12-31
20250318001204,Y,00632304,JW홀딩스,7,"250,000,000","1,753,000,000",-,2024-12-31
20250318000878,Y,00414850,효성 ITX,6,"114,000,000","685,000,000",-,2024-12-31
20240611000305,Y,01276594,신한알파리츠,8,"1,875,000","15,000,000",기타비상무이사 무보수,2024-03-31
20241211000290,Y,01276594,신한알파리츠,8,"1,875,000","15,000,000",기타비상무이사 무보수,2024-09-30
20250312001103,Y,00126308,삼성E&A,7,"583,000,000","4,084,000,000",-,2024-12-31
20250318001318,Y,00163114,서연,6,"355,000,000","2,129,000,000",-,2024-12-31
20250311001197,Y,00148984,시알홀딩스,6,"691,000,000","4,149,000,000",-,2024-12-31
20250321001009,Y,00652423,인바이오젠,6,"108,898,000","653,388,000",-,2024-12-31
20250318000675,Y,00127167,삼영무역,4,"100,000,000","401,000,000",-,2024-12-31
20250320001237,Y,00123143,보령,7,"388,734,000","2,721,140,000",-,2024-12-31
20250318001404,Y,00101664,경보제약,5,"206,000,000","1,030,000,000",-,2024-12-31
20250318001316,Y,00983040,한진칼,14,"411,000,000","5,751,000,000",-,2024-12-31
20240919000201,Y,01510489,프레스티지바이오파마,8,"180,858,012","1,446,864,097",-,2024-06-30
20250314001639,Y,01524093,DL이앤씨,6,"202,000,000","1,209,000,000",-,2024-12-31
20250319001044,Y,01596425,SK스퀘어,5,"518,000,000","3,116,000,000",-,2024-12-31
20250318001395,Y,00209780,케이씨,9,"526,000,000","4,532,000,000",-,2024-12-31
20250317000599,Y,00149804,대유에이텍,8,"143,411,000","1,147,291,000",-,2024-12-31
20250321001016,Y,00111689,아진전자부품,6,"178,066,000","1,068,038,000",-,2024-12-31
20250320001602,Y,00797364,KC코트렐,5,"123,000,000","494,000,000",1인당 평균보수액계산 시 무보수 제외,2024-12-31
20250320000947,Y,00129235,삼화왕관,5,"1,113,000,000","2,177,000,000",-,2024-12-31
20250318001083,Y,00112059,상상인증권,5,"58,000,000","465,000,000",-,2024-12-31
20250317000672,Y,00134510,SJG세종,7,"303,922,000","2,127,456,000",-,2024-12-31
20250321001187,Y,01204056,하이브,7,"494,000,000","3,515,000,000",-,2024-12-31
20250331003821,Y,00160588,한화,9,"582,000,000","4,802,000,000",-,2024-12-31
20250424000557,Y,00113562,롯데손해보험,5,"139,000,000","695,000,000",-,2024-12-31
20250331002554,Y,00226316,호전실업,6,"180,000,000","1,080,000,000",-,2024-12-31
20250228006453,Y,00160375,진양폴리우레탄,4,"120,416,000","481,664,000",-,2024-12-31
20250311001180,Y,00164788,현대모비스,9,"769,000,000","7,692,000,000",-,2024-12-31
20250320000581,Y,00132868,성안머티리얼스,9,"57,000,000","515,000,000",-,2024-12-31
20250318001138,Y,00119672,두올,7,"206,000,000","1,443,000,000",-,2024-12-31
20250314001718,Y,00124504,포스코인터내셔널,8,"240,000,000","2,914,000,000",-,2024-12-31
20250328001724,Y,00128032,삼일제약,7,"300,000,000","2,099,000,000",-,2024-12-31
20250318000319,Y,00145163,파미셀,5,"201,000,000","1,405,000,000",-,2024-12-31
20240920000129,Y,00441243,형지엘리트,5,"142,618,000","713,090,000",-,2024-06-30
20250312001148,Y,00164742,현대자동차,12,"1,402,000,000","16,818,000,000",-,2024-12-31
20250318001174,Y,00225706,JW생명과학,5,"97,000,000","485,000,000",-,2024-12-31
20250328001704,Y,00557508,GKL,12,"89,000,000","1,066,000,000",-,2024-12-31
20250321001840,Y,00681142,쌍방울,7,"55,302,140","387,114,983",-,2024-12-31
20250320000945,Y,00173795,신흥,7,"107,000,000","752,000,000",-,2024-12-31
20250317000808,Y,00129013,CJ씨푸드,4,"218,000,000","873,000,000",-,2024-12-31
20250715000025,Y,00135795,신도리코,8,"342,277,761","2,738,222,090",-,2024-12-31
20250321001829,Y,00161125,한온시스템,9,"47,000,000","420,000,000",-,2024-12-31
20250318000756,Y,00138792,아시아나항공,6,"114,476,000","686,856,000",-,2024-12-31
20250317000731,Y,00651901,에어부산,12,"41,000,000","490,000,000",-,2024-12-31
20250326000618,Y,00121039,명문제약,4,"324,442,000","1,297,770,000",-,2024-12-31
20250318000747,Y,00159193,한국전력공사,15,"94,521,000","1,417,823,000",-,2024-12-31
20250313001099,Y,00105271,케이씨씨,7,"579,000,000","4,052,000,000",-,2024-12-31
20250319000952,Y,01384787,시프트업,9,"287,000,000","2,590,000,000",-,2024-12-31
20250321001284,Y,00124090,한국특강,6,"186,000,000","1,117,000,000",-,2024-12-31
20250317000708,Y,00124197,세아제강지주,7,"321,000,000","2,246,000,000",-,2024-12-31
20250725000507,Y,00367844,자이에스앤디,5,"232,000,000","1,160,000,000",-,2024-12-31
20250509000499,Y,01194689,HD현대마린솔루션,7,"332,781,596","2,329,471,175",-,2024-12-31
20250320001309,Y,01205851,HD현대일렉트릭,5,"292,000,000","1,459,000,000",-,2024-12-31
20250317000697,Y,01236897,제일약품,7,"124,357,000","870,496,000",-,2024-12-31
20250314001630,Y,00111704,한화오션,9,"375,000,000","3,376,000,000",-,2024-12-31
20250318001293,Y,00260408,팜스코,6,"117,000,000","702,000,000",-,2024-12-31
20250321000702,Y,00365989,모나용평,5,"125,000,000","626,000,000","등기이사 3명
사외이사 1명
감사 1명",2024-12-31
20250311001270,Y,00139834,LG씨엔에스,7,"307,000,000","2,150,000,000",-,2024-12-31
20250317000508,Y,00362238,휴비스,6,"533,000,000","2,131,000,000",하기 주석 참고,2024-12-31
20250317000930,Y,00362441,현대오토에버,5,"665,000,000","3,324,000,000",-,2024-12-31
20250320000981,Y,00422895,세이브존I&C,4,"180,868,000","723,472,000",-,2024-12-31
20250318000897,Y,01390344,HD현대중공업,7,"387,779,000","2,714,453,000",-,2024-12-31
20250318001013,Y,00102432,계룡건설산업,8,"183,000,000","1,460,000,000",-,2024-12-31
20240913000693,Y,01480780,NH올원리츠,4,"2,100,000","8,400,000",-,2024-06-30
20250314001464,Y,01480780,NH올원리츠,4,"2,100,000","8,400,000",-,2024-12-31
20250312001090,Y,00125150,SGC에너지,7,"160,000,000","1,125,000,000",-,2024-12-31
20250319000833,Y,00154329,TP,6,"217,000,000","1,304,000,000",-,2024-12-31
20250314001653,Y,00158325,NICE평가정보,9,"214,000,000","1,923,000,000","사외이사 3인 포함
기타비상무이사 1인 포함
기중 퇴직 이사 1인 포함",2024-12-31
20250325000771,Y,00670340,씨에스윈드,7,"414,000,000","2,898,000,000",-,2024-12-31
20250318000822,Y,00372873,KTis,6,"143,000,000","857,000,000",-,2024-12-31
20250306000580,Y,00877059,삼성바이오로직스,7,"1,903,000,000","13,319,000,000",-,2024-12-31
20250317000856,Y,01319899,SK바이오사이언스,7,"293,000,000","2,051,000,000",-,2024-12-31
20250314001765,Y,00102618,계양전기,7,"94,000,000","656,000,000",사외이사 포함,2024-12-31
20250321001836,Y,00145446,이건산업,5,"146,768,000","733,840,000",-,2024-12-31
20250321001958,Y,00203290,콜마홀딩스,9,"493,001,267","4,437,011,400",-,2024-12-31
20250318000167,Y,00753643,주성코퍼레이션,12,"13,905,000","166,860,000",-,2024-12-31
20250317000918,Y,00105855,엘에스일렉트릭,9,"1,163,000,000","10,471,000,000",-,2024-12-31
20250310000706,Y,00111421,휴니드테크놀러지스,5,"273,218,000","1,302,637,000",-,2024-12-31
20250325001056,Y,00113207,대한전선,6,"158,000,000","950,000,000",-,2024-12-31
20250321001537,Y,00453488,다이나믹디자인,8,"59,000,000","471,000,000",-,2024-12-31
20250319000576,Y,00112378,KR모터스,4,"8,000,000","36,000,000",-,2024-12-31
20250407004328,Y,00469799,이엔플러스,7,"77,678,000","543,749,000",12개월,2024-12-31
20250319000945,Y,00172185,남성,5,"92,837,000","464,186,000",-,2024-12-31
20250317000932,Y,00120571,롯데칠성음료,9,"581,000,000","5,226,000,000",-,2024-12-31
20250311001085,Y,00126380,삼성전자,9,"2,706,000,000","29,770,000,000",-,2024-12-31
20250317000990,Y,00126566,한화에어로스페이스,7,"736,000,000","5,150,000,000",-,2024-12-31
20250317000096,Y,00128980,삼호개발,5,"131,572,000","657,861,000",-,2024-12-31
20250725000806,Y,00165413,롯데케미칼,11,"861,000,000","10,188,000,000",-,2024-12-31
20250317000701,Y,00231363,LG유플러스,7,"445,000,000","3,115,000,000",-,2024-12-31
20250317000635,Y,00274933,신세계푸드,6,"450,000,000","2,702,000,000",-,2024-12-31
20250321001474,Y,00303873,CJ CGV,7,"240,000,000","1,678,000,000",-,2024-12-31
20250313001171,Y,00161383,한미반도체,4,"1,012,000,000","4,048,000,000",-,2024-12-31
20250317000567,Y,00372129,전진건설로봇,5,"153,000,000","616,000,000",-,2024-12-31
20250320001381,Y,00117498,스틱인베스트먼트,7,"804,000,000","5,628,000,000",-,2024-12-31
20250321001221,Y,00104388,국도화학,9,"190,000,000","1,888,000,000",-,2024-12-31
20250320000779,Y,00198697,일진디스플,5,"89,000,000","443,000,000",-,2024-12-31
20250320001537,Y,00111999,대원제약,6,"233,000,000","1,400,000,000",-,2024-12-31
20250311000815,Y,01770203,조선내화,7,"242,000,000","1,993,000,000",-,2024-12-31
20250318001169,Y,00481454,금호타이어,9,"81,000,000","727,000,000",-,2024-12-31
20250402002504,Y,01311408,에코프로머티,7,"129,000,000","902,000,000",-,2024-12-31
20250317000953,Y,00113410,CJ대한통운,6,"642,000,000","3,850,000,000",-,2024-12-31
20250319001113,Y,00131850,SK증권,11,"189,000,000","2,081,000,000",-,2024-12-31
20250318000982,Y,00124540,대우건설,8,"192,000,000","1,534,000,000",-,2024-12-31
20250317000550,Y,00412597,현대홈쇼핑,6,"635,000,000","3,808,000,000",-,2024-12-31
20250320001573,Y,00791209,메타케어,3,"115,119,000","345,359,000",-,2024-12-31
20250318000654,Y,00153621,참엔지니어링,4,"43,044,000","172,178,000",-,2024-12-31
20250321002001,Y,00503668,LIG넥스원,7,"268,000,000","1,876,000,000",-,2024-12-31
20250312000970,Y,01316245,효성중공업,8,"173,000,000","1,384,000,000",-,2024-12-31
20250312000405,Y,01515323,LG에너지솔루션,8,"1,255,000,000","10,042,000,000","보수총액 중 3,996백만원은 2024년 퇴임한 권영수 고문의 임원퇴직금지급규정(상법 제388조에 의거 주주총회 승인)에 의한 퇴직금이며 952백만원은 24년 신규선임/퇴임 이사의 직무 수행 기간 외에 지급된 급여로, 두 금액 모두 이사보수한도 적용 대상이 아님.",2024-12-31
20250401003907,Y,00111810,대웅,6,"199,000,000","1,192,000,000",-,2024-12-31
20250321000310,Y,00159209,한전기술,11,"95,310,000","1,057,946,000","월평균 급여지급인원 : 11.1명
('23년 퇴직임원 3명 및 
'24년 퇴직임원 1명 포함)",2024-12-31
20250321001993,Y,00104519,국보,10,"14,000,000","146,000,000",-,2024-12-31
20250317000760,Y,00155124,평화홀딩스,7,"182,000,000","1,279,000,000",-,2024-12-31
20250318001223,Y,00244455,케이티앤지,7,"863,000,000","6,040,000,000",-,2024-12-31
20250324000901,Y,00258801,카카오,8,"501,000,000","3,840,000,000",퇴직금 718백만원 포함,2024-12-31
20250328002285,Y,00261443,엔씨소프트,7,"860,000,000","6,023,000,000",-,2024-12-31
20250318001057,Y,00349097,케이티스카이라이프,9,"92,068,000","828,613,000","사내이사 1인
사외이사 5인
기타비상무이사 3인",2024-12-31
20250318000981,Y,00357360,한세엠케이,7,"130,000,000","912,000,000",-,2024-12-31
20250318001004,Y,00390055,종근당바이오,7,"105,274,000","736,916,000","- 퇴임 : 이정진 대표이사, 정진효 사내이사(2024.03.28 부)
- 신규 선임 : 박완갑 대표이사, 김세진 사내이사, 이주원 기타비상무이사
                (2024.03.28 부)
- 퇴직한 임원퇴직급여 누적 총지급액 포함",2024-12-31
20250401003870,Y,00427483,대웅제약,7,"223,000,000","1,566,000,000",-,2024-12-31
20250318000975,Y,00131780,SK네트웍스,7,"433,000,000","3,030,000,000",-,2024-12-31
20250312000990,Y,01854763,HS효성,7,"721,000,000","5,045,000,000",-,2024-12-31
20250312001016,Y,00155319,POSCO홀딩스,10,"588,000,000","6,247,000,000",-,2024-12-31
20250327000664,Y,00157681,롯데정밀화학,7,"598,000,000","4,187,000,000",퇴직이사 보수 포함,2024-12-31
20250313000018,Y,00234412,신세계인터내셔날,6,"636,000,000","3,813,000,000",-,2024-12-31
20250312000762,Y,00939687,동일고무벨트,5,"95,159,000","475,793,000",-,2024-12-31
20250312000711,Y,00108241,농심,7,"452,912,000","3,170,382,000",-,2024-12-31
20250324000180,Y,00453284,교촌에프앤비,7,"350,000,000","2,447,000,000",-,2024-12-31
20250321001272,Y,00540641,동양고속,10,"202,067,000","2,020,674,000",-,2024-12-31
20250320001609,Y,00684802,에이플러스에셋,7,"174,000,000","1,390,000,000",-,2024-12-31
20250318000688,Y,00872984,이마트,7,"424,000,000","2,968,000,000",-,2024-12-31
20250331003380,Y,00113191,코리안리,9,"489,896,000","3,429,269,000",-,2024-12-31
20250318000985,Y,00126487,F&F 홀딩스,7,"109,550,000","438,198,000",-,2024-12-31
20250317000967,Y,00219486,신세계I&C,7,"544,000,000","3,261,000,000",퇴직급여 포함,2024-12-31
20250318001144,Y,01568413,F&F,7,"483,904,000","3,387,331,000",-,2024-12-31
20250314000367,Y,00105101,INVENI,8,"428,000,000","3,427,000,000",-,2024-12-31
20250317000943,Y,01765256,동국씨엠,5,"225,000,000","1,125,000,000",-,2024-12-31
20250319000653,Y,01519790,엠앤씨솔루션,8,"174,000,000","1,390,000,000",사임 사내이사 포함,2024-12-31
20250318000798,Y,00132725,SB성보,6,"332,548,000","1,995,291,000",-,2024-12-31
20250807000215,Y,00137207,유니켐,8,"71,000,000","568,000,000",-,2024-12-31
20250321001205,Y,00132211,SUN&L,5,"201,000,000","1,005,000,000",-,2024-12-31
20250321001415,Y,00122056,미창석유공업,5,"212,559,092","1,062,795,462",-,2024-12-31
20250321001573,Y,00152385,에이프로젠,5,"109,200,000","546,000,000",-,2024-12-31
20250318000388,Y,00361008,한화엔진,14,"122,000,000","1,715,000,000",-,2024-12-31
20250317000595,Y,00156859,다올투자증권,9,"503,000,000","4,696,000,000","퇴직임원 퇴직금 제외시
 - 보수총액 3,277백만원
 - 1인당 평균보수액 361백만원",2024-12-31
20250320001095,Y,00103130,플레이그램,7,"89,000,000","621,000,000",　-,2024-12-31
20250314001672,Y,00119007,무림P&P,5,"69,000,000","343,000,000",-,2024-12-31
20250314001620,Y,00133706,한국제지,5,"223,000,000","1,115,000,000",-,2024-12-31
20250320001403,Y,00134723,페이퍼코리아,5,"95,110,000","380,440,000",주),2024-12-31
20250317000368,Y,00136086,무림페이퍼,5,"88,000,000","440,000,000",-,2024-12-31
20250320001570,Y,01784394,STX그린로지스,5,"62,000,000","371,000,000",-,2024-12-31
20250321001553,Y,00108038,엔피씨,5,"111,357,000","556,786,000",-,2024-12-31
20250320001093,Y,00113535,대한해운,5,"247,000,000","1,327,000,000",-,2024-12-31
20250321001806,Y,00117212,두산,8,"1,842,000,000","14,736,000,000",-,2024-12-31
20250320001075,Y,00117337,동양,6,"177,000,000","1,061,000,000",-,2024-12-31
20250710000455,Y,00127857,삼익악기,5,"157,000,000","785,000,000",-,2024-12-31
20250312000333,Y,00102751,고려산업,7,"362,330,000","2,536,307,000",-,2024-12-31
20250312001136,Y,00164478,현대건설,7,"368,000,000","2,576,000,000",-,2024-12-31
20250321001769,Y,00109754,대림바스,5,"212,000,000","1,059,000,000",-,2024-12-31
20250318000979,Y,00141529,오뚜기,7,"395,000,000","2,768,000,000",-,2024-12-31
20250320000926,Y,00168331,온타이드,4,"181,000,000","724,000,000",-,2024-12-31
20250318000693,Y,00878915,iM금융지주,8,"347,000,000","2,773,000,000","주주총회에서 승인 받은 임원퇴직위로금규정에 의하여 지급된 퇴직위로금 574백만원 제외 시 보수총액 2,199백만원임 ",2024-12-31
20250310000646,Y,00256955,테이팩스,6,"126,000,000","756,000,000",-,2024-12-31
20250313001200,Y,00128412,삼진제약,10,"4,712,818,000","47,128,184,000","보수총액 중 44,235,488천원은 임원퇴직금지급규정에 의해 최승주, 조의환(前)이사에게 지급된 퇴직금 등이며, 동 규정은 상법 제388조에 의거하여 주주총회의 승인을 받았으므로 이사보수한도의 적용을 받지 않음",2024-12-31
20250313000532,Y,00144395,동서,5,"275,105,000","1,375,525,000",-,2024-12-31
20250313001387,Y,00155531,풍산홀딩스,7,"744,806,000","5,213,644,000",-,2024-12-31
20250407001731,Y,00164973,현대해상,7,"792,000,000","5,542,000,000",-,2024-12-31
20250313000580,Y,00540605,이월드,6,"79,627,000","477,759,000",-,2024-12-31
20250313001422,Y,00583442,노루페인트,8,"408,803,000","3,270,420,000",-,2024-12-31
20250311001121,Y,01882845,GS피앤엘,5,"9,000,000","45,000,000",-,2024-12-31
20250327000923,Y,00193328,수산인더스트리,5,"153,577,000","767,886,000",-,2024-12-31
20250526000370,Y,00688996,KB금융,9,"280,000,000","2,526,000,000",-,2024-12-31
20250313000748,Y,00151128,모토닉,6,"101,444,000","608,663,000",-,2024-12-31
20250318001312,Y,00155355,풀무원,11,"220,000,000","2,415,000,000",-,2024-12-31
20250317000892,Y,00164672,한일현대시멘트,5,"724,488,000","3,622,438,000",-,2024-12-31
20250304000650,Y,00347734,진양화학,4,"71,000,000","283,000,000",-,2024-12-31
20250305000675,Y,00150439,진양산업,5,"103,000,000","513,000,000",-,2024-12-31
20250324000440,Y,00112998,서울보증보험,13,"122,000,000","1,592,000,000",-,2024-12-31
20250321001405,Y,00661847,화인베스틸,7,"191,986,000","1,228,710,000",-,2024-12-31
20250321001686,Y,00904672,넷마블,9,"291,000,000","2,620,000,000",-,2024-12-31
20250321001817,Y,01105153,두산로보틱스,8,"236,000,000","1,887,000,000",-,2024-12-31
20250321001008,Y,00156150,엑시큐어하이트론,12,"21,000,000","251,000,000",-,2024-12-31
20250321000457,Y,00526599,덴티움,8,"147,000,000","1,172,000,000",-,2024-12-31
20250317000951,Y,01319808,한일시멘트,8,"168,779,000","1,130,168,000",-,2024-12-31
20250318001263,Y,00125080,AK홀딩스,8,"398,000,000","3,198,000,000",-,2024-12-31
20250328001653,Y,00486705,아주스틸,6,"110,000,000","660,000,000",-,2024-12-31
20250318001326,Y,00122472,PKC,5,"119,000,000","597,000,000",-,2024-12-31
20250319000323,Y,00172228,엔케이,5,"244,558,010","1,222,790,049",-,2024-12-31
20250320000612,Y,00173698,신일전자,6,"293,000,000","1,755,000,000",-,2024-12-31
20250328001677,Y,00103510,인지컨트롤스,4,"370,584,000","1,482,334,000",-,2024-12-31
20250318001457,Y,00114792,동국홀딩스,5,"1,891,000,000","9,454,000,000",-,2024-12-31
20250317000801,Y,00406046,HD현대마린엔진,5,"251,000,000","1,452,000,000",퇴임이사 퇴직금 포함,2024-12-31
20250311001129,Y,00126186,삼성에스디에스,7,"937,000,000","6,559,000,000",-,2024-12-31
20250311001275,Y,00126362,삼성SDI,7,"571,000,000","4,163,000,000",-,2024-12-31
20250320001346,Y,00107987,남해화학,12,"91,648,000","1,099,785,000",-,2024-12-31
20250320001188,Y,00109806,삼일씨엔에스,7,"181,000,000","1,270,000,000",퇴임사내이사포함,2024-12-31
20240411002764,Y,01688896,삼성FN리츠,2,"2,250,000","4,500,000",-,2024-01-31
20240704000486,Y,01688896,삼성FN리츠,2,"2,250,000","4,500,000",-,2024-04-30
20241022000330,Y,01688896,삼성FN리츠,2,"2,250,000","4,500,000",-,2024-07-31
20250108000357,Y,01688896,삼성FN리츠,2,"2,250,000","4,500,000",-,2024-10-31
20250306000367,Y,00145862,인천도시가스,8,"155,000,000","1,242,000,000",-,2024-12-31
20250312000485,Y,00683469,일진전기,5,"222,000,000","1,112,000,000",-,2024-12-31
20250320001326,Y,00159740,KISCO홀딩스,7,"165,000,000","1,154,000,000",-,2024-12-31
20250331003228,Y,00112332,미래에셋생명,7,"242,000,000","1,691,000,000",24년 지급된 보수합계액 산출,2024-12-31
20250318001235,Y,00149354,종근당홀딩스,4,"162,000,000","770,000,000",-,2024-12-31
20250318001402,Y,00152862,코오롱,9,"267,785,000","2,410,064,000",-,2024-12-31
20250319000934,Y,00153861,태영건설,5,"214,000,000","1,068,000,000",-,2024-12-31
20250319000814,Y,00129509,한익스프레스,5,"807,256,826","4,036,284,130","이석환,유인철,강한구,이완식,이용우",2024-12-31
20250318001175,Y,00125530,SPC삼립,9,"189,003,000","1,701,028,000",-,2024-12-31
20250312000625,Y,00121534,MH에탄올,5,"276,088,000","1,380,441,000",-,2024-12-31
20250312000920,Y,00126292,삼성카드,6,"1,173,000,000","8,110,000,000","김상규 이사 사임('24.03.20)
김태선 이사 선임('24.03.20)
강태수 이사 임기만료('24.03.20)
문창용 이사 선임('24.03.20)

최정훈 이사 사임('24.12.05)",2024-12-31
20250312000986,Y,00133858,세방전지,8,"533,159,000","4,265,272,000",-,2024-12-31
20250312000522,Y,00137252,사조동아원,8,"106,106,763","848,854,100",-,2024-12-31
20250312000991,Y,00140177,GS리테일,7,"792,000,000","5,545,000,000",주1),2024-12-31
20250325000522,Y,00150633,지누스,6,"92,000,000","533,000,000",-,2024-12-31
20250312001113,Y,00158307,롯데하이마트,13,"130,463,000","1,565,558,000",-,2024-12-31
20250311001196,Y,00140168,HS애드,6,"238,000,000","1,427,000,000",-,2024-12-31
20250318000837,Y,01093007,LS에코에너지,7,"18,000,000","126,000,000",-,2024-12-31
20250318001198,Y,00350312,HDC랩스,5,"188,000,000","939,000,000",-,2024-12-31
20250408001924,Y,00155258,포스코스틸리온,5,"248,000,000","1,240,000,000","기타비상무이사 
보수 미지급
(인원수 포함)",2024-12-31
20250314000603,Y,00155276,포스코퓨처엠,8,"235,000,000","2,060,000,000",퇴임임원 포함,2024-12-31
20250324000626,Y,00204208,마니커,4,"90,255,000","361,020,000",-,2024-12-31
20250314001645,Y,00377610,세아홀딩스,7,"370,671,000","2,594,703,000",-,2024-12-31
20250314001664,Y,01032413,해성디에스,7,"255,000,000","1,787,000,000",-,2024-12-31
20250312001093,Y,01316254,HS효성첨단소재,6,"155,000,000","932,000,000",-,2024-12-31
20240919000302,Y,01436628,이지스레지던스리츠,4,"6,000,000","24,000,000",-,2024-06-30
20250314001675,Y,01436628,이지스레지던스리츠,4,"6,000,000","24,000,000",-,2024-12-31
20250328000090,Y,00107598,남양유업,12,"211,000,000","2,533,000,000",-,2024-12-31
20250321001375,Y,00116268,동성제약,4,"162,344,000","649,375,000",-,2024-12-31
20250411003513,Y,00141404,영풍제지,11,"47,000,000","519,000,000",-,2024-12-31
20250328002249,Y,00415646,드림텍,7,"214,000,000","1,497,000,000",-,2024-12-31
20250313001084,Y,00113234,대한제당,8,"126,775,000","1,014,197,000",-,2024-12-31
20250313001408,Y,00113243,대한제분,5,"429,906,000","2,149,530,000",-,2024-12-31
20250321000555,Y,00121941,대상,6,"247,000,000","1,632,000,000",-,2024-12-31
20250318001186,Y,00126955,삼양식품,8,"391,474,000","3,131,790,000",-,2024-12-31
20250320000850,Y,00130879,서울식품공업,8,"87,362,000","698,894,000",-,2024-12-31
20250313001232,Y,00142661,우성,7,"91,127,000","637,892,000",-,2024-12-31
20250318000741,Y,00156691,한국공항,5,"186,759,589","933,797,945",임원 퇴직금 규정에 의해 지급된 퇴직금 포함,2024-12-31
20250320000876,Y,00158149,한국쉘석유,7,"84,384,000","590,691,000",-,2024-12-31
20250321000753,Y,00127158,씨아이테크,5,"43,738,000","174,950,000",-,2024-12-31
20250319001127,Y,00144720,와이투솔루션,5,"230,000,000","1,152,000,000",-,2024-12-31
20250318001325,Y,00149646,기업은행,10,"182,000,000","1,093,000,000",-,2024-12-31
20241118000337,Y,01714997,신한글로벌액티브리츠,6,"5,000,000","30,000,000",-,2024-08-31
20250313001328,Y,00127802,삼익THK,7,"230,000,000","1,616,000,000",-,2024-12-31
20250318001448,Y,00139889,SKC,7,"272,000,000","1,904,000,000",-,2024-12-31
20250312000526,Y,00149345,조흥,4,"121,000,000","484,000,000",-,2024-12-31
20250319000894,Y,00428321,해태제과식품,7,"346,000,000","2,421,000,000",-,2024-12-31
20250317000864,Y,00108913,대교,7,"107,000,000","747,000,000",-,2024-12-31
20250321001899,Y,00116824,동아쏘시오홀딩스,6,"238,000,000","1,429,000,000",-,2024-12-31
20250321001967,Y,00956930,동아에스티,7,"257,000,000","1,796,000,000",-,2024-12-31
20250321001604,Y,00635134,CJ제일제당,6,"2,495,000,000","15,803,000,000",-,2024-12-31
20250318001380,Y,00855093,선진,7,"159,028,000","1,113,197,000",-,2024-12-31
20250319000739,Y,00896285,삼양사,9,"847,000,000","7,623,000,000",-,2024-12-31
20250314000817,Y,01167056,샘표식품,5,"305,733,000","1,528,666,000",-,2024-12-31
20250320000868,Y,01205329,크라운제과,3,"55,137,000","165,410,000",-,2024-12-31
20250318001260,Y,01238169,오리온,5,"812,000,000","4,090,000,000",-,2024-12-31
20250617000244,Y,01258507,롯데웰푸드,9,"612,000,000","5,511,000,000",-,2024-12-31
20250318000908,Y,00101488,경동나비엔,10,"140,000,000","1,403,000,000",-,2024-12-31
20250318000968,Y,00107066,남광토건,5,"125,000,000","627,000,000",-,2024-12-31
20250318001233,Y,00112651,대창,4,"419,000,000","1,674,000,000",-,2024-12-31
20250318001125,Y,00118026,동원산업,7,"393,000,000","2,983,000,000",-,2024-12-31
20250318001002,Y,00123541,보해양조,5,"105,756,400","528,782,000",-,2024-12-31
20250318000826,Y,00125521,에스엘,7,"378,000,000","2,649,000,000",-,2024-12-31
20250318001277,Y,00131832,SK디스커버리,7,"571,000,000","3,997,000,000",-,2024-12-31
20250318000868,Y,00132637,동원시스템즈,4,"220,028,520","880,114,080",-,2024-12-31
20250311001178,Y,00145190,유화증권,7,"74,686,820","522,807,740",-,2024-12-31
20250311001303,Y,00103626,한솔피엔에스,9,"127,000,000","1,141,000,000",-,2024-12-31
20250320000537,Y,00104722,국제약품,7,"194,000,000","1,357,000,000",-,2024-12-31
20250318000930,Y,00146232,일성건설,5,"136,000,000","681,000,000",-,2024-12-31
20250318000381,Y,00148896,OCI홀딩스,6,"4,551,724,000","27,310,342,000","1개월 이상 급여 지급된 이사, 감사 전원 (주1)",2024-12-31
20250318001178,Y,00156488,휴스틸,8,"211,000,000","1,689,000,000",-,2024-12-31
20250318001001,Y,00159500,한국종합기술,8,"84,134,000","673,070,000",-,2024-12-31
20250318000944,Y,00160047,한국앤컴퍼니,7,"851,000,000","5,959,000,000",-,2024-12-31
20250318000926,Y,00160302,코스모화학,8,"128,000,000","901,000,000",-,2024-12-31
20250318001281,Y,00161426,한미사이언스,10,"282,000,000","2,820,000,000",-,2024-12-31
20250318001122,Y,00163761,한창제지,4,"267,000,000","1,066,000,000",-,2024-12-31
20250318001151,Y,00164636,HDC,5,"483,000,000","2,415,000,000",-,2024-12-31
20250318000828,Y,00164645,HMM,6,"231,843,000","1,391,060,000","사내이사 2명
사외이사 4명",2024-12-31
20240613000239,Y,00106614,기신정기,3,"145,193,000","435,579,000","등기이사(비상근) 2명,
감사(비상근) 1명 제외",2024-03-31
20250327001019,Y,00557933,진도,4,"130,760,000","523,040,000",-,2024-12-31
20250319000644,Y,00122551,백산,5,"253,000,000","1,267,000,000",-,2024-12-31
20250311001053,Y,00140946,한솔로지스틱스,7,"405,000,000","1,582,000,000",-,2024-12-31
20250328001676,Y,00141477,영흥,7,"77,000,000","464,000,000",-,2024-12-31
20250318000353,Y,00534598,한컴라이프케어,10,"118,000,000","1,181,000,000",-,2024-12-31
20250314001432,Y,01060744,한솔제지,9,"566,000,000","5,095,000,000",-,2024-12-31
20250318000877,Y,00123718,부광약품,7,"77,259,069","540,813,483",-,2024-12-31
20250319000845,Y,00126414,삼성제약,8,"499,000,000","3,996,000,000",-,2024-12-31
20250318001288,Y,00129679,녹십자,7,"354,000,000","2,478,000,000",-,2024-12-31
20250321000584,Y,00135050,팜젠사이언스,9,"264,777,000","2,383,000,000",-,2024-12-31
20250320000996,Y,00137359,신풍제약,6,"79,212,000","475,276,000",-,2024-12-31
20250320001017,Y,00141149,영진약품,4,"174,000,000","695,000,000",-,2024-12-31
20250319000817,Y,00144818,유유제약,5,"519,000,000","2,594,000,000",-,2024-12-31
20250318001009,Y,00146083,일동홀딩스,8,"323,344,000","2,586,749,000",-,2024-12-31
20250318001192,Y,00149947,JW중외제약,7,"212,000,000","1,486,000,000",-,2024-12-31
20250728000359,Y,00158963,유나이티드,8,"504,000,000","4,030,000,000",-,2024-12-31
20250312000222,Y,00161046,한독,8,"244,889,000","1,959,111,000",-,2024-12-31
20250731000398,Y,00111111,대양금속,7,"79,220,000","554,537,000",(주1),2024-12-31
20250318000857,Y,00167192,넥센,6,"243,060,000","1,458,360,000",-,2024-12-31
20250318001449,Y,00173874,넥센타이어,7,"353,000,000","2,472,000,000",-,2024-12-31
20250318001360,Y,00178754,동아지질,7,"75,000,000","526,000,000",-,2024-12-31
20250318001056,Y,00233653,한국토지신탁,7,"768,000,000","5,377,000,000",-,2024-12-31
20250318000887,Y,00241005,코오롱ENP,5,"350,000,000","1,750,000,000",-,2024-12-31
20250318000816,Y,00357935,HDC현대EP,6,"252,000,000","1,511,000,000",-,2024-12-31
20250325000220,Y,00365387,AJ네트웍스,6,"338,000,000","2,026,000,000",-,2024-12-31
20250318001456,Y,00759513,LX하우시스,7,"303,000,000","2,123,000,000",-,2024-12-31
20250319000318,Y,00795135,코오롱인더,10,"209,638,000","2,096,377,000",-,2024-12-31
20250318001095,Y,00854997,에스디바이오센서,7,"245,000,000","1,718,000,000",-,2024-12-31
20250311001184,Y,00157399,한솔테크닉스,7,"292,000,000","2,041,000,000",-,2024-12-31
20250318000750,Y,00162586,한올바이오파마,7,"166,584,000","1,166,087,000",-,2024-12-31
20250219001662,Y,00164706,현대약품,5,"107,000,000","537,000,000",-,2024-11-30
20250313001126,Y,00166573,환인제약,5,"304,000,000","1,520,000,000",-,2024-12-31
20250318001206,Y,00828497,한미약품,10,"193,000,000","1,935,000,000",-,2024-12-31
20250321001919,Y,00585219,세원이앤씨,4,"66,000,000","262,000,000",-,2024-12-31
20250318001355,Y,00937324,한국타이어앤테크놀로지,10,"443,000,000","4,428,000,000",-,2024-12-31
20250318000745,Y,01108099,현대코퍼레이션홀딩스,6,"283,000,000","1,698,000,000",-,2024-12-31
20250318000895,Y,01310269,HDC현대산업개발,6,"262,000,000","1,789,000,000","퇴직, 신규이사 포함",2024-12-31
20250318001337,Y,01712485,코오롱모빌리티그룹,6,"428,000,000","2,566,000,000",-,2024-12-31
20250324000486,Y,00111847,대원강업,10,"158,000,000","1,374,000,000",-,2024-12-31
20250326001145,Y,00121969,에쓰씨엔지니어링,6,"129,000,000","771,000,000",-,2024-12-31
20250325000403,Y,00992871,종근당,8,"205,000,000","1,639,000,000","구자민 사내이사 임기만료
이동하 사내이사 신규선임",2024-12-31
20250318001280,Y,01168383,일동제약,8,"211,000,000","1,691,000,000",-,2024-12-31
20250317000569,Y,00148832,제주은행,7,"135,000,000","944,000,000",-,2024-12-31
20250319001050,Y,00115977,아이에스동서,11,"164,000,000","1,804,000,000",-,2024-12-31
20250319000643,Y,00117300,TCC스틸,5,"442,000,000","2,211,000,000",-,2024-12-31
20250319000526,Y,00140131,키다리스튜디오,6,"132,334,000","794,006,000",-,2024-12-31
20250319000641,Y,00219574,코스맥스비티아이,5,"357,944,000","1,789,720,000",-,2024-12-31
20250319000632,Y,00450010,씨티알모빌리티,6,"157,000,000","1,096,000,000",-,2024-12-31
20250319000838,Y,00589127,KEC,4,"94,635,000","378,538,000",-,2024-12-31
20250416000526,Y,01009789,코스맥스,5,"602,584,000","3,012,921,000",-,2024-12-31
20250318001214,Y,01412725,두산퓨얼셀,8,"104,000,000","834,000,000",-,2024-12-31
20250317000838,Y,01722437,한화갤러리아,5,"240,000,000","1,198,000,000",-,2024-12-31
20250314001606,Y,00936787,애경케미칼,8,"159,000,000","1,269,000,000",주,2024-12-31
20250319000924,Y,01412822,솔루스첨단소재,9,"71,000,000","639,000,000",-,2024-12-31
20250320000849,Y,00113492,깨끗한나라,5,"162,000,000","811,000,000",-,2024-12-31
20250320001058,Y,00122481,태경비케이,5,"68,826,000","344,128,000",-,2024-12-31
20250327001173,Y,00146454,일양약품,6,"139,000,000","838,000,000",-,2024-12-31
20250321001961,Y,00162072,한신기계공업,4,"320,000,000","1,282,000,000",-,2024-12-31
20250317000929,Y,00413046,셀트리온,12,"940,000,000","11,282,000,000",-,2024-12-31
20250321001830,Y,00134176,세우글로벌,3,"114,722,000","344,167,000",-,2024-12-31
20250320000941,Y,00126937,삼양홀딩스,7,"737,000,000","5,159,000,000",-,2024-12-31
20250320001156,Y,00131197,서원,4,"224,000,000","897,000,000",-,2024-12-31
20250401003228,Y,00141307,영풍,5,"105,305,000","526,524,000",-,2024-12-31
20250320000921,Y,00157991,한국석유공업,5,"494,213,600","2,471,068,000",-,2024-12-31
20250320000396,Y,00163673,한진중공업홀딩스,5,"241,290,000","1,206,450,000",-,2024-12-31
20250415000021,Y,00171265,파라다이스,5,"218,000,000","1,091,000,000",-,2024-12-31
20250320001481,Y,00174527,HS화성,6,"187,000,000","1,122,000,000",-,2024-12-31
20250320001749,Y,00203315,콘텐트리중앙,5,"135,000,000","676,000,000",-,2024-12-31
20250313001287,Y,00126779,삼아알미늄,10,"132,740,000","663,699,000",-,2024-12-31
20250326000254,Y,00138516,아남전자,5,"94,000,000","470,000,000",-,2024-12-31
20250313001177,Y,00191472,KPX케미칼,8,"213,588,000","1,708,705,000",-,2024-12-31
20250306000628,Y,00104856,삼성증권,6,"468,000,000","3,278,000,000",-,2024-12-31
20250318001384,Y,00105961,LG이노텍,6,"334,000,000","2,001,000,000",-,2024-12-31
20250331004004,Y,00126256,삼성생명,7,"553,000,000","3,873,000,000","홍원학 이사 선임 ('24.03.21)
김우석 이사 선임 ('24.03.21)
이주경 이사 선임 ('24.03.21)
임채민 이사 선임 ('24.03.21)
전영묵 이사 사임 ('24.03.21)
강윤구 이사 사임 ('24.03.21)
김우석 이사 사임 ('24.11.28)",2024-12-31
20250319000397,Y,00126478,삼성중공업,7,"650,000,000","4,549,000,000",-,2024-12-31
20250312001128,Y,00136378,신세계,10,"610,000,000","6,102,000,000",-,2024-12-31
20250320001241,Y,00137997,현대차증권,5,"398,000,000","1,990,000,000",-,2024-12-31
20250312000984,Y,00158501,에스원,9,"361,000,000","3,249,000,000",-,2024-12-31
20250312000803,Y,00166519,화천기공,8,"517,834,000","4,142,674,000",-,2024-12-31
20250312000641,Y,00508274,일진다이아,5,"127,333,000","636,668,000",-,2024-12-31
20250317000785,Y,00296290,키움증권,7,"516,397,648","3,614,783,533",-,2024-12-31
20240912000298,Y,01436558,신한서부티엔디리츠,5,"840,000","4,200,000",대표이사 및 기타비상무이사 무보수,2024-06-30
20250312000416,Y,01436558,신한서부티엔디리츠,5,"840,000","4,200,000",대표이사 및 기타비상무이사 무보수,2024-12-31
20250515002790,Y,00103006,고려제강,10,"146,000,000","1,457,000,000",-,2024-12-31
20250320001444,Y,00103176,흥국화재,7,"137,754,000","898,786,000",-,2024-12-31
20250321001236,Y,00113614,대현,6,"458,000,000","2,749,000,000",-,2024-12-31
20250312001059,Y,00525934,LX세미콘,6,"289,000,000","1,731,000,000",-,2024-12-31
20250320001727,Y,00146861,자화전자,5,"341,028,000","1,705,140,000",-,2024-12-31
20250320000653,Y,00210856,코아스,6,"131,000,000","784,000,000",-,2024-12-31
20250320000597,Y,00361488,텔코웨어,4,"392,800,000","1,571,200,000",-,2024-12-31
20250320001127,Y,00372882,KTcs,7,"129,000,000","904,000,000",-,2024-12-31
20250320001745,Y,00628189,웅진씽크빅,6,"109,000,000","656,000,000",-,2024-12-31
20250425000879,Y,00838500,엘브이엠씨,8,"127,770,827","1,022,166,612",-,2024-12-31
20250328002312,Y,00852087,시디즈,7,"171,777,000","858,885,000",-,2024-12-31
20250320001576,Y,01210677,씨케이솔루션,7,"199,000,000","1,392,000,000",-,2024-12-31
20250320001392,Y,01497869,티와이홀딩스,9,"435,000,000","3,344,000,000",사외이사3인 감사위원회 위원 겸직,2024-12-31
20250325000803,Y,00103592,광동제약,6,"264,000,000","1,581,000,000",-,2024-12-31
20250313001006,Y,00117188,효성,8,"4,503,000,000","38,276,000,000",-,2024-12-31
20250313000247,Y,00117601,유안타증권,6,"436,000,000","2,614,000,000",-,2024-12-31
20250404003738,Y,00118044,동원수산,6,"157,162,000","942,970,000",-,2024-12-31
20250321001723,Y,00131939,선도전기,6,"86,000,000","442,000,000",-,2024-12-31
20250320001261,Y,00146296,일신석재,5,"70,304,639","351,523,197","사외이사1인

감사1인은

무보수로 운영중임",2024-12-31
20250320000304,Y,00159573,한국주철관공업,8,"186,923,000","1,495,389,000",-,2024-12-31
20250320000724,Y,00162063,한신공영,6,"256,000,000","1,536,000,000",-,2024-12-31
20250314001195,Y,00129642,상신브레이크,6,"250,000,000","1,750,000,000",-,2024-12-31
20250320000149,Y,00137368,신풍,4,"198,000,000","790,000,000",-,2024-12-31
20250314001659,Y,00120526,롯데쇼핑,9,"495,000,000","4,419,000,000",-,2024-12-31
20250321001499,Y,00125743,현대비앤지스틸,7,"532,000,000","3,721,000,000",-,2024-12-31
20250703000161,Y,00130684,서울도시가스,7,"596,000,000","4,173,000,000",-,2024-12-31
20250314001261,Y,00155212,포스코DX,8,"355,000,000","1,543,000,000",-,2024-12-31
20250318001131,Y,00164830,HD한국조선해양,5,"498,812,000","2,494,060,000",-,2024-12-31
20250321000868,Y,00305668,새론오토모티브,5,"132,713,000","663,563,000",-,2024-12-31
20250318001119,Y,00458234,아시아나IDT,5,"231,792,000","1,158,961,000",-,2024-12-31
20250320001015,Y,00520887,비상교육,5,"225,000,000","1,127,000,000",-,2024-12-31
20250320001670,Y,00633835,HJ중공업,6,"147,000,000","1,033,000,000",-,2024-12-31
20250318000733,Y,01263022,BGF리테일,7,"425,000,000","2,972,000,000",-,2024-12-31
20250318001407,Y,00219097,BGF,5,"339,000,000","1,696,000,000",-,2024-12-31
20250318000739,Y,00119195,동화약품,7,"163,000,000","1,306,000,000",-,2024-12-31
20250320001637,Y,01159233,솔루엠,6,"499,000,000","2,999,000,000",-,2024-12-31
20250407003073,Y,00125974,삼부토건,5,"108,703,400","543,517,000",-,2024-12-31
20250703000352,Y,00141875,사조오양,8,"32,000,000","193,000,000",-,2024-12-31
20250317000812,Y,01867758,한화비전,4,"21,000,000","84,000,000",-,2024-12-31
20250319000687,Y,00169048,HLB글로벌,9,"80,222,000","722,000,000",-,2024-12-31
20250320001114,Y,00113544,대한화섬,7,"59,000,000","413,000,000",-,2024-12-31
20250312000903,Y,00124799,사조산업,8,"87,000,000","693,000,000",-,2024-12-31
20250604000001,Y,00126089,DH오토넥스,4,"81,186,000","324,747,000",-,2024-12-31
20250403001277,Y,00153393,태광산업,7,"195,000,000","1,241,000,000",-,2024-12-31
20250312000987,Y,01325979,세아제강,7,"467,000,000","3,271,000,000",-,2024-12-31
20250328001583,Y,00366438,산일전기,6,"162,000,000","970,000,000",-,2024-12-31
20250321001259,Y,00911955,잇츠한불,9,"84,000,000","755,000,000",-,2024-12-31
20250318001328,Y,00138190,GS글로벌,8,"257,000,000","2,059,000,000",-,2024-12-31
20250311000974,Y,00148276,제일기획,6,"846,000,000","5,076,000,000",-,2024-12-31
20250320001282,Y,00106881,인디에프,4,"186,000,000","744,000,000",-,2024-12-31
20250317001024,Y,00162461,한화솔루션,11,"445,000,000","4,891,000,000",-,2024-12-31
20250318000466,Y,01649204,달바글로벌,9,"357,000,000","3,213,000,000",-,2024-12-31
20250711000353,Y,00428729,대호에이엘,10,"61,663,000","616,625,000",-,2024-12-31
20250320001383,Y,00109189,대덕,5,"363,000,000","1,814,000,000",-,2024-12-31
20250320001650,Y,00159810,카프로,7,"45,894,000","321,260,000",-,2024-12-31
20250320001632,Y,00360142,아이마켓코리아,6,"327,000,000","1,962,000,000",-,2024-12-31
20250317000605,Y,00115694,DB증권,5,"225,000,000","1,239,000,000",-,2024-12-31
20250318000528,Y,00138242,KG모빌리티,10,"54,000,000","541,000,000",-,2024-12-31
20250312000906,Y,00105873,LG디스플레이,7,"352,000,000","2,470,000,000",-,2024-12-31
20250313000158,Y,00106623,현대위아,7,"676,000,000","4,729,000,000",-,2024-12-31
20250331000321,Y,00117267,동양생명,8,"324,000,000","2,589,000,000",　-,2024-12-31
20250318001067,Y,00309503,한국항공우주,6,"197,000,000","1,180,000,000",-,2024-12-31
20250321001765,Y,00135111,수산세보틱스,7,"133,954,000","937,676,000",-,2024-12-31
20250318000862,Y,00631518,SK이노베이션,9,"516,000,000","4,130,000,000",-,2024-12-31
20250407004316,Y,01035289,스타에스엠리츠,5,"141,421,000","707,105,000",-,2024-12-31
20250321001881,Y,00119140,핸즈코퍼레이션,10,"140,000,000","1,401,000,000",-,2024-12-31
20250226005968,Y,00151298,DSR제강,8,"379,762,000","3,038,093,000",-,2024-12-31
20250318001445,Y,01261893,케이씨텍,9,"380,872,000","3,427,847,000",-,2024-12-31
20240620000211,Y,00141626,오리엔트바이오,5,"145,000,000","723,000,000",-,2024-03-31
20250314001404,Y,00173102,모나리자,7,"35,653,256","249,572,795",-,2024-12-31
20250317000867,Y,01386916,SK아이이테크놀로지,6,"306,000,000","1,838,000,000",-,2024-12-31
20250321001276,Y,00109514,티웨이홀딩스,6,"239,000,000","644,000,000",-,2024-12-31
20250312000859,Y,00124726,빙그레,7,"670,305,000","4,692,137,000",-,2024-12-31
20240612000337,Y,00136721,신영증권,5,"588,000,000","2,942,000,000",-,2024-03-31
20250321001837,Y,00195229,미스토홀딩스,8,"800,000,000","6,404,000,000",-,2024-12-31
20250515001393,Y,00679314,동성케미컬,7,"571,000,000","3,999,000,000",-,2024-12-31
20250414002678,Y,00146214,일성아이에스,8,"177,693,000","1,421,548,000",-,2024-12-31
20250314001304,Y,01760738,OCI,5,"445,000,000","2,224,000,000",-,2024-12-31
20250318000934,Y,00728638,한세실업,6,"261,588,000","1,569,525,000",-,2024-12-31
20250321001966,Y,00162416,한양증권,4,"365,000,000","1,461,000,000",-,2024-12-31
20240618000424,Y,00157104,대동전자,5,"158,400,000","792,000,000",-,2024-03-31
20250320000574,Y,00968607,더본코리아,7,"276,000,000","1,646,000,000",2024.04 사외이사 3인 선임,2024-12-31
20250321001231,Y,00671376,티웨이항공,7,"304,000,000","2,131,000,000",-,2024-12-31
20250321001886,Y,00122825,인스코비,8,"185,402,000","783,012,000",-,2024-12-31
20250320001046,Y,01428203,케이씨씨글라스,5,"837,000,000","4,187,000,000",-,2024-12-31
20250331003702,Y,00113058,한화생명,10,"302,000,000","3,025,000,000",-,2024-12-31
20250314001773,Y,00339391,한화시스템,5,"717,000,000","3,583,000,000",-,2024-12-31
20250331004208,Y,00983271,NHN,6,"208,765,000","1,252,588,000",-,2024-12-31
20250325000721,Y,00148540,CJ,7,"1,280,000,000","8,961,000,000",-,2024-12-31
20250314001189,Y,00101044,에이프로젠바이오로직스,5,"143,880,000","719,400,000",-,2024-12-31
20250321001357,Y,00127042,삼양통상,6,"226,000,000","1,358,000,000",-,2024-12-31
20250319001103,Y,00186559,아이티센씨티에스,5,"64,082,000","324,008,000",집행임원 포함,2024-12-31
20250317000314,Y,00166227,화승인더스트리,7,"213,000,000","1,494,000,000",-,2024-12-31
20250321001712,Y,00103662,광명전기,9,"92,380,000","831,400,000",-,2024-12-31
20250321001077,Y,00117726,DYP,7,"123,000,000","863,000,000",-,2024-12-31
20250317000463,Y,00154462,아모레퍼시픽홀딩스,6,"357,000,000","2,140,000,000",-,2024-12-31
20250320001689,Y,00146542,일정실업,5,"58,459,000","292,294,000",-,2024-12-31
20250325001066,Y,00120030,GS건설,9,"1,093,000,000","8,741,000,000","2024.03.28부 퇴임 임병용, 이희국 이사 포함",2024-12-31
20250320001708,Y,00108746,DKME,6,"67,000,000","403,000,000",-,2024-12-31
20250320001204,Y,01262032,롯데이노베이트,7,"416,000,000","2,911,000,000",-,2024-12-31
20250319000718,Y,00136776,제이준코스메틱,10,"18,730,000","187,300,000",-,2024-12-31
20250317000666,Y,00114154,디와이덕양,10,"167,000,000","1,667,000,000",-,2024-12-31
20250331003521,Y,00102858,고려아연,13,"468,000,000","6,078,000,000",-,2024-12-31
