corp_code,rcept_no,2024_total_assets,2023_total_assets,2022_total_assets
00600013,,,,
00435297,,,,
00173944,20250313001154,276510432217,240301076155,227053375662
00109286,20250318001356,2132627316122,1956376110942,1713773205581
00129350,20250313000953,328114248167,308031065017,287453832625
00144252,20250320001552,305473764776,382846276957,376111723330
00303217,20250321000814,329391197188,318384839252,285245048447
01036446,20250331003613,2953841527430,2357850900807,1930332276171
00112970,20250313001407,185398515032,180718514592,210639557874
00129554,20250320001142,69828890819,90043246014,57863011528
00163691,20250321001882,478715425251,514472137701,524926064872
00260392,20250313000035,226992976377,234871662225,245958532474
00153524,20250327000507,711994053000,715955958000,651217775000
00105156,20250320001025,478555021568,430015236625,353076046774
00146649,20250328001256,1967342079451,1664779334525,1586114519184
00148443,20250317000710,890432937697,879996990707,865677012176
00148939,20250320000832,618763750169,504500385670,442034875881
01234297,20250312000902,512101745784,461187881064,475733780981
00166272,20250321001555,1288499141437,1154543398411,1177218098360
00143794,20250321000993,185004142765,174969478824,169931826485
00860730,20250314000900,82884263423,82285456068,89680360097
00145260,20250317000659,655469570993,678951066652,653136152620
00118965,20250319001022,454354334361,402977300428,371353957512
00687711,20250320001288,899069317215,972464324884,948549497436
01394377,20241121000504,520480441607,579101258437,560953885769
00118008,20240619000177,478904741185,487867520934,456870590279
00132354,20250317000970,1369865450719,1248108717577,1149528707692
00159254,20250319001004,517879873727,503113632386,469100261248
00168401,20241219000451,282769620563,296341107251,307313894364
00648721,20250220001320,516608191578,423163460482,429772701838
00136341,20240919000331,1162642752327,1068743768230,1022207108798
01532603,20250321001314,469867845903,430773739630,422569200239
00107224,20250320001238,404717544888,432707600573,401195143871
01415892,20250321001699,2146506925558,2124785872377,2056286188750
00111458,20250320001314,225080501521,221137778791,247356883299
00218575,20250318001129,522556270523,513527276106,481912631966
00134316,20250808000388,725562845976,674081857072,628831844307
00103042,20250313001313,762617949986,662097622202,630078626843
00120872,20250805000299,204811085193,256575339407,258305672651
01267684,20250331004301,1381577133923,1138110386834,1016960290726
00104698,20250325000971,9601505118160,1309219122467,1300442455061
00122348,20241219000406,231627131187,243460571984,265220043723
00135777,20250320001290,875922548735,876212192768,884529889834
00127200,20250320001464,557296058316,544042879787,543607709814
00147222,20250320000970,231974001581,236979137636,304781348634
00145464,20250320000112,329008589068,313891617603,337212432145
00109161,20250318000825,184309192873,182882306558,167391898805
00101628,20250320001362,1214347475924,1206860950940,1248318313535
00823429,20250320001323,57902458105,48624288729,43913329550
00174004,20250317000557,437508359877,439604034118,427046002236
00123107,20250321000822,59282151485,57928435922,60912251547
00220561,20250313000495,1228084126118,934472863572,913454051041
00165343,20250804000178,262939817516,253960586979,240522145627
00159218,20250514000974,1690214811558,1597333550834,1562022195345
00101220,20250320001653,8160948249649,7818802674413,7076647392734
00152686,20250320001351,1255382149192,1236457010706,1293448547101
00162993,20250318001319,3709018734699,3559790251287,3268041346024
00124027,20250320000250,335401253997,278200798954,134678926321
00145686,20250320000337,269760591981,265952518844,268217246459
00332927,20250317000998,1830513946593,828362721870,533768141172
00398792,20250220001279,1241825709210,1211181269340,1225486689781
00148920,20250811000086,391890614962,382807997446,386108212060
01437292,20250220001436,302492164214,304265746997,292039569276
00136864,20250328001269,628902089244,545009762942,510124893723
00137809,20250318000112,81970747264,84766158128,88291972478
00136457,20250320000777,110375913378,120793105133,124160292131
00118345,20250331004012,1013743449745,975653234729,997884899051
00121288,20250321000631,199293931372,195918816223,218432623722
00146269,20250319000250,1115758897982,1059230389580,1176745986062
00130091,20250314000972,479780920010,474583602862,465919907060
00138729,20250312000916,1026484518181,1048177764841,1034948261694
00172936,20250328001290,482005377173,476136021763,499402713211
00151395,20250320001184,53502532108,54742622180,54845658330
00153126,20250320000950,1180815137965,1155786931774,1153770087447
00653024,20250318000022,1227138208863,952331547674,757789019510
00203582,20250311000946,290379147343,312095401371,319496520639
00165583,20250320001564,14539774932856,4597407646185,4339655185507
00860332,20250328001697,115578247112858,102235842680189,88977399369676
00159023,20250317000684,30515255000000,30119227000000,31308232000000
01562589,20250321001172,1905018000000,1698527000000,1635041000000
00138297,20250320001714,576408000000,578680000000,741784000000
00159795,20250319000937,878968656770,792428141673,585333635410
00118521,20250318000646,151334407812,151007705312,222866686597
00105952,20250326000601,20527939000000,18245954000000,17257356000000
00160621,20250320001367,109277355532,89173514797,82665926104
00539274,20250319001086,4418554230618,4159485425647,4015327448810
01180118,20250212000399,511512336502,511857698897,512895889358
01244601,20250313001156,4414712217433,3966486618370,3331422320817
00150244,20250320000493,3441538598928,3358347205530,3333438311387
00108977,20250321000349,432188136396,467423344729,470347262546
00148522,20250312000567,350454400155,265075748454,211309947551
00134963,20250311000263,1180193000000,1089744000000,1217311000000
01133217,20250411001905,62805282000000,54488157000000,39516079000000
00129387,20250312000816,619315087530,590613614037,587186274133
00148948,20250317000781,119924769170,118588764533,130041760125
00124151,20250521000343,226336878948,232856662011,233931779498
00157070,20250320000091,1564250855000,1425051765000,1289776454000
01032486,20250318001351,8169804000,8043861000,7297709000
01535150,20250312001045,4433542205994,4232565579262,4422943409055
00117577,20250318000980,5933196336149,5138300057884,5102168431194
00113508,20250313001148,1214838948245,1188823571530,1171989377978
00153755,20250317000712,528140837268,499119799811,490987940831
00132804,20250312000954,1366487636273,1310199052559,1187583002030
01437186,20250218000559,2525183126010,2473297506408,2343918337381
00143262,20250711000031,91715586046,113497686732,111631385016
00160861,20250320000501,232946140726,237369526405,225415182824
00114093,20250317000503,136247328127,126819096992,125172358791
00415628,20250318000960,620877554527,544018916698,551849173753
00990165,20250320001240,2195403207000,2120387916000,2040009732000
00165680,20250515002269,3813885971903,3006538770202,2938544987435
00684714,20250313001378,4096582596724,3660628679317,3395297191796
00126371,20250311001190,12792402920884,11657871601848,10997170898641
00148993,20250320000510,4077443964617,3979751148746,3945000964667
00565154,20250318001237,2714582224859,2560209103473,2290142554591
00593032,20250318000532,2914966723645,2755627761730,2584040376470
00133511,20250318000626,308253370839,303534566762,303815670161
00414601,20250320001187,482351415057,454404380777,610723418178
00416654,20250328001604,71306113634,62948969391,61023631583
01208885,20250318000876,947683277099,951329118368,1067615033035
00102140,20250312000686,80869826412,75127255780,68385030301
00143527,20250320001376,616320126682,606915246461,586813597619
00154055,20250320001049,53539770506,37386713995,34948504183
00144164,20250312000964,7539621970135,6081811411173,5831776891571
00159564,20250319000402,41498366351,44186932873,48045222224
00112165,20250321001173,715046567485,684084841557,648233574145
01316227,20250312000116,4724182664945,4070471419196,4319879312472
00222532,20250306000713,1243517604881,1319446205693,1428013437283
01478712,20250319000892,1088723750887,1127535530258,1191756988159
00143314,20250321001897,93502192138,95035399315,106799190000
00138701,20250312000788,3334279155000,3272086007000,3182375948000
00112022,20250320001317,152521491003,138374975185,130913447074
00302926,20250321001612,5285394740000,5241484775000,4823869784000
00105299,20250319000431,1161899245538,1130467709471,1094801795415
00110893,20250313001301,26396108665000,22643488792000,21210735463000
01316236,20250312001129,3272029757634,3115610852602,3131118899043
00159102,20250331003403,66506135383633,60040428590956,57635178300728
00122898,20250321001224,640284164647,620426943865,601820033901
00939331,20250318001173,3126693019808,3009429377714,2933309479342
00231372,20250320001631,2166617248668,1764111056273,1802776594203
00129271,20250313000817,173158472097,139238488628,139115269782
00164812,20250324000696,2062309184431,2059712572964,1831301801553
00172291,20250317001028,1037613249183,936627620863,888860403342
00300548,20250318001257,858386415696,899461324426,854159330447
00188089,20250314000941,1746167657721,1724265473784,1684715498594
00106368,20250317000810,8340238952259,7979694633685,7717403072460
00149026,20250321001425,412586797943,383909710687,364121570785
00123781,20250320000887,153106976657,156095854681,153622003905
00454946,20250318000396,204790661517,201377924078,196645335068
00261285,20250321001912,57669637000000,57254666000000,62424983000000
00131692,20250320000847,1017698965497,993737055884,926418535898
00122737,20250318000777,10271506000000,7853946000000,7548942000000
00107677,20250321001351,257400328225,191082593771,201061180940
00110608,20250227006937,363394228331,343481015258,364710386862
01059605,20250312001039,353395292441,336728433730,327522399303
00163345,20250320000879,870058289785,879384841947,414317384772
00161709,20250328002094,643928604574,597603859832,544804538072
00622787,20250318001275,1697157256602,1592842324191,1757001765786
00136402,20250318001436,254881524377,242937272679,242350721393
00133335,20250317000553,719893318041,769067174916,820314254965
00369833,20250319000740,138270697101,187088686775,204164784861
00131054,20250318000789,9646708149349,8699332043240,8076408298781
00151368,20250317000861,470981724710,428501449457,433167237634
00159698,20250327000192,8362237776886,7968409129278,7478129879658
00128555,20250313000950,4518198223654,4432766185103,5021952466150
00112679,20250320000634,372341113498,334751849114,338228490208
00160205,20250318000918,307361942953,333192248433,325998841087
00129280,20250313000955,70192709528,73014231901,68742292985
00225159,20250220001567,2832564017795,2701797834311,2558426986621
00260383,20250306000568,2219743050345,2196492714337,2195832515923
00106395,20250318000723,33341564828,52905126549,62193732605
00104999,20250327001289,294579163963,302851731273,270394721804
00121543,20250324000610,680447311689,639327517358,605739795014
00145109,20250312001137,2942048836634,2812305590753,2472728072149
00132628,20250320000385,75426856694,60912720397,57241315662
00413523,20250313001417,470883954867,398871055382,373059659521
00142883,20250318000772,433752930051,380460470089,282515715608
00980122,20250319000926,66721914000000,63403970000000,59828165000000
00118275,20250313001050,319610580416,280589482061,274585823020
00115384,20250313000657,238666824251,224384203562,216528029378
00404701,20250318001253,1725879725519,1480050024356,1363794175394
00500254,20250318001410,35063398000000,34448425000000,33922242000000
00113359,20250313000901,15898332583027,15593363016079,13417260497201
00148461,20250317000206,116092096071,106615084744,104117875897
01391033,20250214002376,112623172402,106456041628,110564160617
00177199,20250718000228,293570010254,277642743004,306956322608
00161976,20250318001443,2825659862512,2152345946852,2036963741120
00166315,20250317000376,1321669869758,1196813984369,1004620994499
00117629,20250317000788,192335715993,208762933559,183082959042
00435312,20250312001033,267487698093,270448865007,292456090103
00555874,20250318001006,1998506193261,1980894333656,1644674848545
00120021,20250318001070,31639273000000,30253085000000,29633677000000
00432102,20250320000910,109220199166181,95901185591112,86308574156762
00113526,20250318001334,47012065940089,30391776029656,28997701022484
00115065,20250311000605,96866644254,97568839749,92085226130
00170558,20250321001734,5761561091079,4850965736396,4365074875331
00269940,20250320001129,668789503298,644596377665,455429440460
00129989,20250314000812,784541943950,672673343828,451321116581
00356361,20250731000339,93857762000000,77466694000000,67973823000000
01576102,20241213000520,361337561141,369857871994,352325224080
00106641,20250313001390,92755874000000,80627826000000,73710965000000
00152880,20250324000768,2719945901907,2571300487925,2834147586184
00138260,20250328001694,1079604688000,1057913470000,965098439000
00120562,20250620000111,22660277693897,23160430746458,22175416666050
00164724,20250318000920,3573751146561,3535433379184,3014471063421
00249247,20250320001394,237801884923,225534081771,241371893905
00159616,20250320001103,26314835000000,24640834000000,23049782000000
00139764,20250318001112,142489241515,144034594170,128080156342
00140955,20250310000865,1464678817159,1350979663141,1253310602636
00105606,20250317000938,433457378286,441768263473,426633825138
00133618,20250318000783,50104587055,50999114290,51641840702
00133812,20250318000667,1480281617589,1345241646591,1280973786600
00123772,20250319000744,1651368375233,1770492019487,1481429884085
00158112,20250312000675,351203466132,357003990077,345521340104
00163196,20250715000144,340452046261,331028995726,339154971493
00108135,20250318001422,3670572248630,3737707402310,3592060734923
00109718,20250312000891,2123550790244,1262971666006,1168252667285
00100939,20250318001036,969739160656,985686727233,957791314832
00423690,20250320000853,208565174070,196570540338,211487637576
00152039,20250319000355,199881677024,198246797314,185935448420
00587466,20250313001218,2018154285684,1928646649981,1819893802654
00141413,20250318000559,216774804117,210002658451,220738936358
00115287,20250320001398,630330388517,599319321340,567964926094
01128613,20250317000315,1537604343788,1360570205531,1475831730945
00796994,20250715000164,168292925340,155538184310,145133296597
00353878,20250314000954,324736258465,320034640962,346117669232
00760971,20250318001121,7919463568015,6440456619598,6037783966136
00122579,20250320001026,696400955313,685663060325,668872026401
00815369,20250320000753,285110877176,251634548809,243275367790
00156354,20250321001687,630543293190,579056069012,550819602976
00197759,20250318001105,131612702717,103781272550,134409509636
00400857,20250321001828,159085850798,173841489988,195431756905
00194947,20250320001416,219980917783,203640941365,157781435629
00108612,20250321001800,735819053361,718904136635,565587169489
00134477,20250220001259,1034086066876,1056904317494,930994305130
00138279,20250319000503,24451433000000,21576123000000,19613135000000
00160418,20250318000552,1013538338341,874724776068,799394136303
00145552,20250320001454,957246232000,1093466714000,1188076573000
00116949,20250313001452,5006031529000,4567386501000,4591590751000
00269241,20250320000220,42542059412,45913552331,53242325293
00220613,20250331002907,691783323885,642480608085,588012317030
00176914,20250318001202,57147924043319,53342459330150,49260008742513
00120076,20250320000626,8930865616216,7995340730864,7719007333629
00160232,20250318001193,1892003803431,1656034879630,1659172643001
00401731,20250317001029,65629589000000,60240793000000,55156141000000
00508344,20250314001183,1462224549572,2423076382258,2191576214447
00111722,20250515002814,137176998056307,128206948648964,106952189880235
00147860,20250320001174,105927863551,103259018308,149581296371
00128227,20250327001293,298459252351,245334463702,232663818640
00193009,20250402002557,961032191903,1035818460628,1246019564242
00145437,20250321000735,23296368270,48534629654,73158525417
00255619,20250318001106,4700641154570,4448655838228,4167752670696
00158316,20250318000811,3521880947809,3484123285552,3378563521222
00583424,20250317000429,6783507800768,5886510888702,5801783178159
00113997,20250314001597,2282023058453,2392246607934,2430279801877
00480455,20250321000939,968810437104,899134400319,853387672706
00706715,20250319000813,494326942400,467503157829,485886407079
00106313,20250317000545,1552771308059,1692362777882,1691163707318
00828789,20250320001121,1686365340319,1733306521982,1824588314611
00125576,20250321001138,83146042729,90568081356,84258477019
00145880,20250317000668,34743788025637,35218841930044,36800955829773
00129420,20250321001470,276541274780,255548356312,195489393903
00855163,20250310000394,187152690281,164770958446,147864035732
01363818,20250312000767,2623648647194,2301822104866,2313651238698
00115612,20250812000691,1651094133285,1807512336047,1581700494344
00135917,20250331003267,19834160583099,18115263746011,17173511589408
00191588,20250314000520,290658433763,303735700802,293690103032
01060814,20250318001393,667277219833,642040554408,642561004274
00480367,20250318000275,1421941567198,1431906666880,1220003934152
00127255,20250320000750,136049880807,132156558539,135833316129
00115676,20250318001327,3341371364302,3195514054360,3051507326663
00114552,20250319000715,605181373534,605100050298,522590275567
00116301,20250313000820,473689516733,447987063260,397444642902
00117179,20250312001047,1003494179959,930244752630,861083032957
00121570,20250708000057,224208819934,231645964686,206906858449
00142865,20250320000660,100192777916,122990006604,128503266423
00130772,20250320001108,1512366601922,1346398451632,1407888696660
00133991,20250314001717,690146270816,693805240728,690192115483
00143651,20250320001474,970970804269,1027078032335,1094417787764
01042775,20250326001216,7052043027166,6286700392151,5845841407280
01350869,20250318001196,525753320000000,498004936000000,480474396000000
00163512,20250317000904,4189506445715,4201363599974,4093197691709
00180795,20250321001500,556215707649,482869726172,411164184888
00646732,20250306000676,667046949686,643080913118,597085261527
00564562,20250318001032,574103551032,535697470080,538890010550
01622720,20241016000322,1078591739263,1034432803924,982489297616
00398701,20250311001260,2799831517733,3351444610588,3023932974764
00907013,,,,
00102113,20250320000738,544969281413,538955972428,548252999063
00145598,20250801000808,499993817147,499775513693,484691741651
00409672,20250320000173,105764284096,110046703211,112327631684
00138057,20250317000934,85143471743,82497512373,76509689752
00109693,20250317000751,12535315407584,12119563559885,12004032770242
01669226,20250110000545,1586401656876,712472007685,710393030576
00159971,20250320001565,289342395414,916578395937,792860678470
00367710,20250320001366,292407975377,217309008513,198494534925
00104786,20250318000665,74867189585,84461940667,97492843199
00101433,20250317000859,489019203715,448592733973,448632689252
00109824,20250320001663,162827837044,177143797015,171792618625
00126201,20250320001319,322603910471,313423840444,308654791181
00159786,20250318000116,1364801977175,1259135784421,1489264677517
01702017,20250319000185,235451613708,219885414270,213631274794
00266961,20250318000645,38167876036020,35737826964395,33899042889136
01762569,20250320001543,299546745134,217960142410,
00122694,20250605000505,187184486500,192910732982,215054261704
00544452,20250317000839,676886464617,682625491786,690297270403
00547583,20250317000894,637847513000000,591925995000000,568603280000000
00149655,20250321001515,61990426835548,66127029212679,58981492466950
00858364,20250318001176,152470490926534,145783633894264,136932606929118
00161693,20250313001195,1067251785665,1051517418790,1099679540571
00105280,20250321001489,10084911844000,5051682271000,3188881449000
00154426,20250321000838,140860365620,151653101094,246320129412
00124780,20250311000913,337828786614,320138049682,350700454619
00139214,20250328001868,87269492540789,85019029989421,80796010435039
00166500,20250312000312,174332394129,167517651255,161427031413
00787376,20250320001296,797405774074,803198158498,834489958201
00426086,20250313001222,1168226900665,1099714172170,941352875184
00121932,20250317000651,478696089051,447566168775,415619324562
00299002,20250318001459,2370763879407,2298229319032,2279864889843
00356370,20250317000790,7405784092201,7220285811725,7302929652203
00878696,20250318001091,1036810779623,723170577189,664241139428
01267170,20250318000565,5367048627339,4158774903691,3945682879744
00181943,20250320001596,369575805909,339809517118,328166066953
00595191,20250317000896,826277280544,853376951920,933755417033
00136271,20250318001079,605269638823,587747541244,577555245278
00149239,20250313000809,421666740574,390898368641,367680590342
00104768,20250320000299,1042884426000,801805532000,752332445000
00118266,20250313000850,982414184864,963651592108,945238494728
00382199,20250318000993,739764256000000,691795333000000,664433230000000
00167208,20250317000787,443559317530,325653339437,317059936570
00545716,20250314001522,7006616781040,6718109060318,6927204106064
00767460,20250313000132,527526386235,517945909903,498996615717
00972503,20250312000525,344277767089,338352795709,342505450921
01205842,20250327000348,3324625332000,3296953373000,3448586770000
00152729,20250320000952,260831921228,251180472123,247855306698
00360595,20250317001025,16849145438725,14725019903938,13877784500296
00403632,20250312001070,913820854281,909724490443,915256451923
00161860,20250318001322,244556132689,247301097498,234918895770
00480950,20250321000678,301066402104,467831375076,566212896315
00428251,20250318001045,11217721674000,11712592639000,12069249655000
00135962,20250515002241,764717279119,748620183007,716401497952
00447609,20250326000026,1319868751137,1089361044645,1009659166536
00106119,20250321001823,1256933888453,703467371639,278599452437
00108940,20250320000999,1249662505720,1245982849279,1391346077818
01205709,20250319001012,73866670219000,67982820888000,65570861076000
00140964,20250321001884,6576715632460,6379343146101,5490219711184
01199550,20250317000724,453774373436,502056913859,652825960031
01010110,20250318001413,1646281734989,1288624909154,1235636097982
01721809,20250314000805,955626273000,880317203000,
00106669,20250318000465,3826646864046,3665171000621,3818404052059
00160843,20250312001130,2396851168578,2043378694132,2142165862418
01430475,20250211000671,1279218586238,1255981315541,1260156967376
01323032,20250318000964,524847598138,554118292957,534356690809
00173078,20250318000402,1210314499204,1044875997928,929267254095
00459871,20250318001154,1611495229296,1505059211842,1389130864097
00573579,20250317000667,232580292137,252411568748,236600606117
00861076,20250312000670,205048917905,213094328463,270247968384
00190321,20250321001834,41879957000000,42709982000000,40980681000000
00776820,20250321001998,5389722907461,5297123640656,4513623780811
00107613,20250321001007,790136366426,626436318507,546014160739
00113225,20250320000395,1149797079037,1115779074661,1220496809666
00118451,20250424000289,171801171723,179232275038,179708719037
00139454,20250314001008,499351468105,482372595474,482639615354
01475609,20241202000425,852959307008,856998452958,860319134363
00140779,20250312000962,202580696056,179035625324,180449397115
00134565,20250320000234,77931992229,79504419607,79791361051
00136624,20250313000876,404169290573,401719803161,425804458911
00248974,20250314001348,382010680680,348386182460,345964556425
00344287,20250418000372,4287197767266,4418425813336,4736667586250
00148610,20250311001013,14018124416878,13250183608173,12111249518203
00164609,20250711000373,5108867288000,4909071433000,4748245499000
01442966,20241223000285,160414844184,155430160438,170145353553
00117230,20250319000651,836567835684,849110905422,782128426554
00442835,20250320001179,133243438025,111855784929,90016753672
00161116,20250317000836,1702996461973,1724300709671,1667421795499
01026157,20250318001072,631516754233,679023237717,585713154632
00114765,20250319000773,764811017139,622237518375,553570561673
01190568,20250321001576,565143563187,287309488243,183130939633
00141273,20250328001159,31947619834,60240632361,59285485269
00153339,20250321000898,684731194390,635637932457,625038862557
00117027,20250318000832,954000570292,861149661387,816932966181
00163716,20250801000425,70208203490,90310467877,113480993232
01817081,20250317000875,731694676657,,
01765265,20250317000722,3194015021446,3531787086236,
00120182,20250313000770,62427065000000,56697893000000,53428267000000
00150828,20250331002970,543584682937,574331455413,451746878881
00164779,20250319000665,119855209000000,100330165000000,103871512000000
00171636,20250702000575,933158869000,720105338000,723295784000
00181712,20250318001364,214977754000000,206970264000000,194505860000000
00632304,20250318001204,1250608664458,1176266427927,1157579707497
00414850,20250318000878,166325113534,176284813736,176818736427
01276594,20241211000290,2158801775445,2004292844565,1825422708400
00126308,20250312001103,10013337796132,7801398613122,7848723222714
00163114,20250318001318,3424466755541,2771870652879,2323543346933
00148984,20250311001197,1697695581000,1621801859000,1620442052000
00652423,20250321001009,162730128455,145703789452,144283848412
00127167,20250318000675,728709407076,675612520563,624208062873
00123143,20250320001237,1164086929992,915511541054,892385915179
00101664,20250318001404,283886655960,266305016913,240544942124
00983040,20250318001316,4207157981000,3784921894000,3915077622000
01510489,20240919000201,512323973,564899607,386583053
01524093,20250314001639,9712402219987,9344058758180,8974717444285
01596425,20250319001044,21921051000000,17970008000000,22160583000000
00209780,20250318001395,1046845412327,1062311270068,1004623911655
00149804,20250317000599,334711356299,336026490235,1375206765319
00111689,20250321001016,102542697306,94593219371,91241229943
00797364,20250320001602,294063763220,414426220424,323473720683
00129235,20250320000947,203950424754,201158073368,222783556966
00112059,20250318001083,1230922556862,2173761439448,598057726910
00134510,20250317000672,1240617966721,1151805423714,1149427317637
01204056,20250321001187,5479186860000,5345681487000,4870434315000
00160588,20250331003821,252036985000000,209738149000000,196976926000000
00113562,20250424000557,15541477889770,14912417300957,16764540172423
00226316,20250331002554,396031860184,315985635997,316098137496
00160375,20250228006453,57413480032,51748834667,46084520659
00164788,20250311001180,66596905000000,58585845000000,55406698000000
00132868,20250320000581,116893023052,128439236485,123872501880
00119672,20250318001138,514202251500,477089681561,462171290214
00124504,20250314001718,17336325971000,16617748008000,12516336931000
00128032,20250328001724,395071163939,370680097036,356700496639
00145163,20250318000319,99264316559,92518752840,109647189040
00441243,20240920000129,143183788567,125126388096,109225633024
00164742,20250312001148,339798429000000,282463355000000,255742462000000
00225706,20250318001174,325323614449,255836393033,252942118072
00557508,20250328001704,616232394204,639368283536,609513166650
00681142,20250321001840,126894720950,143820156106,167746018396
00173795,20250320000945,141427657791,140331352601,140622549545
00129013,20250317000808,173079219891,168208968603,143409086635
00135795,20250715000025,1143580683305,1078782998517,1038493447520
00161125,20250321001829,10620252377496,9244404434130,9098783327544
00138792,20250318000756,13449903474132,13016745781139,13455341411799
00651901,20250317000731,1417585685197,1358083334270,1227883087659
00121039,20250326000618,257987686198,236548793649,230449822959
00159193,20250318000747,246807795000000,239714965000000,234804994000000
00105271,20250313001099,13108550142754,13353471078397,13118486307658
01384787,20250319000952,803831909889,203918102465,91904189243
00124090,20250321001284,550648594083,560997435417,547808387659
00124197,20250317000708,5555573758508,4340755996109,3572067658664
00367844,20250725000507,1305235716477,1569164880846,1952688130478
01194689,20250509000499,1152227968481,656618146496,519815758191
01205851,20250320001309,3795545096460,2910160077690,2435030170738
01236897,20250317000697,525699687066,487326297597,456891539429
00111704,20250314001630,17843809161295,13944772692394,12235665304876
00260408,20250318001293,1149384209788,1119229511779,1223174230326
00365989,20250321000702,1017716442164,1004928193150,868285864187
00139834,20250311001270,4504507763000,4040679600000,3865135143000
00362238,20250317000508,765377954903,782722786559,793759627507
00362441,20250317000930,3349516801000,2843057165000,2619436327000
00422895,20250320000981,576374088374,584799203503,573569548297
01390344,20250318000897,19390946750000,17133618109000,16289398053000
00102432,20250318001013,2941317715233,2726892636022,2560028661008
01480780,20250314001464,654595069924,660449117491,695374934490
00125150,20250312001090,3436299886778,2967510633959,3054362176494
00154329,20250319000833,752330379026,686463960698,721226342857
00158325,20250314001653,585667200738,493709695212,481091462120
00670340,20250325000771,3609483010970,2869361277711,1784106978440
00372873,20250318000822,469932148859,447609122047,396208069290
00877059,20250306000580,17336296349511,16046197209196,16582050258486
01319899,20250317000856,2843596036892,1852439180084,2141931383550
00102618,20250314001765,192750825652,232056132248,297554555403
00145446,20250321001836,438748509882,443074731432,442826933314
00203290,20250321001958,1291431788085,1289735866717,1269102053314
00753643,20250318000167,36612068110,34134611938,32951331825
00105855,20250317000918,4485197464384,3732891934230,3322804977898
00111421,20250310000706,241011444524,299334914118,304125357471
00113207,20250325001056,2642726208000,1878565100000,1620264871000
00453488,20250321001537,104165712520,106521396855,97847548126
00112378,20250319000576,85272527872,138570416599,149185245583
00469799,20250407004328,100287243339,172159921484,120327643368
00172185,20250319000945,276057373612,258113198377,271152128807
00120571,20250317000932,4372529473212,4257669750821,3695935640310
00126380,20250311001085,514531948000000,455905980000000,448424507000000
00126566,20250317000990,43336873685473,19542899925708,15151828043299
00128980,20250317000096,345696628502,328385015731,282392862209
00165413,20250725000806,34552330375053,33476310224541,26784587810580
00231363,20250317000701,19707730000000,20100605000000,19774800000000
00274933,20250317000635,833687666448,875471406681,903927240057
00303873,20250321001474,3997014314732,3194214710432,3601468386488
00161383,20250313001171,710872366678,723839103741,455432965985
00372129,20250317000567,219236327906,158316498662,142761887718
00117498,20250320001381,264651295308,284857118798,253949338421
00104388,20250321001221,1593312464298,1509561242743,1499093658603
00198697,20250320000779,78894803695,111889654938,117303570494
00111999,20250320001537,583388833683,507998342357,453550065821
01770203,20250311000815,575538213000,438033783000,
00481454,20250318001169,5362836776663,4830981257390,4694985403484
01311408,20250402002504,1290236698738,1104235205797,634913145189
00113410,20250317000953,9743855522383,9357587266747,9693299818264
00131850,20250319001113,6109295395638,6449093771600,6464840829921
00124540,20250318000982,12658456266814,11243136483407,11140353752210
00412597,20250317000550,5175067326608,3432527148806,2782027992185
00791209,20250320001573,156696839751,155304761752,189857328007
00153621,20250318000654,664305023249,678200011160,739665588573
00503668,20250321002001,6125264653217,3815758833285,3012727223129
01316245,20250312000970,6218812921202,4761300218430,4693470608273
00111810,20250401003907,2720693911174,2359277174097,2158905107252
00159209,20250321000310,946846882988,855008772803,816503301678
00104519,20250321001993,75396030106,91419723256,109959854401
00155124,20250317000760,533421606621,560931482078,558370415231
00244455,20250318001223,13925237000000,12772452000000,12301716000000
00258801,20250324000901,25773028304462,25179968939321,22963544024389
00261443,20250328002285,3953941191414,4393800423903,4437632450781
00349097,20250318001057,1040240740660,1215697591061,1361298311421
00357360,20250318000981,268529324803,268472036704,224809704278
00390055,20250318001004,284491992883,293785061321,312590995328
00427483,20250401003870,1976977110511,1770310792992,1563340613712
00131780,20250318000975,5157129000000,9110359000000,9499259000000
01854763,20250312000990,1143492676338,,
00155319,20250312001016,103404198997805,100945394185079,98406780635254
00157681,20250327000664,2713850667217,2682930419573,2709845870581
00234412,20250313000018,1333123240117,1324069585447,1278681814634
00939687,20250312000762,354076507146,374040833046,381228401577
00108241,20250312000711,3597461570702,3234751426458,3034718535547
00453284,20250324000180,342865917617,326364540917,304973382954
00540641,20250321001272,157734719637,168393915617,165498374153
00684802,20250320001609,479276186298,372854700755,345302037105
00872984,20250318000688,33930639265588,33443865586475,33201721508714
00113191,20250331003380,13160392022865,12066324170936,11017223863261
00126487,20250318000985,4033253443201,3840524557786,3595118444613
00219486,20250317000967,502933995272,476561497604,482934079721
01568413,20250318001144,2285904738684,2005097998970,1570179025400
01880801,,,,
00105101,20250811000385,1213830244000,1358039481000,1491393801000
01765256,20250317000943,1835139730494,1710734507031,
01519790,20250319000653,357113314488,328756466141,555404479161
00132725,20250318000798,216746717512,165627371912,170785287337
00137207,20250807000215,186320012345,219549496423,434878230535
00132211,20250321001205,502781287038,628100647252,524434319704
00122056,20250321001415,488925013884,416240456536,357326202513
00152385,20250321001573,609968261404,594427762667,599853281741
00361008,20250318000388,1413101954226,1136858165266,956230294638
00156859,20250317000595,9603169769789,9211837352163,9503703776447
00103130,20250320001095,336750096820,273648831677,303643329972
00119007,20250314001672,1691457264967,1622970089396,1604057802775
00133706,20250314001620,755097664409,736849822539,670596098546
00134723,20250320001403,490046182315,491668368146,501830145462
00136086,20250317000368,2482701674586,2392625541633,2429133745988
01784394,20250320001570,239026712635,73934283329,
00108038,20250321001553,577610425954,537632854213,527275693474
00113535,20250320001093,4580381441177,4727803814347,4490260111628
00117212,20250321001806,30143063000000,28286809000000,26315353000000
00117337,20250320001075,1316088357178,1099649987596,983550240798
00127857,20250710000455,524982806967,534158280214,521558832964
00102751,20250312000333,287854045821,277915943029,274703527826
00164478,20250312001136,27005385000000,23714495000000,20911708000000
00109754,20250321001769,348281817560,347656027998,337590812772
00141529,20250318000979,3597403088294,3496482529068,3569760859068
00168331,20250320000926,174112948051,175919906868,175008166225
00878915,20250318000693,94148635110781,93359783776425,89983920399637
00256955,20250310000646,189958983962,199881921831,197584861031
00128412,20250313001200,425166281599,419901236797,406556944095
00144395,20250313000532,1779146551075,1694019807604,1627852719302
00155531,20250313001387,1319133193077,1194251204655,1142781392226
00164973,20250407001731,48523790593883,44087986397210,46252595500839
00540605,20250313000580,426903853313,421666523743,431705014700
00583442,20250313001422,667672287993,668631273273,668177302153
01882845,20250311001121,2269555200465,,
00193328,20250327000923,623807791230,603244086410,577155431240
00688996,20250526000370,757845532000000,715725416000000,688653482000000
00151128,20250313000748,499377343872,480202443379,464094161172
00155355,20250318001312,2331157705861,2156789583390,2049217755236
00164672,20250317000892,906227621119,838319618658,649126013507
00347734,20250304000650,82068876099,49908220791,44569287296
00150439,20250305000675,95965751892,90029703398,82719954686
00112998,,,,
00661847,20250321001405,152372838073,190295962377,179622909869
00904672,20250321001686,8177066253496,7915865389294,8935573715860
01105153,20250321001817,421690971946,456422079722,62618404596
00156150,20250321001008,79518283268,27560402485,6882778623
00526599,20250321000457,894428873103,773770340890,674583964552
01319808,20250317000951,2988334569492,2867925364376,2460836871897
00125080,20250318001263,5336874928103,5314995084396,4985365771362
00486705,20250328001653,961386247104,995406431200,760228485888
00122472,20250318001326,464295668847,426908196303,404267600510
00173698,20250320000612,126326163231,126134087292,152880655297
00103510,20250328001677,685548746564,649103362179,606910470329
00114792,20250318001457,2509278276042,2421648337449,6451247796882
00406046,20250317000801,494962962578,454013908212,416290993852
00126186,20250311001129,13238330251696,12321024561023,11952424889489
00126362,20250311001275,40597344536357,34038860192967,30257525171127
00107987,20250320001346,773830396996,833548600274,902896419890
00109806,20250320001188,394071619838,354907802821,411440527283
01688896,20250108000357,882689580845,733710018545,737816409000
00145862,20250306000367,454680074452,443887540909,423143581786
00683469,20250312000485,1249038272000,928888144000,839513249000
00159740,20250320001326,1710295193370,1802517204572,1745832247930
00112332,20250331003228,32493623714996,33092023489392,35041511155617
00149354,20250318001235,1495801604857,1456003650511,1376372969554
00152862,20250318001402,7040484502325,5231418956586,4659039217791
00153861,20250319000934,4323923757006,4640488559862,4625724843660
00129509,20250319000814,400183680273,427530518024,407946966305
00125530,20250318001175,1240796531981,1293732304548,1295399585606
00121534,20250312000625,401701920783,445231562517,447440404391
00126292,20250312000920,29494082851904,28806533713375,29623192873201
00133858,20250312000986,2094117786877,1840970162003,1676981981164
00137252,20250312000522,455306449952,448802368727,481673723451
00140177,20250312000991,7581643378910,10042015942614,9832423124845
00150633,20250325000522,1192228577713,1041398859450,1114820890870
00158307,20250312001113,1888589460056,2370680945827,2464219074235
00140168,20250311001196,553072913927,547772703203,542150546103
01093007,20250318000837,488677147541,408424609724,506732778044
00350312,20250812000577,438161253186,383332487352,382579391863
00155258,20250408001924,556803723173,552186389117,554542143288
00155276,20250314000603,7932459834018,6334593297871,4637476140189
00204208,20250324000626,155281108141,160373498904,174626136915
00377610,20250314001645,6105540014922,5789382238682,5919958905229
01032413,20250314001664,794194183895,688727319732,659613821545
01316254,20250312001093,3820765107830,3167433916060,3055566647879
01436628,20250314001675,401388501650,394405280398,363370309434
00107598,20250328000090,724193724088,779727608033,890458284919
00116268,20250321001375,151912649154,114973284037,107702060968
00141404,20250411003513,179264755471,199916289283,203670379646
00415646,20250328002249,908140585192,795335352391,825357092772
00113234,20250313001084,1233543025000,1185391612000,1219466296000
00113243,20250313001408,1560462376675,1401353854060,1318431898542
00121941,20250321000555,3509835110048,3334370027478,3190196448368
00126955,20250318001186,1594782196967,1170302770895,924929490964
00130879,20250320000850,66307712853,70814890787,70853362024
00142661,20250313001232,430591478194,425327563943,401969273009
00156691,20250318000741,502537029335,476851540431,421095042761
00158149,20250320000876,191296096831,188371616567,172340453951
00127158,20250321000753,91803642408,90579937958,94190035332
00144720,20250319001127,124993372131,124121630726,126606991323
00149646,20250318001325,472219838000000,448427279000000,431186338000000
01714997,20241118000337,167620136884,168359472640,178103822513
00127802,20250313001328,463599405877,473605961393,444027583867
00139889,20250318001448,6748678536179,7032322131682,6393092564908
00149345,20250312000526,399122282497,394002199996,433755476780
00428321,20250319000894,699833207144,684971450555,691254955147
00108913,20250317000864,605264594892,604526705400,666723788672
00116824,20250321001899,2030483787016,1957106350366,1731452067203
00956930,20250321001967,1391734505157,1283760898034,1157724933604
00635134,20250321001604,30149997467000,29606279551000,30013241845000
00855093,20250318001380,,,1333616177351
00896285,20250319000739,3319926499915,3205001054507,2949649128405
01167056,20250314000817,369927923047,366709739033,350286507374
01205329,20250320000868,350878102877,338608141951,330163311049
01238169,20250808000624,4308449797008,3521385127842,3371683914220
01258507,20250617000244,4341728167516,4199096312587,4105259178628
00101488,20250318000908,1358870104798,1060557971487,1018019428372
00107066,20250318000968,417033569966,377327938424,345922884373
00112651,20250318001233,838561578459,759532652404,840153818480
00118026,20250318001125,7158211208881,7725142829294,7061179537459
00123541,20250318001002,138831713491,143300746774,147392500947
00125521,20250318000826,3698864220516,3235734467246,2931636940305
00131832,20250318001277,15077692130416,12250710294978,11780098492498
00132637,20250318000868,1552612232456,1535857779602,1451669982270
00145190,20250311001178,771352960922,802953282668,689335169513
00103626,20250311001303,127298015569,124852549093,134944512348
00104722,20250320000537,165547573574,163259483207,136592862806
00146232,20250808000499,370420153245,409313432509,413301997330
00148896,20250318000381,8093654722000,5956551773000,6745534254000
00156488,20250318001178,1431265670359,1325993300470,1206373632049
00159500,20250318001001,418085900700,381181315535,332695359728
00160047,20250318000944,5136426181879,4640995961705,4301818675789
00160302,20250318000926,1204329599517,1091033170883,807858896061
00161426,20250318001281,1349078932369,1226170046397,1109690934182
00163761,20250318001122,287559143129,288895489417,283062451163
00164636,20250812000713,12398308042444,11521215410540,11592341237983
00164645,20250318000828,33848562000000,25713363000000,26066659000000
00106614,20240613000239,263468768678,265146139041,265059186517
00557933,20250327001019,134793951029,124296633811,129200779871
00122551,20250319000644,457884953600,351920466967,338873471894
00140946,20250311001053,267994725160,245120386642,274496248985
00141477,20250328001676,513396101480,544102827133,535684495341
00534598,20250318000353,198508016060,182210002869,208029841056
01060744,20250314001432,2016850557370,2074407699041,2210015517155
00123718,20250318000877,373180311828,429017049398,400929188514
00126414,20250319000845,128451959179,93479032024,117914808538
00129679,20250318001288,2743875851979,2643313917487,2525537081269
00135050,20250321000584,363450447280,342007721613,322591204143
00137359,20250320000996,342092805074,350083639799,361536058296
00141149,20250320001017,234257972953,226600824188,203082817375
00144818,20250319000817,207687399005,198213526767,195205072788
00146083,20250318001009,854701442970,876999054796,862553166894
00149947,20250318001192,604598517283,645038796101,627972755001
00158963,20250728000359,473928536456,468860417714,417890866564
00161046,20250312000222,788555006781,790339658177,871106170067
00111111,20250731000398,140278881981,151056760486,400877091044
00167192,20250318000857,5422551860511,5060957367879,4726896214044
00173874,20250318001449,4574474470953,4232661554569,3944336739608
00178754,20250318001360,400252311496,390934866738,372281354657
00233653,20250318001056,1832131544809,1886596466085,1718070655624
00241005,20250318000887,412141499962,362980211049,387043503761
00357935,20250812000160,630989412448,605440390923,603330216887
00365387,20250325000220,1717770434389,1622157341878,1483368740285
00759513,20250318001456,2354297000000,2384792000000,2483729000000
00795135,20250319000318,7248051156066,6002718764682,6003463015992
00854997,20250318001095,3888464488208,3788831050300,3261922382065
00157399,20250311001184,880015173790,954035007249,1071921900693
00162586,20250318000750,212880605189,239746992700,213451232698
00164706,20250219001662,156396199876,154629099583,181159427810
00166573,20250313001126,424705767203,401226633282,369374561471
00828497,20250318001206,2020840493653,1898668375968,1924585730838
00585219,20250321001919,274123838165,343623737505,282702159615
00937324,20250318001355,15849744509888,12763305688360,12581364159005
01108099,20250318000745,376109428033,344014186935,296127566149
01310269,20250812000514,7461863865856,7016268809820,7336326609377
01712485,20250318001337,960684387370,804299524207,
00111847,20250324000486,1302349327000,1026303659000,1010418826000
00121969,20250326001145,111856083779,99303952812,106506525380
00992871,20250325000403,1458764796383,1402428435512,1124882797791
01168383,20250318001280,589042895205,611260857045,655810213933
00148832,20250317000569,7444771000000,7162714000000,7320304000000
00115977,20250319001050,3553988560322,4237373316087,3737786456047
00117300,20250319000643,573950624572,559737446490,507482316790
00140131,20250319000526,330388215837,345048625403,377747851000
00219574,20250319000641,953903205812,878273229175,936136657462
00450010,20250319000632,296260020201,298099917787,297367187504
00589127,20250319000838,450489555516,447745860874,401136512524
01009789,20250416000526,1933713489313,1557077274819,1396450504662
01412725,20250318001214,1179654638065,1070842523161,1026929716010
01722437,20250317000838,1887829805034,1855072139756,
00936787,20250314001606,1356432222259,1308360653097,1234083722711
01412822,20250319000924,2079395108546,1706722451080,1461040406251
00113492,20250320000849,621077310491,641522252002,661046979250
00122481,20250320001058,385609175182,378041031409,361240178636
00146454,20250327001173,431211150640,392606560430,402916432343
00162072,20250321001961,126495177571,115056313318,115721729758
00413046,20250317000929,21055222437706,19956813831274,5891652311251
00134176,20250321001830,56576212583,54508701606,49888720541
00126937,20250320000941,5290507469287,5154457321588,4547780622106
00131197,20250320001156,981647961482,246997268553,266232857341
00141307,20250401003228,5701707714763,5568116970055,5871933652466
00157991,20250320000921,384404536002,353982211636,347065524190
00163673,20250320000396,1849667000000,1865721000000,1995988000000
00171265,20250415000021,3933768381301,3618279367040,3511523805592
00174527,20250320001481,833478390833,991687669827,746127741905
00203315,20250320001749,2758664473521,2488343237200,2650811719301
00126779,20250313001287,436163754728,404298806447,288153289588
00138516,20250326000254,148788013,164226601,213647673
00191472,20250313001177,880646686131,822466228845,776778116811
00104856,20250306000628,62273916116630,56507909508834,53848261017182
00105961,20250318001384,11378212000000,11204306000000,9793618000000
00126256,20250331004004,312218844000000,314655050000000,296234163000000
00126478,20250319000397,17194637128138,15593389152394,14491697984864
00136378,20250312001128,15071774121951,14751983355128,14348412322688
00137997,20250320001241,11991996000000,11585257000000,10233054000000
00158501,20250312000984,2322698505650,2179505358177,2075658595502
00166519,20250312000803,428809811685,463885406068,474032615936
00508274,20250312000641,607347064513,594029354613,599305651807
00296290,20250317000785,55688423730459,52046420344899,48037301112929
01436558,20250312000416,968440003900,648090988551,621509408960
00103006,20250515002790,2608977847007,2451280644242,2532768398255
00103176,20250320001444,12894689000000,12031553000000,12403741000000
00113614,20250321001236,306459203587,309337533919,297649820407
00525934,20250312001059,1499801948860,1205064944737,1289618542133
00146861,20250320001727,717683038008,692647470965,505788674039
00210856,20250320000653,82510682423,70446617889,76246124909
00361488,20250320000597,124006292902,126812370904,132073841013
00372882,20250320001127,435066123285,434900095454,416146080400
00628189,20250320001745,679055394604,739376283681,790792230162
00838500,20250425000879,502559201,505537142,526527912
00852087,20250328002312,98603256829,95079294654,85063020141
01210677,20250320001576,188423078176,136588232562,155553111109
01497869,20250320001392,1801419186444,2316936129612,2282963063406
00103592,20250325000803,1170275148654,1078065491869,932023758862
00117188,20250313001006,4340864429768,5088858301845,5267284720508
00117601,20250313000247,16800267411000,16461846690000,13419879837000
00118044,20250404003738,108869307630,114611865652,121789602384
00131939,20250321001723,86471435747,92323070165,113976352843
00146296,20250320001261,97397658185,98302187963,116167864087
00159573,20250320000304,429705980847,434108102058,424608629316
00162063,20250320000724,2317873586367,2468946950023,2349398105478
00129642,20250314001195,591078392906,564873378508,544569685947
00137368,20250320000149,75317579119,104190908681,112417896625
00120526,20250314001659,39003044584713,30644698696537,31703575873070
00125743,20250321001499,753622046641,792550276136,857843841402
00130684,20250703000161,1765962363102,1777219780282,1871342447045
00155212,20250314001261,892453016139,889807220460,851593785984
00164830,20250318001131,36719137422000,32242568184000,29883476300000
00305668,20250321000868,275007869227,257571091517,256209761789
00458234,20250318001119,219937922050,222741818404,205577783538
00520887,20250320001015,388227963004,362621260298,309226087513
00633835,20250320001670,2204429000000,2890585000000,2567697000000
01263022,20250318000733,3402590175982,3219078523118,2946235271626
00219097,20250318001407,2300978258450,2171266453121,1938013970903
00119195,20250318000739,619634925512,558520067703,461136459052
01159233,20250320001637,982730815617,938644554384,1034302040090
00106623,20250313000158,7075991000000,6825905000000,7546451000000
00172228,20250319000323,227143694947,247666086117,185745934911
00125974,20250407003073,300331502195,513742450417,498726793527
00141875,20250703000352,415195461349,346240176563,343207955095
01885222,,,,
01867758,20250317000812,1591146181854,,
00169048,20250319000687,135918584874,110104673211,120246185135
00182696,,,,
00113544,20250320001114,820584705338,860872753953,836764531649
00124799,20250312000903,1216795673119,1169759640111,1166611978191
00126089,20250604000001,66061636175,74273121353,543210276853
00153393,20250403001277,4722277800717,4738292443387,4820743827583
01325979,20250312000987,1823848054024,1535913844662,1465129428987
00366438,20250328001583,492674198507,191302264426,131978362494
00911955,20250321001259,516038762059,498568311609,486153355769
00138190,20250318001328,1439641460000,1401098380000,1419412958000
00148276,20250311000974,3306550192963,2889504607291,2751445128079
00106881,20250320001282,121334436238,115588583093,119745167372
00162461,20250317001024,30036831374114,24790423705500,24079987144374
01649204,20250318000466,136108165193,78003609126,39355570451
00428729,20250711000353,150164209033,145877679821,153542696876
00109189,20250320001383,1817762218175,1835312625998,1903351069081
00159810,20250320001650,239157482703,216804583543,302205591680
00360142,20250320001632,1279967962677,1373717052601,1224954676333
00115694,20250317000605,10670641837509,10211959858311,9757370294448
00138242,20250318000528,3104452196541,2636056902325,2001907294250
00105873,20250312000906,32859566000000,35759298000000,35686019000000
00117267,20250331000321,34547211856250,32869437390169,34866586937074
00309503,20250318001067,8025538409393,7139576928721,7772406693424
00135111,20250321001765,237238550555,263117529522,261731135173
00631518,20250318000862,110530097549000,80835513251000,67218924277000
01035289,20250407004316,81910409782,99300326294,123102080292
00119140,20250321001881,885079753443,976559117445,862588714003
00816544,20250320000852,210769726620,202609068278,199062053733
00151298,20250226005968,224685346928,262988106907,259398156922
01261893,20250318001445,549141198730,499951266115,483313331794
00141626,20240620000211,96987787340,81050220067,104952008521
00173102,20250314001404,97168284920,97045385480,97794376174
01386916,20250317000867,4150138152000,4083815083000,3497335365000
00109514,20250321001276,187678000054,215388359744,210718177191
00124726,20250312000859,1003074746009,890717259861,769266587599
00136721,20240612000337,10609935089040,10198800404537,11085013453233
00195229,20250321001837,5536390124625,4980149550868,4821801377788
00679314,20250515001393,1072894256482,970612855578,899511754452
00146214,20250414002678,396879751742,419189929496,498743322746
01760738,20250314001304,2283045417000,1990471193000,
00728638,20250318000934,1424527346288,1237247610671,1239211177169
00162416,20250321001966,1731337480778,1747822854675,1502891064305
00157104,20240618000424,272101858567,259178930468,218759361890
00968607,20250320000574,352697366866,208381292179,174725582891
00671376,20250321001231,1562449951177,1283873353732,1042495890560
00122825,20250321001886,90729786743,76484143419,101183784087
01428203,20250320001046,2494298894368,2223679597409,2209564785783
00113058,20250331003702,160146430758072,147901842899949,146310480564015
00339391,20250314001773,5724010115718,4483210824746,3945627700263
00983271,20250331004208,3193036597819,3449677276360,3025182021029
00148540,20250325000721,47496993224000,47203762893000,48240408307000
00101044,20250314001189,590984471828,589396664797,684140416698
00127042,20250321001357,454131400837,454751843435,457536775769
00186559,20250319001103,618272425850,525378184898,558409431550
00166227,20250317000314,1833034372586,1653277049573,1779489488972
00103662,20250321001712,142679052793,187156634512,171758015274
00117726,20250321001077,413955272202,372634565534,374266034502
00154462,20250317000463,8540521424208,7631430777862,7651003801454
00146542,20250320001689,33094013588,31049304763,33565988545
00120030,20250325001066,17803293924556,17707298538013,16946616696898
00108746,20250812000680,213873418416,220114642087,192687257308
01262032,20250320001204,950573044038,944050170382,871931521611
00114154,20250317000666,558566600775,573648655244,520217537029
01515323,20250312000405,60306791000000,45437144000000,38299445000000
00102858,20250331003521,14792322181548,12046071311650,12097918358974
00136776,20250319000718,38915573941,48355454222,48387026626
