rcept_no,Corp Code,Total Assets (2024),Total Assets (2023),Total Assets (2022)
,00600013,,,
,00435297,,,
20250313001154,00173944,276510432217,240301076155,227053375662
20250318001356,00109286,2132627316122,1956376110942,1713773205581
20250313000953,00129350,328114248167,308031065017,287453832625
20250320001552,00144252,305473764776,382846276957,376111723330
20250321000814,00303217,329391197188,318384839252,285245048447
20250331003613,01036446,2953841527430,2357850900807,1930332276171
20250313001407,00112970,185398515032,180718514592,210639557874
20250320001142,00129554,69828890819,90043246014,57863011528
20250321001882,00163691,478715425251,514472137701,524926064872
20250313000035,00260392,226992976377,234871662225,245958532474
20250327000507,00153524,711994053000,715955958000,651217775000
20250320001025,00105156,478555021568,430015236625,353076046774
20250328001256,00146649,1967342079451,1664779334525,1586114519184
20250317000710,00148443,890432937697,879996990707,865677012176
,00148939,,,
20250312000902,01234297,512101745784,461187881064,475733780981
20250321001555,00166272,1288499141437,1154543398411,1177218098360
20250321000993,00143794,185004142765,174969478824,169931826485
20250314000900,00860730,82884263423,82285456068,89680360097
20250317000659,00145260,655469570993,678951066652,653136152620
20250319001022,00118965,454354334361,402977300428,371353957512
20250320001288,00687711,899069317215,972464324884,948549497436
20241121000504,01394377,520480441607,579101258437,560953885769
20240619000177,00118008,478904741185,487867520934,456870590279
20250317000970,00132354,1369865450719,1248108717577,1149528707692
20250319001004,00159254,517879873727,503113632386,469100261248
20241219000451,00168401,282769620563,296341107251,307313894364
20250220001320,00648721,516608191578,423163460482,429772701838
20240919000331,00136341,1162642752327,1068743768230,1022207108798
20250321001314,01532603,469867845903,430773739630,422569200239
20250320001238,00107224,404717544888,432707600573,401195143871
20250321001699,01415892,2146506925558,2124785872377,2056286188750
20250320001314,00111458,225080501521,221137778791,247356883299
20250318001129,00218575,522556270523,513527276106,481912631966
20241122000438,00134316,725562845976,674081857072,628831844307
20250331003702,00113058,160146430758072,147901842899949,146310480564015
20250313001313,00103042,762617949986,662097622202,630078626843
20240920000456,00120872,204811085193,256575339407,258305672651
20250331004301,01267684,1381577133923,1138110386834,1016960290726
20250325000971,00104698,9601505118160,1309219122467,1300442455061
20241219000406,00122348,231627131187,243460571984,265220043723
20250320001290,00135777,875922548735,876212192768,884529889834
20250320001464,00127200,557296058316,544042879787,543607709814
20250320000970,00147222,231974001581,236979137636,304781348634
20250320000112,00145464,329008589068,313891617603,337212432145
20250318000825,00109161,184309192873,182882306558,167391898805
20250320001362,00101628,1214347475924,1206860950940,1248318313535
20250320000852,00816544,210769726620,202609068278,199062053733
20250320001323,00823429,57902458105,48624288729,43913329550
20250317000557,00174004,437508359877,439604034118,427046002236
20250321000822,00123107,59282151485,57928435922,60912251547
20250313000495,00220561,1228084126118,934472863572,913454051041
20250804000178,00165343,262939817516,253960586979,240522145627
20250514000974,00159218,1690214811558,1597333550834,1562022195345
20250320001653,00101220,8160948249649,7818802674413,7076647392734
20250320001351,00152686,1255382149192,1236457010706,1293448547101
20250318001319,00162993,3709018734699,3559790251287,3268041346024
20250320000250,00124027,335401253997,278200798954,134678926321
20250320000337,00145686,269760591981,265952518844,268217246459
20250317000998,00332927,1830513946593,828362721870,533768141172
20250220001279,00398792,1241825709210,1211181269340,1225486689781
20250318001171,00148920,391890614962,382807997446,386108212060
20250220001436,01437292,302492164214,304265746997,292039569276
20250328001269,00136864,628902089244,545009762942,510124893723
20250318000112,00137809,81970747264,84766158128,88291972478
20250320000777,00136457,110375913378,120793105133,124160292131
20250331004012,00118345,1013743449745,975653234729,997884899051
20250321000631,00121288,199293931372,195918816223,218432623722
20250319000250,00146269,1115758897982,1059230389580,1176745986062
20250314000972,00130091,479780920010,474583602862,465919907060
20250312000916,00138729,1026484518181,1048177764841,1034948261694
20250328001290,00172936,482005377173,476136021763,499402713211
20250320001184,00151395,53502532108,54742622180,54845658330
20250320000950,00153126,1180815137965,1155786931774,1153770087447
20250318000022,00653024,1227138208863,952331547674,757789019510
20250311000946,00203582,290379147343,312095401371,319496520639
20250320001564,00165583,14539774932856,4597407646185,4339655185507
20250328001697,00860332,115578247112858,102235842680189,88977399369676
20250317000684,00159023,30515255000000,30119227000000,31308232000000
20250321001172,01562589,1905018000000,1698527000000,1635041000000
20250320001714,00138297,576408000000,578680000000,741784000000
20250319000937,00159795,878968656770,792428141673,585333635410
20250318000646,00118521,151334407812,151007705312,222866686597
20250326000601,00105952,20527939000000,18245954000000,17257356000000
20250320001367,00160621,109277355532,89173514797,82665926104
20250319001086,00539274,4418554230618,4159485425647,4015327448810
20250212000399,01180118,511512336502,511857698897,512895889358
20250313001156,01244601,4414712217433,3966486618370,3331422320817
20250320000493,00150244,3441538598928,3358347205530,3333438311387
20250321000349,00108977,432188136396,467423344729,470347262546
20250312000567,00148522,350454400155,265075748454,211309947551
20250311000263,00134963,1180193000000,1089744000000,1217311000000
20250411001905,01133217,62805282000000,54488157000000,39516079000000
20250312000816,00129387,619315087530,590613614037,587186274133
20250317000781,00148948,119924769170,118588764533,130041760125
20250521000343,00124151,226336878948,232856662011,233931779498
20250320000091,00157070,1564250855000,1425051765000,1289776454000
20250318001351,01032486,8169804000,8043861000,7297709000
20250312001045,01535150,4433542205994,4232565579262,4422943409055
20250318000980,00117577,5933196336149,5138300057884,5102168431194
20250313001148,00113508,1214838948245,1188823571530,1171989377978
20250317000712,00153755,528140837268,499119799811,490987940831
20250312000954,00132804,1366487636273,1310199052559,1187583002030
20250218000559,01437186,2525183126010,2473297506408,2343918337381
20250711000031,00143262,91715586046,113497686732,111631385016
20250320000501,00160861,232946140726,237369526405,225415182824
20250317000503,00114093,136247328127,126819096992,125172358791
20250318000960,00415628,620877554527,544018916698,551849173753
20250320001240,00990165,2195403207000,2120387916000,2040009732000
20250515002269,00165680,3813885971903,3006538770202,2938544987435
20250313001378,00684714,4096582596724,3660628679317,3395297191796
20250311001190,00126371,12792402920884,11657871601848,10997170898641
20250320000510,00148993,4077443964617,3979751148746,3945000964667
20250318001237,00565154,2714582224859,2560209103473,2290142554591
20250318000532,00593032,2914966723645,2755627761730,2584040376470
20250318000626,00133511,308253370839,303534566762,303815670161
20250320001187,00414601,482351415057,454404380777,610723418178
20250328001604,00416654,71306113634,62948969391,61023631583
20250318000876,01208885,947683277099,951329118368,1067615033035
20250312000686,00102140,80869826412,75127255780,68385030301
20250320001376,00143527,616320126682,606915246461,586813597619
20250320001049,00154055,53539770506,37386713995,34948504183
20250312000964,00144164,7539621970135,6081811411173,5831776891571
20250319000402,00159564,41498366351,44186932873,48045222224
,00112165,,,
20250312000116,01316227,4724182664945,4070471419196,4319879312472
20250306000713,00222532,1243517604881,1319446205693,1428013437283
20250319000892,01478712,1088723750887,1127535530258,1191756988159
20250321001897,00143314,93502192138,95035399315,106799190000
20250312000788,00138701,3334279155000,3272086007000,3182375948000
20250331004208,00983271,3193036597819,3449677276360,3025182021029
20250320001317,00112022,152521491003,138374975185,130913447074
20250321001612,00302926,5285394740000,5241484775000,4823869784000
20250319000431,00105299,1161899245538,1130467709471,1094801795415
20250313001301,00110893,26396108665000,22643488792000,21210735463000
20250312001129,01316236,3272029757634,3115610852602,3131118899043
20250331003403,00159102,66506135383633,60040428590956,57635178300728
20250321001224,00122898,640284164647,620426943865,601820033901
20250318001173,00939331,3126693019808,3009429377714,2933309479342
20250320001631,00231372,2166617248668,1764111056273,1802776594203
20250313000817,00129271,173158472097,139238488628,139115269782
20250324000696,00164812,2062309184431,2059712572964,1831301801553
20250317001028,00172291,1037613249183,936627620863,888860403342
,00300548,,,
20250314000941,00188089,1746167657721,1724265473784,1684715498594
20250317000810,00106368,8340238952259,7979694633685,7717403072460
20250321001425,00149026,412586797943,383909710687,364121570785
20250320000887,00123781,153106976657,156095854681,153622003905
20250318000396,00454946,204790661517,201377924078,196645335068
20250321001912,00261285,57669637000000,57254666000000,62424983000000
20250320000847,00131692,1017698965497,993737055884,926418535898
20250318000777,00122737,10271506000000,7853946000000,7548942000000
20250321001351,00107677,257400328225,191082593771,201061180940
20250227006937,00110608,363394228331,343481015258,364710386862
20250312001039,01059605,353395292441,336728433730,327522399303
20250320000879,00163345,870058289785,879384841947,414317384772
20250328002094,00161709,643928604574,597603859832,544804538072
,00622787,,,
20250318001436,00136402,254881524377,242937272679,242350721393
20250317000553,00133335,719893318041,769067174916,820314254965
20250319000740,00369833,138270697101,187088686775,204164784861
20250318000789,00131054,9646708149349,8699332043240,8076408298781
20250317000861,00151368,470981724710,428501449457,433167237634
20250327000192,00159698,8362237776886,7968409129278,7478129879658
20250313000950,00128555,4518198223654,4432766185103,5021952466150
20250320000634,00112679,372341113498,334751849114,338228490208
20250318000918,00160205,307361942953,333192248433,325998841087
20250313000955,00129280,70192709528,73014231901,68742292985
20250220001567,00225159,2832564017795,2701797834311,2558426986621
20250306000568,00260383,2219743050345,2196492714337,2195832515923
20250318000723,00106395,33341564828,52905126549,62193732605
20250327001289,00104999,294579163963,302851731273,270394721804
20250324000610,00121543,680447311689,639327517358,605739795014
20250312001137,00145109,2942048836634,2812305590753,2472728072149
20250320000385,00132628,75426856694,60912720397,57241315662
20250313001417,00413523,470883954867,398871055382,373059659521
20250318000772,00142883,433752930051,380460470089,282515715608
20250319000926,00980122,66721914000000,63403970000000,59828165000000
20250313001050,00118275,319610580416,280589482061,274585823020
20250313000657,00115384,238666824251,224384203562,216528029378
20250318001253,00404701,1725879725519,1480050024356,1363794175394
20250318001410,00500254,35063398000000,34448425000000,33922242000000
20250313000901,00113359,15898332583027,15593363016079,13417260497201
20250317000206,00148461,116092096071,106615084744,104117875897
20250214002376,01391033,112623172402,106456041628,110564160617
20250718000228,00177199,293570010254,277642743004,306956322608
20250318001443,00161976,2825659862512,2152345946852,2036963741120
20250317000376,00166315,1321669869758,1196813984369,1004620994499
20250317000788,00117629,192335715993,208762933559,183082959042
20250312001033,00435312,267487698093,270448865007,292456090103
20250318001006,00555874,1998506193261,1980894333656,1644674848545
20250318001070,00120021,31639273000000,30253085000000,29633677000000
20250320000910,00432102,109220199166181,95901185591112,86308574156762
20250318001334,00113526,47012065940089,30391776029656,28997701022484
20250311000605,00115065,96866644254,97568839749,92085226130
20250321001734,00170558,5761561091079,4850965736396,4365074875331
20250320001129,00269940,668789503298,644596377665,455429440460
20250314000812,00129989,784541943950,672673343828,451321116581
,00356361,,,
20241213000520,01576102,361337561141,369857871994,352325224080
20250325000721,00148540,47496993224000,47203762893000,48240408307000
20250313001390,00106641,92755874000000,80627826000000,73710965000000
20250324000768,00152880,2719945901907,2571300487925,2834147586184
20250328001694,00138260,1079604688000,1057913470000,965098439000
20250620000111,00120562,22660277693897,23160430746458,22175416666050
20250318000920,00164724,3573751146561,3535433379184,3014471063421
20250320001394,00249247,237801884923,225534081771,241371893905
20250320001103,00159616,26314835000000,24640834000000,23049782000000
20250318001112,00139764,142489241515,144034594170,128080156342
20250310000865,00140955,1464678817159,1350979663141,1253310602636
20250317000938,00105606,433457378286,441768263473,426633825138
20250318000783,00133618,50104587055,50999114290,51641840702
20250318000667,00133812,1480281617589,1345241646591,1280973786600
20250319000744,00123772,1651368375233,1770492019487,1481429884085
20250312000675,00158112,351203466132,357003990077,345521340104
20250715000144,00163196,340452046261,331028995726,339154971493
,00108135,,,
20250312000891,00109718,2123550790244,1262971666006,1168252667285
20250318001036,00100939,969739160656,985686727233,957791314832
20250320000853,00423690,208565174070,196570540338,211487637576
20250319000355,00152039,199881677024,198246797314,185935448420
20250313001218,00587466,2018154285684,1928646649981,1819893802654
20250318000559,00141413,216774804117,210002658451,220738936358
20250320001398,00115287,630330388517,599319321340,567964926094
20250317000315,01128613,1537604343788,1360570205531,1475831730945
20250715000164,00796994,168292925340,155538184310,145133296597
20250314000954,00353878,324736258465,320034640962,346117669232
20250318001121,00760971,7919463568015,6440456619598,6037783966136
20250320001026,00122579,696400955313,685663060325,668872026401
20250320000753,00815369,285110877176,251634548809,243275367790
20250321001687,00156354,630543293190,579056069012,550819602976
20250318001105,00197759,131612702717,103781272550,134409509636
20250321001828,00400857,159085850798,173841489988,195431756905
20250320001416,00194947,219980917783,203640941365,157781435629
20250321001800,00108612,735819053361,718904136635,565587169489
20250220001259,00134477,1034086066876,1056904317494,930994305130
20250319000503,00138279,24451433000000,21576123000000,19613135000000
20250318000552,00160418,1013538338341,874724776068,799394136303
20250320001454,00145552,957246232000,1093466714000,1188076573000
20250313001452,00116949,5006031529000,4567386501000,4591590751000
20250320000220,00269241,42542059412,45913552331,53242325293
20250331002907,00220613,691783323885,642480608085,588012317030
20250318001202,00176914,57147924043319,53342459330150,49260008742513
20250320000626,00120076,8930865616216,7995340730864,7719007333629
20250318001193,00160232,1892003803431,1656034879630,1659172643001
20250317001029,00401731,65629589000000,60240793000000,55156141000000
20250314001183,00508344,1462224549572,2423076382258,2191576214447
20250515002814,00111722,137176998056307,128206948648964,106952189880235
20250320001174,00147860,105927863551,103259018308,149581296371
20250327001293,00128227,298459252351,245334463702,232663818640
20250402002557,00193009,961032191903,1035818460628,1246019564242
20250321000735,00145437,23296368270,48534629654,73158525417
20250318001106,00255619,4700641154570,4448655838228,4167752670696
20250318000811,00158316,3521880947809,3484123285552,3378563521222
20250317000429,00583424,6783507800768,5886510888702,5801783178159
20250314001597,00113997,2282023058453,2392246607934,2430279801877
20250321000939,00480455,968810437104,899134400319,853387672706
20250319000813,00706715,494326942400,467503157829,485886407079
20250317000545,00106313,1552771308059,1692362777882,1691163707318
20250320001121,00828789,1686365340319,1733306521982,1824588314611
20250321001138,00125576,83146042729,90568081356,84258477019
20250317000668,00145880,34743788025637,35218841930044,36800955829773
20250321001470,00129420,276541274780,255548356312,195489393903
20250310000394,00855163,187152690281,164770958446,147864035732
20250312000767,01363818,2623648647194,2301822104866,2313651238698
20250321000777,00115612,1651094133285,1807512336047,1581700494344
20250331003267,00135917,19834160583099,18115263746011,17173511589408
20250314000520,00191588,290658433763,303735700802,293690103032
,01060814,,,
20250318000275,00480367,1421941567198,1431906666880,1220003934152
20250320000750,00127255,136049880807,132156558539,135833316129
20250318001327,00115676,3341371364302,3195514054360,3051507326663
20250319000715,00114552,605181373534,605100050298,522590275567
20250313000820,00116301,473689516733,447987063260,397444642902
20250312001047,00117179,1003494179959,930244752630,861083032957
20250708000057,00121570,224208819934,231645964686,206906858449
20250320000660,00142865,100192777916,122990006604,128503266423
20250320001108,00130772,1512366601922,1346398451632,1407888696660
20250314001717,00133991,690146270816,693805240728,690192115483
20250320001474,00143651,970970804269,1027078032335,1094417787764
20250326001216,01042775,7052043027166,6286700392151,5845841407280
20250318001196,01350869,525753320000000,498004936000000,480474396000000
20250317000904,00163512,4189506445715,4201363599974,4093197691709
20250321001500,00180795,556215707649,482869726172,411164184888
20250306000676,00646732,667046949686,643080913118,597085261527
20250318001032,00564562,574103551032,535697470080,538890010550
20241016000322,01622720,1078591739263,1034432803924,982489297616
20250311001260,00398701,2799831517733,3351444610588,3023932974764
,00907013,,,
20250320000738,00102113,544969281413,538955972428,548252999063
20250801000808,00145598,499993817147,499775513693,484691741651
20250320000173,00409672,105764284096,110046703211,112327631684
20250317000934,00138057,85143471743,82497512373,76509689752
,00109693,,,
20250110000545,01669226,1586401656876,712472007685,710393030576
20250320001565,00159971,289342395414,916578395937,792860678470
20250320001366,00367710,292407975377,217309008513,198494534925
20250318000665,00104786,74867189585,84461940667,97492843199
20250317000859,00101433,489019203715,448592733973,448632689252
20250320001663,00109824,162827837044,177143797015,171792618625
20250320001319,00126201,322603910471,313423840444,308654791181
20250318000116,00159786,1364801977175,1259135784421,1489264677517
20250319000185,01702017,235451613708,219885414270,213631274794
20250318000645,00266961,38167876036020,35737826964395,33899042889136
20250320001543,01762569,299546745134,217960142410,
20250605000505,00122694,187184486500,192910732982,215054261704
20250317000839,00544452,676886464617,682625491786,690297270403
20250317000894,00547583,637847513000000,591925995000000,568603280000000
20250321001515,00149655,61990426835548,66127029212679,58981492466950
20250318001176,00858364,152470490926534,145783633894264,136932606929118
20250313001195,00161693,1067251785665,1051517418790,1099679540571
,00105280,,,
20250321000838,00154426,140860365620,151653101094,246320129412
20250311000913,00124780,337828786614,320138049682,350700454619
20250328001868,00139214,87269492540789,85019029989421,80796010435039
20250312000312,00166500,174332394129,167517651255,161427031413
20250320001296,00787376,797405774074,803198158498,834489958201
20250313001222,00426086,1168226900665,1099714172170,941352875184
20250317000651,00121932,478696089051,447566168775,415619324562
20250318001459,00299002,2370763879407,2298229319032,2279864889843
,00356370,,,
20250318001091,00878696,1036810779623,723170577189,664241139428
20250318000565,01267170,5367048627339,4158774903691,3945682879744
20250320001596,00181943,369575805909,339809517118,328166066953
20250317000896,00595191,826277280544,853376951920,933755417033
20250318001079,00136271,605269638823,587747541244,577555245278
20250313000809,00149239,421666740574,390898368641,367680590342
20250320000299,00104768,1042884426000,801805532000,752332445000
20250313000850,00118266,982414184864,963651592108,945238494728
20250318000993,00382199,739764256000000,691795333000000,664433230000000
20250317000787,00167208,443559317530,325653339437,317059936570
20250314001522,00545716,7006616781040,6718109060318,6927204106064
20250313000132,00767460,527526386235,517945909903,498996615717
20250312000525,00972503,344277767089,338352795709,342505450921
20250327000348,01205842,3324625332000,3296953373000,3448586770000
20250320000952,00152729,260831921228,251180472123,247855306698
20250317001025,00360595,16849145438725,14725019903938,13877784500296
,00403632,,,
20250318001322,00161860,244556132689,247301097498,234918895770
20250321000678,00480950,301066402104,467831375076,566212896315
20250318001045,00428251,11217721674000,11712592639000,12069249655000
20250515002241,00135962,764717279119,748620183007,716401497952
20250326000026,00447609,1319868751137,1089361044645,1009659166536
20250321001823,00106119,1256933888453,703467371639,278599452437
20250320000999,00108940,1249662505720,1245982849279,1391346077818
20250319001012,01205709,73866670219000,67982820888000,65570861076000
20250321001884,00140964,6576715632460,6379343146101,5490219711184
20250317000724,01199550,453774373436,502056913859,652825960031
20250318001413,01010110,1646281734989,1288624909154,1235636097982
20250314000805,01721809,955626273000,880317203000,
20250318000465,00106669,3826646864046,3665171000621,3818404052059
20250312001130,00160843,2396851168578,2043378694132,2142165862418
20250211000671,01430475,1279218586238,1255981315541,1260156967376
20250318000964,01323032,524847598138,554118292957,534356690809
20250318000402,00173078,1210314499204,1044875997928,929267254095
20250318001154,00459871,1611495229296,1505059211842,1389130864097
20250317000667,00573579,232580292137,252411568748,236600606117
20250312000670,00861076,205048917905,213094328463,270247968384
20250321001834,00190321,41879957000000,42709982000000,40980681000000
20250321001998,00776820,5389722907461,5297123640656,4513623780811
20250321001007,00107613,790136366426,626436318507,546014160739
20250320000395,00113225,1149797079037,1115779074661,1220496809666
20250424000289,00118451,171801171723,179232275038,179708719037
20250314001008,00139454,499351468105,482372595474,482639615354
20241202000425,01475609,852959307008,856998452958,860319134363
20250312000962,00140779,202580696056,179035625324,180449397115
20250320000234,00134565,77931992229,79504419607,79791361051
20250313000876,00136624,404169290573,401719803161,425804458911
20250314001348,00248974,382010680680,348386182460,345964556425
20250418000372,00344287,4287197767266,4418425813336,4736667586250
20250311001013,00148610,14018124416878,13250183608173,12111249518203
20250711000373,00164609,5108867288000,4909071433000,4748245499000
20241223000285,01442966,160414844184,155430160438,170145353553
20250319000651,00117230,836567835684,849110905422,782128426554
20250320001179,00442835,133243438025,111855784929,90016753672
20250317000836,00161116,1702996461973,1724300709671,1667421795499
20250318001072,01026157,631516754233,679023237717,585713154632
20250319000773,00114765,764811017139,622237518375,553570561673
20250321001576,01190568,565143563187,287309488243,183130939633
,00141273,,,
20250321000898,00153339,684731194390,635637932457,625038862557
20250318000832,00117027,954000570292,861149661387,816932966181
20250801000425,00163716,70208203490,90310467877,113480993232
20250317000875,01817081,731694676657,,
20250317000722,01765265,3194015021446,3531787086236,
20250313000770,00120182,62427065000000,56697893000000,53428267000000
20250331002970,00150828,543584682937,574331455413,451746878881
20250319000665,00164779,119855209000000,100330165000000,103871512000000
20250702000575,00171636,933158869000,720105338000,723295784000
20250318001364,00181712,214977754000000,206970264000000,194505860000000
20250318001204,00632304,1250608664458,1176266427927,1157579707497
20250318000878,00414850,166325113534,176284813736,176818736427
20241211000290,01276594,2158801775445,2004292844565,1825422708400
20250312001103,00126308,10013337796132,7801398613122,7848723222714
20250318001318,00163114,3424466755541,2771870652879,2323543346933
20250311001197,00148984,1697695581000,1621801859000,1620442052000
20250321001009,00652423,162730128455,145703789452,144283848412
20250318000675,00127167,728709407076,675612520563,624208062873
20250320001237,00123143,1164086929992,915511541054,892385915179
20250318001404,00101664,283886655960,266305016913,240544942124
20250318001316,00983040,4207157981000,3784921894000,3915077622000
20240919000201,01510489,512323973,564899607,386583053
20250314001639,01524093,9712402219987,9344058758180,8974717444285
20250319001044,01596425,21921051000000,17970008000000,22160583000000
20250318001395,00209780,1046845412327,1062311270068,1004623911655
20250317000599,00149804,334711356299,336026490235,1375206765319
20250321001016,00111689,102542697306,94593219371,91241229943
20250320001602,00797364,294063763220,414426220424,323473720683
20250320000947,00129235,203950424754,201158073368,222783556966
20250318001083,00112059,1230922556862,2173761439448,598057726910
20250317000672,00134510,1240617966721,1151805423714,1149427317637
20250321001187,01204056,5479186860000,5345681487000,4870434315000
20250331003821,00160588,252036985000000,209738149000000,196976926000000
,00113562,,,
20250331002554,00226316,396031860184,315985635997,316098137496
20250228006453,00160375,57413480032,51748834667,46084520659
20250311001180,00164788,66596905000000,58585845000000,55406698000000
20250320000581,00132868,116893023052,128439236485,123872501880
20250318001138,00119672,514202251500,477089681561,462171290214
,00124504,,,
20250328001724,00128032,395071163939,370680097036,356700496639
20250318000319,00145163,99264316559,92518752840,109647189040
20240920000129,00441243,143183788567,125126388096,109225633024
20250312001148,00164742,339798429000000,282463355000000,255742462000000
20250318001174,00225706,325323614449,255836393033,252942118072
20250328001704,00557508,616232394204,639368283536,609513166650
20250321001840,00681142,126894720950,143820156106,167746018396
20250320000945,00173795,141427657791,140331352601,140622549545
20250317000808,00129013,173079219891,168208968603,143409086635
20250715000025,00135795,1143580683305,1078782998517,1038493447520
20250321001829,00161125,10620252377496,9244404434130,9098783327544
20250318000756,00138792,13449903474132,13016745781139,13455341411799
20250317000731,00651901,1417585685197,1358083334270,1227883087659
20250326000618,00121039,257987686198,236548793649,230449822959
20250318000747,00159193,246807795000000,239714965000000,234804994000000
20250313001099,00105271,13108550142754,13353471078397,13118486307658
20250319000952,01384787,803831909889,203918102465,91904189243
20250321001284,00124090,550648594083,560997435417,547808387659
20250317000708,00124197,5555573758508,4340755996109,3572067658664
20250725000507,00367844,1305235716477,1569164880846,1952688130478
20250509000499,01194689,1152227968481,656618146496,519815758191
20250320001309,01205851,3795545096460,2910160077690,2435030170738
20250317000697,01236897,525699687066,487326297597,456891539429
20250314001630,00111704,17843809161295,13944772692394,12235665304876
20250318001293,00260408,1149384209788,1119229511779,1223174230326
20250321000702,00365989,1017716442164,1004928193150,868285864187
20250311001270,00139834,4504507763000,4040679600000,3865135143000
20250317000508,00362238,765377954903,782722786559,793759627507
,00362441,,,
20250320000981,00422895,576374088374,584799203503,573569548297
20250318000897,01390344,19390946750000,17133618109000,16289398053000
20250318001013,00102432,2941317715233,2726892636022,2560028661008
20250314001464,01480780,654595069924,660449117491,695374934490
20250312001090,00125150,3436299886778,2967510633959,3054362176494
20250319000833,00154329,752330379026,686463960698,721226342857
20250314001653,00158325,585667200738,493709695212,481091462120
20250325000771,00670340,3609483010970,2869361277711,1784106978440
20250318000822,00372873,469932148859,447609122047,396208069290
20250306000580,00877059,17336296349511,16046197209196,16582050258486
20250317000856,01319899,2843596036892,1852439180084,2141931383550
20250314001765,00102618,192750825652,232056132248,297554555403
20250321001836,00145446,438748509882,443074731432,442826933314
20250321001958,00203290,1291431788085,1289735866717,1269102053314
20250318000167,00753643,36612068110,34134611938,32951331825
20250317000918,00105855,4485197464384,3732891934230,3322804977898
20250310000706,00111421,241011444524,299334914118,304125357471
20250325001056,00113207,2642726208000,1878565100000,1620264871000
20250321001537,00453488,104165712520,106521396855,97847548126
20250319000576,00112378,85272527872,138570416599,149185245583
20250407004328,00469799,100287243339,172159921484,120327643368
20250319000945,00172185,276057373612,258113198377,271152128807
20250317000932,00120571,4372529473212,4257669750821,3695935640310
20250311001085,00126380,514531948000000,455905980000000,448424507000000
,00126566,,,
20250317000096,00128980,345696628502,328385015731,282392862209
20250725000806,00165413,34552330375053,33476310224541,26784587810580
20250317000701,00231363,19707730000000,20100605000000,19774800000000
20250317000635,00274933,833687666448,875471406681,903927240057
20250321001474,00303873,3997014314732,3194214710432,3601468386488
20250313001171,00161383,710872366678,723839103741,455432965985
20250317000567,00372129,219236327906,158316498662,142761887718
20250320001381,00117498,264651295308,284857118798,253949338421
20250321001221,00104388,1593312464298,1509561242743,1499093658603
20250320000779,00198697,78894803695,111889654938,117303570494
20250320001537,00111999,583388833683,507998342357,453550065821
20250311000815,01770203,575538213000,438033783000,
20250318001169,00481454,5362836776663,4830981257390,4694985403484
20250402002504,01311408,1290236698738,1104235205797,634913145189
20250317000953,00113410,9743855522383,9357587266747,9693299818264
20250319001113,00131850,6109295395638,6449093771600,6464840829921
20250318000982,00124540,12658456266814,11243136483407,11140353752210
20250317000550,00412597,5175067326608,3432527148806,2782027992185
20250320001573,00791209,156696839751,155304761752,189857328007
20250318000654,00153621,664305023249,678200011160,739665588573
20250321002001,00503668,6125264653217,3815758833285,3012727223129
20250312000970,01316245,6218812921202,4761300218430,4693470608273
20250312000405,01515323,60306791000000,45437144000000,38299445000000
20250401003907,00111810,2720693911174,2359277174097,2158905107252
20250321000310,00159209,946846882988,855008772803,816503301678
20250321001993,00104519,75396030106,91419723256,109959854401
20250317000760,00155124,533421606621,560931482078,558370415231
20250318001223,00244455,13925237000000,12772452000000,12301716000000
20250324000901,00258801,25773028304462,25179968939321,22963544024389
20250328002285,00261443,3953941191414,4393800423903,4437632450781
20250318001057,00349097,1040240740660,1215697591061,1361298311421
20250318000981,00357360,268529324803,268472036704,224809704278
20250318001004,00390055,284491992883,293785061321,312590995328
20250401003870,00427483,1976977110511,1770310792992,1563340613712
20250318000975,00131780,5157129000000,9110359000000,9499259000000
20250312000990,01854763,1143492676338,,
20250312001016,00155319,103404198997805,100945394185079,98406780635254
20250327000664,00157681,2713850667217,2682930419573,2709845870581
20250313000018,00234412,1333123240117,1324069585447,1278681814634
20250312000762,00939687,354076507146,374040833046,381228401577
20250312000711,00108241,3597461570702,3234751426458,3034718535547
20250324000180,00453284,342865917617,326364540917,304973382954
20250321001272,00540641,157734719637,168393915617,165498374153
20250320001609,00684802,479276186298,372854700755,345302037105
20250318000688,00872984,33930639265588,33443865586475,33201721508714
20250314001773,00339391,5724010115718,4483210824746,3945627700263
20250331003380,00113191,13160392022865,12066324170936,11017223863261
20250318000985,00126487,4033253443201,3840524557786,3595118444613
20250317000967,00219486,502933995272,476561497604,482934079721
20250318001144,01568413,2285904738684,2005097998970,1570179025400
,01880801,,,
,00105101,,,
20250317000943,01765256,1835139730494,1710734507031,
20250319000653,01519790,357113314488,328756466141,555404479161
20250318000798,00132725,216746717512,165627371912,170785287337
20250321001572,00137207,186320012345,219549496423,434878230535
20250321001886,00122825,90729786743,76484143419,101183784087
20250321001205,00132211,502781287038,628100647252,524434319704
20250321001415,00122056,488925013884,416240456536,357326202513
20250321001573,00152385,609968261404,594427762667,599853281741
20250318000388,00361008,1413101954226,1136858165266,956230294638
20250317000595,00156859,9603169769789,9211837352163,9503703776447
20250320001095,00103130,336750096820,273648831677,303643329972
20250314001672,00119007,1691457264967,1622970089396,1604057802775
20250314001620,00133706,755097664409,736849822539,670596098546
20250320001403,00134723,490046182315,491668368146,501830145462
20250317000368,00136086,2482701674586,2392625541633,2429133745988
20250320001570,01784394,239026712635,73934283329,
20250321001553,00108038,577610425954,537632854213,527275693474
20250320001093,00113535,4580381441177,4727803814347,4490260111628
20250321001806,00117212,30143063000000,28286809000000,26315353000000
20250320001075,00117337,1316088357178,1099649987596,983550240798
20250710000455,00127857,524982806967,534158280214,521558832964
20250312000333,00102751,287854045821,277915943029,274703527826
20250312001136,00164478,27005385000000,23714495000000,20911708000000
20250321001769,00109754,348281817560,347656027998,337590812772
20250318000979,00141529,3597403088294,3496482529068,3569760859068
20250320000926,00168331,174112948051,175919906868,175008166225
20250318000693,00878915,94148635110781,93359783776425,89983920399637
20250310000646,00256955,189958983962,199881921831,197584861031
20250313001200,00128412,425166281599,419901236797,406556944095
20250313000532,00144395,1779146551075,1694019807604,1627852719302
20250313001387,00155531,1319133193077,1194251204655,1142781392226
20250407001731,00164973,48523790593883,44087986397210,46252595500839
20250313000580,00540605,426903853313,421666523743,431705014700
20250313001422,00583442,667672287993,668631273273,668177302153
20250311001121,01882845,2269555200465,,
20250320001637,01159233,982730815617,938644554384,1034302040090
20250327000923,00193328,623807791230,603244086410,577155431240
20250526000370,00688996,757845532000000,715725416000000,688653482000000
20250313000748,00151128,499377343872,480202443379,464094161172
20250318001312,00155355,2331157705861,2156789583390,2049217755236
20250317000892,00164672,906227621119,838319618658,649126013507
20250304000650,00347734,82068876099,49908220791,44569287296
20250305000675,00150439,95965751892,90029703398,82719954686
,00112998,,,
20250321001405,00661847,152372838073,190295962377,179622909869
20250321001686,00904672,8177066253496,7915865389294,8935573715860
20250321001817,01105153,421690971946,456422079722,62618404596
20250321001008,00156150,79518283268,27560402485,6882778623
20250321000457,00526599,894428873103,773770340890,674583964552
20250317000951,01319808,2988334569492,2867925364376,2460836871897
20250318001263,00125080,5336874928103,5314995084396,4985365771362
20250328001653,00486705,961386247104,995406431200,760228485888
20250318001326,00122472,464295668847,426908196303,404267600510
20250319000323,00172228,227143694947,247666086117,185745934911
20250320000612,00173698,126326163231,126134087292,152880655297
20250328001677,00103510,685548746564,649103362179,606910470329
20250318001457,00114792,2509278276042,2421648337449,6451247796882
20250317000801,00406046,494962962578,454013908212,416290993852
20250311001129,00126186,13238330251696,12321024561023,11952424889489
20250311001275,00126362,40597344536357,34038860192967,30257525171127
20250320001346,00107987,773830396996,833548600274,902896419890
20250320001188,00109806,394071619838,354907802821,411440527283
20250108000357,01688896,882689580845,733710018545,737816409000
20250306000367,00145862,454680074452,443887540909,423143581786
20250312000485,00683469,1249038272000,928888144000,839513249000
20250320001326,00159740,1710295193370,1802517204572,1745832247930
20250331003228,00112332,32493623714996,33092023489392,35041511155617
20250318001235,00149354,1495801604857,1456003650511,1376372969554
20250318001402,00152862,7040484502325,5231418956586,4659039217791
20250319000934,00153861,4323923757006,4640488559862,4625724843660
20250319000814,00129509,400183680273,427530518024,407946966305
20250318001175,00125530,1240796531981,1293732304548,1295399585606
20250312000625,00121534,401701920783,445231562517,447440404391
20250312000920,00126292,29494082851904,28806533713375,29623192873201
20250312000986,00133858,2094117786877,1840970162003,1676981981164
20250312000522,00137252,455306449952,448802368727,481673723451
20250312000991,00140177,7581643378910,10042015942614,9832423124845
20250325000522,00150633,1192228577713,1041398859450,1114820890870
20250312001113,00158307,1888589460056,2370680945827,2464219074235
20250311001196,00140168,553072913927,547772703203,542150546103
20250318000837,01093007,488677147541,408424609724,506732778044
20250318001198,00350312,438161253186,383332487352,382579391863
20250408001924,00155258,556803723173,552186389117,554542143288
20250314000603,00155276,7932459834018,6334593297871,4637476140189
20250324000626,00204208,155281108141,160373498904,174626136915
20250314001645,00377610,6105540014922,5789382238682,5919958905229
20250314001664,01032413,794194183895,688727319732,659613821545
20250312001093,01316254,3820765107830,3167433916060,3055566647879
20250314001675,01436628,401388501650,394405280398,363370309434
20250328000090,00107598,724193724088,779727608033,890458284919
20250321001375,00116268,151912649154,114973284037,107702060968
20250411003513,00141404,179264755471,199916289283,203670379646
20250328002249,00415646,908140585192,795335352391,825357092772
20250313001084,00113234,1233543025000,1185391612000,1219466296000
20250313001408,00113243,1560462376675,1401353854060,1318431898542
20250321000555,00121941,3509835110048,3334370027478,3190196448368
20250318001186,00126955,1594782196967,1170302770895,924929490964
20250320000850,00130879,66307712853,70814890787,70853362024
20250313001232,00142661,430591478194,425327563943,401969273009
20250318000741,00156691,502537029335,476851540431,421095042761
20250320000876,00158149,191296096831,188371616567,172340453951
20250321000753,00127158,91803642408,90579937958,94190035332
20250319001127,00144720,124993372131,124121630726,126606991323
20250318001325,00149646,472219838000000,448427279000000,431186338000000
20241118000337,01714997,167620136884,168359472640,178103822513
20250313001328,00127802,463599405877,473605961393,444027583867
,00139889,,,
20250312000526,00149345,399122282497,394002199996,433755476780
20250319000894,00428321,699833207144,684971450555,691254955147
20250317000864,00108913,605264594892,604526705400,666723788672
20250321001899,00116824,2030483787016,1957106350366,1731452067203
20250321001967,00956930,1391734505157,1283760898034,1157724933604
20250321001604,00635134,30149997467000,29606279551000,30013241845000
20250318001380,00855093,,,1333616177351
20250319000739,00896285,3319926499915,3205001054507,2949649128405
20250314000817,01167056,369927923047,366709739033,350286507374
20250320000868,01205329,350878102877,338608141951,330163311049
20250318001260,01238169,4308449797008,3521385127842,3371683914220
20250617000244,01258507,4341728167516,4199096312587,4105259178628
20250318000908,00101488,1358870104798,1060557971487,1018019428372
20250318000968,00107066,417033569966,377327938424,345922884373
20250318001233,00112651,838561578459,759532652404,840153818480
,00118026,,,
20250318000739,00119195,619634925512,558520067703,461136459052
20250318001002,00123541,138831713491,143300746774,147392500947
20250318000826,00125521,3698864220516,3235734467246,2931636940305
20250318001277,00131832,15077692130416,12250710294978,11780098492498
20250318000868,00132637,1552612232456,1535857779602,1451669982270
20250311001178,00145190,771352960922,802953282668,689335169513
20250311001303,00103626,127298015569,124852549093,134944512348
20250320000537,00104722,165547573574,163259483207,136592862806
20250318000930,00146232,370420153245,409313432509,413301997330
20250318000381,00148896,8093654722000,5956551773000,6745534254000
20250318001178,00156488,1431265670359,1325993300470,1206373632049
20250318001001,00159500,418085900700,381181315535,332695359728
20250318000944,00160047,5136426181879,4640995961705,4301818675789
20250318000926,00160302,1204329599517,1091033170883,807858896061
20250318001281,00161426,1349078932369,1226170046397,1109690934182
20250318001122,00163761,287559143129,288895489417,283062451163
20250318001151,00164636,12398308042444,11521215410540,11592341237983
20250318000828,00164645,33848562000000,25713363000000,26066659000000
20240613000239,00106614,263468768678,265146139041,265059186517
20250327001019,00557933,134793951029,124296633811,129200779871
20250319000644,00122551,457884953600,351920466967,338873471894
20250311001053,00140946,267994725160,245120386642,274496248985
20250328001676,00141477,513396101480,544102827133,535684495341
20250318000353,00534598,198508016060,182210002869,208029841056
20250314001432,01060744,2016850557370,2074407699041,2210015517155
20250318000877,00123718,373180311828,429017049398,400929188514
20250319000845,00126414,128451959179,93479032024,117914808538
,00129679,,,
20250321000584,00135050,363450447280,342007721613,322591204143
20250320000996,00137359,342092805074,350083639799,361536058296
20250320001017,00141149,234257972953,226600824188,203082817375
20250319000817,00144818,207687399005,198213526767,195205072788
20250318001009,00146083,854701442970,876999054796,862553166894
20250318001192,00149947,604598517283,645038796101,627972755001
20250728000359,00158963,473928536456,468860417714,417890866564
20250312000222,00161046,788555006781,790339658177,871106170067
20250731000398,00111111,140278881981,151056760486,400877091044
20250318000857,00167192,5422551860511,5060957367879,4726896214044
20250318001449,00173874,4574474470953,4232661554569,3944336739608
20250318001360,00178754,400252311496,390934866738,372281354657
20250318001056,00233653,1832131544809,1886596466085,1718070655624
20250318000887,00241005,412141499962,362980211049,387043503761
20250318000816,00357935,630989412448,605440390923,603330216887
20250325000220,00365387,1717770434389,1622157341878,1483368740285
20250318001456,00759513,2354297000000,2384792000000,2483729000000
20250319000318,00795135,7248051156066,6002718764682,6003463015992
20250318001095,00854997,3888464488208,3788831050300,3261922382065
20250311001184,00157399,880015173790,954035007249,1071921900693
20250318000750,00162586,212880605189,239746992700,213451232698
20250219001662,00164706,156396199876,154629099583,181159427810
20250313001126,00166573,424705767203,401226633282,369374561471
20250318001206,00828497,2020840493653,1898668375968,1924585730838
20250321001919,00585219,274123838165,343623737505,282702159615
20250318001355,00937324,15849744509888,12763305688360,12581364159005
20250318000745,01108099,376109428033,344014186935,296127566149
20250318000895,01310269,7461863865856,7016268809820,7336326609377
20250318001337,01712485,960684387370,804299524207,
20250324000486,00111847,1302349327000,1026303659000,1010418826000
20250326001145,00121969,111856083779,99303952812,106506525380
20250325000403,00992871,1458764796383,1402428435512,1124882797791
20250318001280,01168383,589042895205,611260857045,655810213933
20250317000569,00148832,7444771000000,7162714000000,7320304000000
20250319001050,00115977,3553988560322,4237373316087,3737786456047
20250319000643,00117300,573950624572,559737446490,507482316790
20250319000526,00140131,330388215837,345048625403,377747851000
20250319000641,00219574,953903205812,878273229175,936136657462
20250319000632,00450010,296260020201,298099917787,297367187504
20250319000838,00589127,450489555516,447745860874,401136512524
20250416000526,01009789,1933713489313,1557077274819,1396450504662
20250318001214,01412725,1179654638065,1070842523161,1026929716010
20250317000838,01722437,1887829805034,1855072139756,
20250314001606,00936787,1356432222259,1308360653097,1234083722711
20250319000924,01412822,2079395108546,1706722451080,1461040406251
20250320000849,00113492,621077310491,641522252002,661046979250
20250320001058,00122481,385609175182,378041031409,361240178636
20250327001173,00146454,431211150640,392606560430,402916432343
20250321001961,00162072,126495177571,115056313318,115721729758
20250317000929,00413046,21055222437706,19956813831274,5891652311251
20250321001830,00134176,56576212583,54508701606,49888720541
20250320000941,00126937,5290507469287,5154457321588,4547780622106
20250320001156,00131197,981647961482,246997268553,266232857341
20250401003228,00141307,5701707714763,5568116970055,5871933652466
20250320000921,00157991,384404536002,353982211636,347065524190
20250320000396,00163673,1849667000000,1865721000000,1995988000000
20250415000021,00171265,3933768381301,3618279367040,3511523805592
20250320001481,00174527,833478390833,991687669827,746127741905
20250320001749,00203315,2758664473521,2488343237200,2650811719301
20250313001287,00126779,436163754728,404298806447,288153289588
20250326000254,00138516,148788013,164226601,213647673
20250313001177,00191472,880646686131,822466228845,776778116811
20250306000628,00104856,62273916116630,56507909508834,53848261017182
20250318001384,00105961,11378212000000,11204306000000,9793618000000
20250331004004,00126256,312218844000000,314655050000000,296234163000000
20250319000397,00126478,17194637128138,15593389152394,14491697984864
20250312001128,00136378,15071774121951,14751983355128,14348412322688
20250320001241,00137997,11991996000000,11585257000000,10233054000000
20250312000984,00158501,2322698505650,2179505358177,2075658595502
20250312000803,00166519,428809811685,463885406068,474032615936
20250312000641,00508274,607347064513,594029354613,599305651807
,00296290,,,
20250312000416,01436558,968440003900,648090988551,621509408960
20250515002790,00103006,2608977847007,2451280644242,2532768398255
20250320001444,00103176,12894689000000,12031553000000,12403741000000
20250321001236,00113614,306459203587,309337533919,297649820407
20250312001059,00525934,1499801948860,1205064944737,1289618542133
20250320001727,00146861,717683038008,692647470965,505788674039
20250320000653,00210856,82510682423,70446617889,76246124909
20250320000597,00361488,124006292902,126812370904,132073841013
20250320001127,00372882,435066123285,434900095454,416146080400
20250320001745,00628189,679055394604,739376283681,790792230162
20250425000879,00838500,502559201,505537142,526527912
20250328002312,00852087,98603256829,95079294654,85063020141
20250320001576,01210677,188423078176,136588232562,155553111109
20250320001392,01497869,1801419186444,2316936129612,2282963063406
20250325000803,00103592,1170275148654,1078065491869,932023758862
20250313001006,00117188,4340864429768,5088858301845,5267284720508
20250313000247,00117601,16800267411000,16461846690000,13419879837000
20250404003738,00118044,108869307630,114611865652,121789602384
20250321001723,00131939,86471435747,92323070165,113976352843
20250320001261,00146296,97397658185,98302187963,116167864087
20250320000304,00159573,429705980847,434108102058,424608629316
20250320000724,00162063,2317873586367,2468946950023,2349398105478
20250314001195,00129642,591078392906,564873378508,544569685947
20250320000149,00137368,75317579119,104190908681,112417896625
20250314001659,00120526,39003044584713,30644698696537,31703575873070
20250321001499,00125743,753622046641,792550276136,857843841402
20250703000161,00130684,1765962363102,1777219780282,1871342447045
20250314001261,00155212,892453016139,889807220460,851593785984
20250318001131,00164830,36719137422000,32242568184000,29883476300000
20250321000868,00305668,275007869227,257571091517,256209761789
20250318001119,00458234,219937922050,222741818404,205577783538
20250320001015,00520887,388227963004,362621260298,309226087513
20250320001670,00633835,2204429000000,2890585000000,2567697000000
20250318000733,01263022,3402590175982,3219078523118,2946235271626
20250318001407,00219097,2300978258450,2171266453121,1938013970903
20250407003073,00125974,300331502195,513742450417,498726793527
20250703000352,00141875,415195461349,346240176563,343207955095
,01885222,,,
20250319000687,00169048,135918584874,110104673211,120246185135
20250320001114,00113544,820584705338,860872753953,836764531649
20250312000903,00124799,1216795673119,1169759640111,1166611978191
20250604000001,00126089,66061636175,74273121353,543210276853
20250403001277,00153393,4722277800717,4738292443387,4820743827583
20250312000987,01325979,1823848054024,1535913844662,1465129428987
20250328001583,00366438,492674198507,191302264426,131978362494
20250321001259,00911955,516038762059,498568311609,486153355769
20250318001328,00138190,1439641460000,1401098380000,1419412958000
20250311000974,00148276,3306550192963,2889504607291,2751445128079
20250320001282,00106881,121334436238,115588583093,119745167372
20250317001024,00162461,30036831374114,24790423705500,24079987144374
20250318000466,01649204,136108165193,78003609126,39355570451
20250711000353,00428729,150164209033,145877679821,153542696876
20250320001383,00109189,1817762218175,1835312625998,1903351069081
20250320001650,00159810,239157482703,216804583543,302205591680
20250320001632,00360142,1279967962677,1373717052601,1224954676333
20250317000605,00115694,10670641837509,10211959858311,9757370294448
20250318000528,00138242,3104452196541,2636056902325,2001907294250
20250312000906,00105873,32859566000000,35759298000000,35686019000000
20250313000158,00106623,7075991000000,6825905000000,7546451000000
20250331000321,00117267,34547211856250,32869437390169,34866586937074
20250318001067,00309503,8025538409393,7139576928721,7772406693424
20250321001765,00135111,237238550555,263117529522,261731135173
20250318000862,00631518,110530097549000,80835513251000,67218924277000
20250407004316,01035289,81910409782,99300326294,123102080292
20250321001881,00119140,885079753443,976559117445,862588714003
20250226005968,00151298,224685346928,262988106907,259398156922
20250318001445,01261893,549141198730,499951266115,483313331794
20240620000211,00141626,96987787340,81050220067,104952008521
20250314001404,00173102,97168284920,97045385480,97794376174
20250317000867,01386916,4150138152000,4083815083000,3497335365000
20250321001276,00109514,187678000054,215388359744,210718177191
20250312000859,00124726,1003074746009,890717259861,769266587599
20240612000337,00136721,10609935089040,10198800404537,11085013453233
20250321001837,00195229,5536390124625,4980149550868,4821801377788
20250515001393,00679314,1072894256482,970612855578,899511754452
20250414002678,00146214,396879751742,419189929496,498743322746
20250314001304,01760738,2283045417000,1990471193000,
20250318000934,00728638,1424527346288,1237247610671,1239211177169
20250321001966,00162416,1731337480778,1747822854675,1502891064305
20240618000424,00157104,272101858567,259178930468,218759361890
20250320000574,00968607,352697366866,208381292179,174725582891
20250321001231,00671376,1562449951177,1283873353732,1042495890560
20250320001046,01428203,2494298894368,2223679597409,2209564785783
20250314001189,00101044,590984471828,589396664797,684140416698
20250321001357,00127042,454131400837,454751843435,457536775769
20250319001103,00186559,618272425850,525378184898,558409431550
20250317000314,00166227,1833034372586,1653277049573,1779489488972
20250317000812,01867758,1591146181854,,
20250321001712,00103662,142679052793,187156634512,171758015274
20250321001077,00117726,413955272202,372634565534,374266034502
20250317000463,00154462,8540521424208,7631430777862,7651003801454
20250320001689,00146542,33094013588,31049304763,33565988545
20250325001066,00120030,17803293924556,17707298538013,16946616696898
20250320001708,00108746,213873418416,220114642087,192687257308
20250320001204,01262032,950573044038,944050170382,871931521611
20250319000718,00136776,38915573941,48355454222,48387026626
20250317000666,00114154,558566600775,573648655244,520217537029
20250331003521,00102858,14792322181548,12046071311650,12097918358974
