corp_name,corp_code,stock_code,ceo_name,industry_code,established_date,ir_url,corp_reg_number,business_no
미래에셋맵스 아시아퍼시픽 부동산공모 1호 투자회사,00600013,094800,미래에셋자산운용(주),642,20070109,,1101113595852,1078686211
맥쿼리한국인프라투융자회사,00435297,088980,맥쿼리자산운용(주),64201,20021212,,1101112672586,1048177509
(주)우진,00173944,105840,"이재상, 백승한 각자대표",27216,19800513,,1345110001814,1358105713
(주)대동,00109286,000490,"김준식, 원유현",29210,19470520,,1911110000104,5148106690
삼화콘덴서공업(주),00129350,001820,"오영주, 박진",26291,19560814,,1345110003696,1358102429
(주)유니온,00144252,000910,"이건영, 이우선",23311,19521206,,1101110200579,1048124962
(주)우진플라임,00303217,049800,김익환,292,19920103,http://www.woojinplaimm.com/kor/main/index.php,1101110822993,1318139905
(주)서연이화,01036446,200880,강용석,303,20140702,,1101115455476,2208882958
대한방직(주),00112970,001070,"설 범, 김 인호",132,19530810,,1101110019350,1168133353
(주)갤럭시아 에스엠,00129554,011420,이반석,911,19750506,,1301110008771,1348102367
(주)유수홀딩스,00163691,000700,송영규,715,19500101,,1101110003262,1168135822
대원전선(주),00260392,006340,서명환,28302,19691129,,1348110001181,1248105047
태림포장(주),00153524,011280,이복진,1721,19760412,,1301110010015,1338122623
극동유화(주),00105156,014530,"장홍선, 장선우 (각자대표)",19221,19791228,,1845110001335,6218100510
일진홀딩스(주),00146649,015860,허정석,64992,19820127,,1201110011990,1248134732
제일파마홀딩스(주),00148443,002620,한상철,715,19590307,,1101110026652,1148101234
조광피혁(주),00148939,004700,이연석,15110,19660803,,1501110001036,3158107132
미원스페셜티케미칼(주),01234297,268280,"김형웅, 배원",201,20170501,,2101110123944,7788700797
(주)화승코퍼레이션,00166272,013520,"허성룡,현지호",303,19780915,http://www.hscorp.com,1845110001252,6218105780
(주)원림,00143794,005820,신성엽,13225,19681028,,1101110095152,1198101618
에이자기관리부동산투자회사(주),00860730,140910,김종국 (단독 대표이사),68121,20101104,,1101114464501,1058750280
율촌화학(주),00145260,008730,"송녹정,신동윤",22231,19730501,,1101110145147,1188101288
(주)티에이치엔,00118965,019180,"이광연, 채승훈",289,19860723,,1701110022781,5038119351
한국철강(주),00687711,104700,"문종인, 이수하 (각자대표)",2411,20080903,,1942110094318,6098184470
주식회사 이지스밸류플러스위탁관리부동산투자회사,01394377,334890,도병운,681,20190716,www.igisvaluereit.com,1101117173224,5368801452
동원금속(주),00118008,018500,"이은우, 박승룡",303,19851214,http://www.dwmic.com,1701110021816,5038106778
쿠쿠홀딩스(주),00132354,192400,구본학,649,19781115,,1845110000634,6218102895
(주)한국전자홀딩스,00159254,006200,박 명 덕,64992,19690909,,1101110101470,2298101123
(주)금비,00168401,008870,고기영,23192,19730605,,1201110002022,1268109409
SNT에너지(주),00648721,100840,김형섭,29176,20080205,,1942110090598,6098181774
신성통상(주),00136341,005390,대표이사 염태순,467,19680111,,1101110003345,1048101106
주식회사 화승알앤에이,01532603,378850,김형진,30399,20210303,,2341110120538,3058640935
(주)남선알미늄,00107224,008350,"박귀봉, 정순원(각자대표)",24222,19730104,,1701110005042,5028100107
(주)제이알글로벌위탁관리부동산투자회사,01415892,348950,오남수,681,20191024,,1101117263728,2078158077
대영포장(주),00111458,014160,"강병은,손용수",1721,19790601,,1101110254104,1348101183
(주)황금에스티,00218575,032560,김종현,24290,19860825,,1101110504195,1078118697
(주)세원정공,00134316,021820,장제상,303,19890729,,1701110039207,5038111081
한화생명보험(주),00113058,088350,여승주,65110,19460909,,1101110003204,1168111757
(주)케이씨티시,00103042,009070,류주환,49301,19730720,,1101110149446,2018110323
만호제강(주),00120872,001080,김상환,24123,19530904,,1801110054659,6068108662
쿠쿠홈시스 주식회사,01267684,284740,구본학,762,20171204,,1355110319406,5908700993
(주)LS네트웍스,00104698,000680,문성준,46800,19491221,www.lsnetworks.co.kr,1801110044717,6228104805
(주)방림,00122348,003610,서재희 대표집행임원,132,19621205,,1101110035108,1078111490
신대양제지(주),00135777,016590,"권혁홍, 이상천(각자 대표이사)",172,19821217,,1301110008789,1348102858
삼영전자공업(주),00127200,005680,"변동준, 김성수(각자 대표이사)",26291,19680820,,1311110000205,1298100372
(주)전방,00147222,000950,조덕현,13101,19530223,,1101110005664,1028117373
이구산업(주),00145464,025820,"안월환, 김영길(각자 대표이사)",24221,19710116,,1301110009498,1348102580
태경케미컬 주식회사,00109161,006890,박기환,20121,19701111,,1101110040793,2208110227
(주)경방,00101628,000050,"김준, 김담",47119,19191005,,1101110013287,1078105232
(주)토니모리,00816544,214420,김승철,20423,20060726,,1101113500249,1148653270
한국화장품(주),00823429,123690,이용준,46443,20100503,,1101114342228,1018655141
유성기업(주),00174004,002920,류현석(대표이사),303,19600318,,1243110000755,1308104489
(주)보락,00123107,002760,정기련,2049,19590817,,1348110004474,1248134203
(주)광주신세계,00220561,037710,이동훈,47111,19950410,,2001110054795,4108127563
(주)혜인,00165343,003010,원경희,465,19601017,,1101110030413,1208127641
한전KPS(주),00159218,051600,김홍연,42311,19840327,,1101110371148,2038158100
KG케미칼(주),00101220,001390,"곽정현, 김재익",201,19541231,,1243110008999,1308109693
(주)코리아써키트,00152686,007810,장세준,2622,19720411,,1301110026749,1348107528
한일홀딩스(주),00162993,003300,"허기호, 박지훈",23311,19611228,,1101110040165,2208103255
부산산업(주),00124027,011390,정영교,233,19760515,,1101110522618,6068156897
이화산업(주),00145686,000760,홍성우,46731,19500329,,1101110018138,1078113542
(주)제이에스코퍼레이션,00332927,194370,홍재성,15121,19880201,www.jskor.com,1101110554992,2198103482
SNT모티브(주),00398792,064960,권형순,303,20020206,,1801110396069,6218147887
조광페인트(주),00148920,004910,양성아,20411,19670116,,1801110007088,6068100205
㈜미래에셋맵스제1호위탁관리부동산투자회사,01437292,357250,정상구,681,20191212,,1101117323259,7788801487
(주)신원,00136864,009270,박정주,14112,19730926,,1101110152770,1058111908
(주)신화다이나믹스,00137809,001770,신종호,24199,19560601,,1101110028632,1348129352
(주)SH에너지화학,00136457,002360,정케빈규봉,201,19580509,,1341110000210,4018109407
디아이동일(주),00118345,001530,"서태원, 손재선",46103,19550805,,1101110019219,1208114879
(주)모나미,00121288,005360,송하경,46452,19671228,,1101110005052,1208108227
일신방직(주),00146269,003200,김정수,13101,19511103,,1101110041717,1168140780
샘표(주),00130091,007540,박진선,64992,19711209,,1101110123797,2178100359
아세아제지(주),00138729,002310,"유승환, 이현탁",172,19580307,,1101110006274,2208102052
동일산업(주),00172936,004890,"오순택, 오승민",24113,19661227,,1701110002171,5028100015
(주)천일고속,00151395,000650,박도현,49220,19490930,,1801110006915,6048100854
(주)크라운해태홀딩스,00153126,005740,윤석빈,64992,19680918,,1101110093552,2168100486
주식회사 진에어,00653024,272450,박병률,511,20080123,,1201110454976,1218189086
(주)한솔홈데코,00203582,025750,김경록,161,19911227,,1101110825624,1028137194
(주)E1,00165583,017940,"구자용, 천정식 (각자 대표이사)",46713,19840906,,1101110381387,1148116585
(주)메리츠금융지주,00860332,138040,김용범,64992,20110328,,1101114566406,2208814824
SK텔레콤(주),00159023,017670,유영상,61220,19840420,,1101110371346,1048137225
주식회사 엘엑스홀딩스,01562589,383800,"구본준, 노진서",64992,20210503,,1101117875359,7668601855
(주)STX,00138297,011810,박상준,46800,19761224,,1942110000183,6098101917
(주)한국카본,00159795,017960,"조문수, 이명화 공동대표이사",2512,19840917,,1801110054691,6158101585
진원생명과학(주),00118521,011000,박영근,212,19760127,,1101110191562,1208114898
(주)LS,00105952,006260,명노현,64992,19620515,,1101110003965,1168119007
(주)한국화장품제조,00160621,003350,이용준,20423,19620321,,1101110037427,1028120368
대상홀딩스(주),00539274,084690,"임창욱, 최성수 각자대표이사",64992,20050801,,1101113280099,2068601066
(주)코람코더원위탁관리부동산투자회사,01180118,417310,서길석,68112,20150915,,1101115837294,6928800184
주식회사 카카오페이,01244601,377300,신원근,66199,20170403,,1311110478337,5278800686
하이트진로(주),00150244,000080,김인규,11122,19540615,,1101110028591,2148100777
(주)대구백화점,00108977,006370,구정모,47111,19691226,,1701110003814,5018100026
퍼스텍(주),00148522,010820,손경석,252,19750925,,1942110000133,6098101805
송원산업(주),00134963,004430,김충식 대표이사,20499,19651215,,1801110000636,6108107100
주식회사 카카오뱅크,01133217,323410,윤호영,64121,20160122,,1311110435767,3758800197
삼화페인트공업(주),00129387,000390,"류기붕,배맹달(각자대표)",20411,19460409,,1101110014433,1348117477
(주)조비,00148948,001550,이승연,20312,19551115,,1101110086599,2148108783
부산주공(주),00124151,005030,장세훈,30310,19670427,,1801110002682,6068101596
한국단자공업(주),00157070,025540,"이창원,이원준",2812,19730420,www.ket.com,1201110002957,1398113632
두산밥캣 주식회사,01032486,241560,"스캇성철박, 조덕제",29241,20140425,,1101115402237,2018638888
에스케이위탁관리부동산투자회사 주식회사,01535150,395400,에스케이리츠운용 주식회사,68112,20210315,,1101117815446,2488602055
(주)오리온홀딩스,00117577,001800,허인철,649,19560725,,1101110004690,1068104036
(주)노루홀딩스,00113508,000320,"한영재,김용기",64992,19451101,,1341110002878,1238102601
태양금속공업(주),00153755,004100,한우삼. 한하워드성(각자 대표이사),303,19540301,,1101110003212,1348100016
성신양회(주),00132804,004980,한인호,23311,19670316,,1101110072928,1018118194
이에스알켄달스퀘어위탁관리부동산투자회사주식회사,01437186,365550,조주현,681,20200220,http://www.esrks-reit.com/ ,1101117398989,3828101986
(주)우진아이엔에스,00143262,010400,홍경모,422,19750127,www.woojini.com,1101110175467,1148133003
(주)한농화성,00160861,011500,"김응상, 경상호 (각자대표)",20421,19760710,,2111110001090,4018101273
(주)덕성,00114093,004830,"이봉근, 김성진 (각자대표이사)",22214,19661110,,1341110000096,1238100243
(주)세진중공업,00415628,075580,최양환,31114,19990920,,2301110060126,6108137716
아세아시멘트(주),00990165,183190,"임경태, 김웅종",23311,20131002,,1101115238096,2208864630
(주)호텔신라,00165680,008770,이부진,47859,19730509,http://www.hotelshilla.net/kr/ir/public_info.jsp,1101110145519,2038143363
(주)풍산,00684714,103140,"류진, 박우동",242,20080704,,1313110083497,1258175323
삼성전기(주),00126371,009150,장덕현,2622,19730808,,1301110001626,1248100979
하이트진로홀딩스(주),00148993,000140,김인규,64992,19330809,,1101110013766,1078100955
(주)이노션,00565154,214320,이용우,71310,20050517,,1101113229097,2208709310
(주)LF,00593032,093050,"오규식, 김상균 (각자 대표이사)",14111,20061103,,1101113555187,2118787724
(주)SG세계물산,00133511,004060,이의범,46800,19641120,,1101110048002,1198101073
유니퀘스트(주),00414601,077500,앤드류김,4659,19951125,,1101111216757,1208156132
유엔젤(주),00416654,072130,유지원,631,19990714,,1311110041192,1298129383
(주)경동도시가스,01208885,267290,"송재호, 나윤호",35200,20170401,,2301110274751,1438132491
경인전자(주),00102140,009140,김성은,2629,19730806,,1101110150229,1198102373
(주)경동인베스트,00143527,012320,정승진,649,19770615,,1812110000906,6208100410
태원물산(주),00154055,001420,남기영,303,19550111,,1101110086771,1208165136
SK가스(주),00144164,018670,윤병석,46713,19851220,,1101110413247,1168112528
한국주강(주),00159564,025890,하만규,292,19870826,,1943110000537,6088105400
(주)디아이씨,00112165,092200,김정렬,303,19760803,,1801110025147,6208110295
효성티앤씨(주),01316227,298020,김치형,2050,20180604,,1101116770138,8808701070
(주)엘지헬로비전,00222532,037560,송구영,60222,19950331,,1101111144297,1178113423
대덕전자(주),01478712,353200,신영환,2622,20200501,,1314110460809,6748701704
(주)에이엔피,00143314,015260,전운관,2622,19810121,,1243110006456,1308106245
아세아(주),00138701,002030,"이훈범, 오기호",715,19570427,,1101110030710,2208123120
엔에이치엔(주),00983271,181710,정우진,5821,20130801,,1311110350139,1448115549
대원화성(주),00112022,024890,강동엽,22214,19740523,,1101110165393,2048136263
현대로템(주),00302926,064350,이용배,31201,19990701,,1942110036336,6098137486
금강공업(주),00105299,014280,"전장열, 전재범 (각자 대표이사)",2413,19790808,,1801110034320,6038115882
대신증권(주),00110893,003540,오익근,66121,19620727,,1101110042955,1168109076
효성화학(주),01316236,298000,이건종,201,20180604,,1101116770188,1758801164
DB손해보험(주),00159102,005830,"김정남, 정종표",65121,19681101,,1101110095285,2018145593
(주)벽산,00122898,007210,김 성 식,23999,19710409,,1101110113384,2038143780
한국콜마(주),00939331,161890,최현규,20423,20121002,,1647110030756,3078138444
롯데관광개발(주),00231372,032350,"김기병, 백현, 김한준",75210,19710524,,1101110115504,1018110173
삼화전기(주),00129271,009470,"오영주, 박종온",26291,19731210,,1501110000856,3158100390
현대코퍼레이션(주),00164812,011760,"정몽혁, 김원갑, 장안석(각자대표이사)",46800,19761208,,1101110205850,1018116269
(주)더존비즈온,00172291,012510,김용우,62022,19770820,www.douzone.com,1201110005266,1348108473
(주)현대리바트,00300548,079430,윤기철,32029,19990610,,1345110034097,1358132239
(주)한섬,00188089,020000,김민덕,14112,19870525,,1101110531578,1208126337
금호석유화학(주),00106368,011780,백종훈,201,19761210,,1101110205975,1028131147
CS 홀딩스(주),00149026,000590,장원영,64992,19490112,,1101110008486,2208113170
부국철강(주),00123781,026940,남상규/손일호,2413,19760823,,2001110001407,4108105725
그린케미칼(주),00454946,083420,양준화,20421,20030101,,1614110012349,3168103672
한국가스공사(주),00261285,036460,최연혜,35200,19830818,,1146710006125,1208200557
(주)서흥,00131692,008490,양주환,2049,19730130,,1243110004252,1308100576
팬오션(주),00122737,028670,"김홍국, 안중호(각자 대표이사)",50112,19660528,www.panocean.com,1101110004286,1048119101
(주)비비안,00107677,002070,손영섭,14120,19570614,,1101110030934,1078111092
DSR(주),00110608,155660,홍석빈,242,19650401,,1801110000777,6178100224
디와이파워(주),01059605,210540,박치웅,29241,20141203,,1942110234534,6098622391
(주) DB Inc.,00163345,012030,"문덕식,강운식 (각자 대표이사)",62021,19770315,,1101110210859,2118119938
(주)퍼시스,00161709,016800,"배상돈,박광호",32029,19830311,,1101110345630,2158120534
(주)바이오노트,00622787,377740,조병기,213,20030328,,1348110324294,1238187177
신송홀딩스(주),00136402,006880,조갑주,46201,19701105,,1101110038061,1168104391
성창기업지주(주),00133335,000180,우인석,71531,19161120,,1801110001717,6038108663
유니온머티리얼(주),00369833,047400,"김진영, 이우선",23222,20000630,,1701110176489,5148137645
유진투자증권(주),00131054,001200,"유창수, 고경모(각자 대표)",66121,19540512,,1101110007826,1168134177
인터지스(주),00151368,129260,박동호,49301,19560223,,1801110001973,6018100739
한국지역난방공사,00159698,071320,정용기,35300,19851101,,1112710005962,1298202760
삼천리(주),00128555,004690,"이찬의, 유재권",35200,19660707,,1101110005929,1168100755
대창단조(주),00112679,015230,박권일,303,19810101,,1801110039396,6068130107
한국내화(주),00160205,010040,변성희,2321,19740624,,1846110000319,6228106900
삼화전자공업(주),00129280,011230,"오영주, 이건화",265,19760401,,1348110000563,1248102768
(주)SNT홀딩스,00225159,036530,김도환,64992,19820927,,1244110002907,1268114881
대한유화(주),00260383,006650,강길순,20111,19700602,,1101110024698,1048106794
금호전기(주),00106395,001210,이홍민,28410,19350525,,1101110028541,1058100527
(주)윌비스,00104999,008600,"임찬혁(대표집행임원), 송주호(대표집행임원)",46413,19730309,,1101110172447,1208114772
(주)무학,00121543,033920,"최재호, 최낙준 (각자 대표이사)",11122,19730919,,1901110002721,6088107131
(주)유한양행,00145109,000100,대표이사 조욱제,212,19260620,,1101110014409,1188100601
성문전자(주),00132628,014910,신준섭,26291,19800711,,1311110005114,1298105116
(주)한미글로벌건축사사무소,00413523,053690,"윤요현, 박서영",72111,19960618,,1101111283657,2208133593
(주)우신시스템,00142883,017370,허우영,292,19840223,,1101110366719,1078136263
(주)JB금융지주,00980122,175330,김기홍,64992,20130701,,2101110091498,4188144697
(주)디아이,00118275,003160,박원호 조윤형,27212,19610316,,1101110039209,2118124974
(주)동방아그로,00115384,007590,"염병만, 염병진",2032,19711231,,1101110124969,1128130484
한국자산신탁(주),00404701,123890,김규철,642,20010320,,1101112196304,1078197673
(주)GS,00500254,078930,"허태수, 홍순기 (각자 대표이사)",64992,20040701,,1101113045112,2208687395
교보증권(주),00113359,030610,"박봉권, 이석기 (각자대표)",66121,19491122,,1101110018089,1168104407
제일연마공업(주),00148461,001560,"오유인, 오현수, 추헌주 (각자 대표)",23992,19741227,,1801110021806,5068107010
주식회사 엔에이치프라임위탁관리부동산투자회사,01391033,338100,소선호,681,20190530,nhprimereit.com,1101117123732,6868601336
디씨엠(주),00177199,024090,"정연택, 정동우(각자 대표)",2419,19870302,,1801110071794,6218116744
한세예스24홀딩스(주),00161976,016450,"김동녕, 김석환(각자 대표이사)",1419,19821118,,1201110019382,1378108720
(주)화신,00166315,010690,"정서진, 장의호",30391,19740701,,1701110014936,5058120965
동양철관(주),00117629,008970,이곽우,2413,19730628,,1201110002056,1228100857
(주)하이스틸,00435312,071090,엄정근,2413,20030101,www.histeel.co.kr,1101112686024,2018178906
(주)제주항공,00555874,089590,김이배,511,20050125,www.jejuair.net,2201110050575,6168150527
(주)LG,00120021,003550,"구광모, 권봉석",64992,19470105,www.lg.co.kr,1101110003543,1168118750
한국투자금융지주(주),00432102,071050,김남구,64992,20030111,,1101112691651,2148726478
(주)대한항공,00113526,003490,"조원태, 우기홍",511,19620619,,1101110108484,1108114794
(주)동남합성,00115065,023450,"김정돈, 박미령 (각자대표)",201,19651001,,1101110057012,1228117945
코웨이(주),00170558,021240,서장원,969,19890502,www.cowayir.co.kr,1101110626501,3078106054
(주)하나투어,00269940,039130,송미선,75210,19931101,,1101110981038,1028139440
코스모신소재(주),00129989,005070,홍동환,204,19730628,,1201110018251,1378101917
(주)LG화학,00356361,051910,신학철,20111,20010401,,1101112207995,1078198139
주식회사 미래에셋글로벌위탁관리부동산투자회사,01576102,396690,신현준,6811,20210521,,1101117896090,2218801962
CJ(주),00148540,001040,"손경식, 김홍기",64992,19530801,,1101110015639,1048126714
기아(주),00106641,000270,"송호성,최준영(각자 대표이사)",30121,19441210,,1101110037998,1198102316
코오롱글로벌(주),00152880,003070,김정일,41221,19601228,,1101110036502,1208150012
(주)SIMPAC,00138260,009160,최진식,24113,19730809,,1201110002189,1228100819
롯데지주(주),00120562,004990,"신동빈,이동우",64992,19670324,www.lotte.co.kr,1101110076300,1078134848
현대엘리베이터(주),00164724,017800,조재천,29162,19840523,,1344110001519,1268104267
(주)와이지플러스,00249247,037270,최성준,631,19961115,,1101111342289,1208167338
두산에너빌리티(주),00159616,034020,"박지원, 정연인, 박상현",29119,19620920,,1942110000943,6098104684
(주)에넥스,00139764,011090,박진규,32021,19760304,,1101110192635,2208131765
(주)한솔케미칼,00140955,014680,박원환,20129,19800313,,1101110270895,1028134955
(주)금호에이치티,00105606,214330,"김진곤, 김두인(각자대표)",303,19890701,,2059110000169,4098107801
세기상사(주),00133618,002420,조영준,477,19580821,,1101110015853,2018148800
세방(주),00133812,004360,최종일,49301,19650913,,1801110015932,6178103842
부국증권(주),00123772,001270,박현철,66121,19540825,,1101110031510,1168108723
한국수출포장공업(주),00158112,002200,대표이사 회장 허용삼 대표이사 사장 허정훈(각자대표이사),1721,19571121,,1101110008882,2148144931
한일철강(주),00163196,002220,엄정헌,2419,19571205,,1101110048987,2018144712
(주)녹십자홀딩스,00108135,005250,"허일섭, 허용준",715,19671005,,1345110000014,1358105009
(주)사조대림,00109718,003960,김상훈,10211,19640501,,1101110042278,1148134190
강남제비스코(주),00100939,000860,"황익준,김재현(각자대표이사)",20411,19520716,,1801110003391,6058103330
(주)삼성출판사,00423690,068290,김진용,5811,20020702,,1101112559411,2148714287
(주)SG글로벌,00152039,001380,이의범,303,19541222,,1615110000037,3148108778
KPX홀딩스(주),00587466,092230,양준영,201,20060901,,1101113520627,1108175919
영화금속(주),00141413,012280,최동윤(단독 대표이사),303,19770607,,1801110027078,6098112296
(주)동방,00115287,004140,"김형곤, 박창기",529,19650114,,1101110124521,1058169429
주식회사 화승엔터프라이즈,01128613,241590,이계영,15219,20151117,06606,1101115891943,6858100299
조선선재(주),00796994,120030,장원영,2599,20100101,,1717110086312,5068170186
다스코(주),00353878,058730,"한상원, 한남철",25112,19960126,http://www.dasco.kr,2052110005288,4088125446
주식회사 크래프톤,00760971,259960,김창한,5821,20070326,www.krafton.com,1101113645772,2208745316
(주)BYC,00122579,001460,김 대 환,14120,19550513,,1101110005995,1188103063
(주)에스제이엠,00815369,123700,김휘중 (단독 대표이사),303,20100504,,1314110241465,1348666202
지엠비코리아(주),00156354,013870,"정세영, 송병영",303,19790320,,1942110000399,6098102857
미래산업(주),00197759,025560,이창재,27219,19901226,,1243110030413,3128115889
(주)에이블씨엔씨,00400857,078520,신유정,20423,20000107,,1101111846174,1198134685
한전산업개발(주),00194947,130660,함흥규,72129,19900411,,1101110692875,2038158148
주식회사 디에스단석,00108612,017860,한승욱,204,19840806,,1341110010839,1338122642
SNT다이내믹스(주),00134477,003570,박재석,303,19590401,,1101110042880,1058132752
S-Oil(주),00138279,010950,Anwar A. Al-Hejazi (안와르 에이 알-히즈아지),19210,19760106,,1101110189955,1168136743
한국무브넥스(주),00160418,010100,이현덕,303,19740715,,1812110000443,6208100079
(주)이수화학                             ,00145552,005950,"김동민, 주봉진",20111,19690117,,1101110008600,1148154648
(주)디엔오토모티브,00116949,007340,김상헌 김인환,28202,19710623,,1845110000642,6218101580
(주)주연테크,00269241,044380,김희라,26310,19880510,,1101110574164,1168123200
넥스틸(주),00220613,092790,홍성만,2419,19900115,,1746110022860,5068121195
(주)다우기술,00176914,023590,김윤덕,631,19860109,,1101110414758,2208102810
(주)LX인터내셔널,00120076,001120,윤춘성,4610,19531126,https://www.lxinternational.com/kr/investment/result_data,1101110004632,1168118686
(주)케이에스에스 해운,00160232,044450,박찬도,50112,19840627,,1101110377055,1018134423
LG전자(주),00401731,066570,조주완,264,20020401,www.lge.co.kr/company/investor/presentation#com-tabs01,1101112487050,1078614075
SK디앤디(주),00508344,210980,김도현,68122,20040427,https://www.skdnd.com/invest/profit.do,1101113001685,1018604792
미래에셋증권(주),00111722,006800,"김미섭, 허선호",66121,19700923,ci.securities.miraeasset.com,1101110011679,1168105556
(주)에스엠벡셀,00147860,010580,"유병선, 최세환(각자대표)",303,19750411,,1341110003058,1258106772
삼정펄프(주),00128227,009770,전성오,171,19740409,,1347110000333,1258100201
케이에이치필룩스(주),00193009,033180,배보성,2629,19840207,,1115110004162,1278107398
주식회사 아센디오,00145437,012170,한승일,591,19770421,,1101110253908,1058104294
(주)강원랜드,00255619,035250,최철규,91249,19980629,http://kangwonland.high1.com,1449110001666,2258110770
(주)NICE홀딩스,00158316,034310,조대민,715,19860911,,1101110505614,2148174186
(주)아모레퍼시픽,00583424,090430,"서경배, 김승환",20423,20060601,,1101113471036,1068643373
롯데에너지머티리얼즈(주),00113997,020150,김연섭,2629,19870811,,2149110003625,4038103729
STX엔진(주),00480455,077970,이상수,29111,20040401,,1942110066763,6098162781
미원홀딩스(주),00706715,107590,"김정돈, 손응주",649,20090202,,2101110063190,4028181192
금호건설(주),00106313,002990,조완석,41112,19721011,,1101110134877,1048131309
대성산업(주),00828789,128820,"김영대,이은우(공동대표)",477,20100630,,1101114382612,1018656344
(주)체시스,00125576,033250,"이명곤, 김성광(각자대표이사)",303,19890803,,1748110004244,5158102135
현대제철(주),00145880,004020,서강현,2411,19530610,,1201110001743,1218110385
(주)까뮤이앤씨,00129420,013700,"손병재, 이은규 (각자 대표이사)",41121,19781222,,1101110243793,6048116870
미원화학(주),00855163,134380,"김정만, 김태호 (각자대표)",20421,20110103,,2301110172244,6108604700
롯데위탁관리부동산투자회사 주식회사,01363818,330590,롯데에이엠씨 주식회사,681,20190329,,1101117061081,5648101254
동부건설(주),00115612,005960,윤진오,412,19690124,,1101110005002,2018145685
한화손해보험(주),00135917,000370,나채범,65121,19460401,,1101110006456,1168146445
(주)삼원강재,00191588,023000,"장범석, 박민희(각자대표)",303,19920721,,1746110014924,5068112319
주식회사 삼양패키징,01060814,272550,김재홍,22232,20141101,,1101115554418,1018693655
에스케이오션플랜트(주),00480367,100090,이승철,2413,19961101,,1913110003485,6158106111
(주)삼영,00127255,003720,"이석준, 조영한",2221,19590410,,1101110010001,1138106556
KG스틸(주),00115676,016380,박성희,24122,19821027,,1101110393308,1208142676
(주)도화엔지니어링,00114552,002150,"박승우,곽준상,손영일,김덕구",72121,19620505,,1101110037740,2118108009
(주)NI스틸,00116301,008260,이창환,2419,19721214,,1101110137491,2148171272
디와이(주),00117179,013570,김진호,64992,19781005,,1942110000472,1398104152
문배철강(주),00121570,008420,이창환,2419,19730121,,1101110139190,1168100532
(주)WISCOM,00142865,024070,"구조웅, 구영일",22299,19780509,,1301110009274,1348103288
(주)SBS,00130772,034120,방문신,60210,19901114,,1101110731483,1168139357
(주)세아특수강,00133991,019440,이강현,24122,19861101,,1746110005478,5068104497
(주)웅진,00143651,016880,"윤새봄, 이수영 각자대표",715,19830321,,1101110346745,2088106344
에이치엘만도(주),01042775,204320,"조성현, 김현욱 (각자대표)",303,20140902,,1313110140776,1258625094
(주)우리금융지주,01350869,316140,임종룡,64992,20190111,,1101116981206,3988701116
(주)한진,00163512,002320,노삼석,49309,19580310,,1101110003668,2018102823
(주)인팩,00180795,023810,"최웅선,최장돈",303,19690625,,1301110008052,1348102412
(주)진양홀딩스,00646732,100250,"양준영, 최창호(각자대표이사)",222,20080107,,1801110618091,6058186253
(주)엠씨넥스,00564562,097520,민동욱,26519,20041222,,1101113136383,1198177345
(주)케이비스타위탁관리부동산투자회사,01622720,432320,신명재,68112,20220208,www.kbstarreit.com,1101118191613,3808102408
(주)엘앤에프,00398701,066970,최수안,28202,20000727,,1760110022654,5138119101
한국투자ANKOR유전해외자원개발특별자산투자회사1호(지분증권),00907013,152550,한국투자리얼에셋운용,642,20110802,,1101114661115,1078758070
(주)경인양행,00102113,012610,"김흥준,조성용 (각자대표이사)",20132,19771014,,1201110005703,1378100562
이연제약(주),00145598,102460,"정순옥, 유용환 (각자 대표이사)",212,19641125,,1101110048143,1068100516
(주)티비에이치글로벌,00409672,084870,우종완,141,20010101,,1801110346204,6068164892
써니전자(주),00138057,004770,차상권,262,19660915,,1101110070881,1138106968
디엘 주식회사,00109693,000210,김종현,20111,19391010,,1101110084915,1168135007
한화위탁관리부동산투자회사(주),01669226,451800,한화자산운용,68112,20220510,,1101118294037,2888802469
케이씨그린홀딩스(주),00159971,009440,이태영,64992,19731127,,1101110155683,1058170848
(주)동인기연,00367710,111380,정인수,151,19921215,,1244110014316,1368107674
(주)미래아이앤지,00104786,007120,김학수,620,19710301,,1101110100951,1148110728
(주)경농,00101433,002100,"이병만,이용진",2032,19570712,,1101110089395,2148108779
대림통상(주),00109824,006570,"고은희, 손병국",25993,19700401,,1101110021678,1028101153
삼성공조(주),00126201,006660,고호곤,30399,19700611,,1942110000034,6098102070
(주)유니드,00159786,014830,"정의승, 이우일",20129,19800510,,1101110275069,1048124846
(주)유니드비티플러스,01702017,446070,한상준,16102,20221102,,1101118466280,4848802669
네이버(주),00266961,035420,최수연,63120,19990602,https://www.navercorp.com/investment/investors,1101111707178,2208162517
주식회사 이수스페셜티케미컬,01762569,457190,류승호,20111,20230502,,1101118626561,6318103101
범양건영(주),00122694,002410,강병주,411,19580821,,1101110015861,3128109655
(주)이리츠코크렙기업구조조정부동산투자회사,00544452,088260,김영규,68112,20050726,,1101113275959,1078667081
(주)하나금융지주,00547583,086790,함영주,64992,20051201,https://www.hanafn.com,1101113352004,1078671509
삼성물산(주),00149655,028260,"오세철, 정해린, 이재언",467,19631223,,1101110015762,2028145975
(주)BNK금융지주,00858364,138930,빈대인,64992,20110315,,1801110750893,6058605385
(주)한샘,00161693,009240,김유진(대표집행임원),46431,19730912,,1341110003595,1338122865
(주)현대지에프홀딩스,00105280,005440,"정지선, 장호진 (각자 대표이사)",64992,19680227,,1101110095201,2118108241
(주)아이에이치큐,00154426,003560,오준,591,19620824,,1101110042393,2118120395
사조씨푸드(주),00124780,014710,김치곤,102,19800327,,1101110271596,1208116542
삼성화재해상보험(주),00139214,000810,이문화,65121,19520126,,1101110005078,2028145617
화천기계(주),00166500,010660,"권형석, 권형운 (공동대표이사)",29223,19750614,,1101110342181,1148145488
대성에너지(주),00787376,117580,대표이사 김영훈 대표이사 박문희,35200,20091001,,1701110387416,5048183652
티케이지휴켐스(주),00426086,069260,김우찬,2049,20020915,www.huchems.com,1101112611906,2018176228
미원상사(주),00121932,002840,"홍창식, 강신우(각자대표)",204,19591103,,1301110007707,1348102843
에이치엘홀딩스(주),00299002,060980,"김광헌, 김준범",64992,19991127,,1313110030042,1258130627
(주)LG생활건강,00356370,051900,이정애,20422,20010403,,1101112208000,1078198143
에스케이바이오팜 주식회사,00878696,326030,이동훈,7011,20110401,,1101114570720,1018662394
에스케이케미칼(주),01267170,285130,"김철, 안재현",20202,20171201,,1311110501021,8468100915
(주)에스제이엠홀딩스,00181943,025530,"김용호, 김휘중(각자대표이사)",452,19750331,,1301110008862,1348102386
(주)후성,00595191,093370,김용민,20129,20061124,,1314110189425,1348634812
주식회사 신성이엔지,00136271,011930,이지선,2612,19770120,,1301110008664,1348103352
조일알미늄(주),00149239,018470,"이영호,성원모",24222,19850919,,1701110021543,5028107788
가온전선(주),00104768,000500,정 현,28302,19470924,,1341110000567,1238100049
(주)디알비동일,00118266,004840,류영식,221,19450930,,1801110000339,6218101635
(주)신한금융지주회사,00382199,055550,진옥동,64992,20010901,,1101112322438,1048164625
흥아해운(주),00167208,003280,이환구,50112,19611208,,1101110515275,1208162522
롯데렌탈(주),00545716,089860,최진환,76110,20051020,,1101113326588,2148779183
피아이첨단소재(주),00767460,178920,송금수,2221,20080602,pimaterials.irpage.co.kr/,1543110022729,3018197858
일진하이솔루스(주),00972503,271940,양성모,319,20121102,,2101110086548,4028198956
에이치디현대건설기계(주),01205842,267270,최철곤,291,20170403,,1101116363868,5288800622
광전자(주),00152729,017900,최재완,2612,19840731,,2149110002560,4038102808
현대글로비스(주),00360595,086280,이규복,5299,20010222,,1101112177388,1068197118
주식회사 현대퓨처넷,00403632,126560,김성일,61299,19920316,,1101110842785,1128131178
한성기업(주),00161860,003680,"임우근,임준호(각자대표)",10211,19630314,,1801110000230,6018108347
(주)이아이디,00480950,093230,신정희,467,20020627,,1752110014707,5138127033
(주)현대백화점,00428251,069960,"정지선, 정지영 (각자대표)",47111,20021101,,1101112644725,2118721455
신라교역(주),00135962,004970,김호운,03111,19670306,,1101110008254,2198100919
(주)비에이치,00447609,090460,최영식,2622,19990310,,1350110087483,1228157587
(주)금양,00106119,001570,류광지,201,19551117,,1801110003101,6068104711
대성홀딩스(주),00108940,016710,대표이사 김영훈 대표이사 김정주,715,19830131,,1701110017237,5038106405
에이치디현대(주),01205709,267250,"권오갑, 정기선",64992,20170403,www.hd.com,1701110638661,5398600614
(주)영원무역홀딩스,00140964,009970,성래은,64992,19740620,,1101110165830,1108123629
에이치디현대에너지솔루션(주),01199550,322000,박종환,2612,20161221,,1101116265410,1188122037
(주)더블유게임즈,01010110,192080,김가람,5821,20120501,www.doubleugames.com/investors/governance__shareholder.html,1101114855924,2148896326
주식회사 현대그린푸드,01721809,453340,박홍진,471,20230302,,1345110623337,6568102756
(주)세아베스틸지주,00106669,001430,"이태성, 김수호",2411,19550204,,1101110035794,1138106798
주식회사 DB하이텍,00160843,000990,조기석,2611,19530428,,1101110026206,2118110771
(주)코람코라이프인프라위탁관리부동산투자회사,01430475,357120,이성균,6811,20191210,,1101117320320,5448101624
케이카 주식회사,01323032,381970,정인국,45120,20171129,kcar.irpage.co.kr,1101116583490,7878700729
명신산업(주),00173078,009900,최우철,303,19820417,,1712110000958,5058101731
(주)농심홀딩스,00459871,072710,박준,64992,20030710,,1101112819005,1088161052
평화산업(주),00573579,090080,"황순용, 김주영",303,20060502,,1701110309329,5148157898
(주)케이탑자기관리부동산투자회사,00861076,145270,"이명식, 조현만(각자대표이사)",68112,20101104,,1101114465004,1078743354
(주)케이티,00190321,030200,김영섭,612,19811210,,1101111468754,1028142945
(주)영원무역,00776820,111770,성기학,46800,20090702,,1101114129585,1048621617
(주)이수페타시스,00107613,007660,최창복,2622,19720204,,1101110186638,5148116131
대한제강(주),00113225,084010,이경백,2411,19540610,,1801110003268,6038113259
동일제강(주),00118451,002690,"민세홍, 양영석, 김우진 (각자대표)",24122,19590713,,1101110032005,1138107346
애경산업(주),00139454,018250,"채동석, 김상준",20422,19850425,,1101110398275,1138111573
주식회사 디앤디플랫폼위탁관리부동산투자회사,01475609,377190,이양원,681,20200310,,1101117420211,8398101589
영보화학(주),00140779,014440,김태훈,2225,19791211,,1601110012742,3148101120
(주)이스타코,00134565,015020,"김승제,김동현(각자대표)",68121,19800930,,1243110006042,1338122225
(주)신영와코루,00136624,005800,"이의평, 이성원",14120,19681021,,1101110094964,1198101559
하나제약(주),00248974,293480,최태홍,212,19780119,http://www.hanaph.co.kr/investment/irNotice.do,1311110002409,1248137632
에이치디현대인프라코어(주),00344287,042670,"조영철, 오승현",29241,20001023,,1201110234469,1218140254
한화투자증권(주),00148610,003530,한두희,66121,19620719,,1101110003155,1168119031
에이치디현대미포 주식회사,00164609,010620,김형관,3111,19750428,,1812110000526,6208100900
주식회사 마스턴프리미어제1호위탁관리부동산투자회사,01442966,357430,정범식,681,20200228,,1101117408720,1728801447
주식회사 티와이엠,00117230,002900,"김희용, 김도훈",29210,19600201,tym.irpage.co.kr,1101110032899,1068128552
(주)메타랩스,00442835,090370,하지성,141,20001103,,1101112103953,2118668400
에이치엘디앤아이한라(주),00161116,014790,홍석화,41221,19800502,,1101110274699,2158140656
(주)쏘카,01026157,403550,박재욱,76110,20111031,https://www.socarcorp.kr/ir/events,2201110087049,6168190529
케이비아이동국실업(주),00114765,001620,김용희,303,19551229,,1101110028939,1068112972
(주)에이피알,01190568,278470,김병훈,20423,20141010,,1101115535012,2208889441
웰바이오텍(주),00141273,010600,김한국,461,19750419,www.wellbiotec.co.kr,1101110179659,1198104065
태경산업(주),00153339,015890,"김해련, 박충기, 김민정 (각자 대표이사)",20129,19820215,,1348110002080,1248130662
(주)알루코,00117027,001780,박진우,24222,19560604,,1601110002313,3068101212
(주)한창,00163716,005110,이동우,465,19670710,,1801110000602,6078117053
SK이터닉스(주),01817081,475150,김해중,411,20240304,https://www.sketernix.com/invest/disclosure.do,1311110729441,2408103211
동국제강(주),01765265,460860,최삼영,241,20230601,,1101118651633,5788602878
엔에이치투자증권(주),00120182,005940,윤병운,66121,19690116,,1101110098130,1168103693
진흥기업(주),00150828,002780,김태균,41221,19590903,,1101110006349,1068132769
에스케이하이닉스(주),00164779,000660,곽노정,2612,19491015,,1344110001387,1268103725
한솔홀딩스(주),00171636,004150,이명길,64992,19650119,,1101110017867,1048125772
SK(주),00181712,034730,"최태원, 장용호",64992,19910413,,1101110769583,2208116503
JW홀딩스(주),00632304,096760,"이경하, 차성남",64992,20070703,,1101113710468,1088180331
효성아이티엑스(주),00414850,094280,"남경환, 홍혜진(각자대표이사)",759,19970509,,1101111412256,1208173505
(주)신한알파위탁관리부동산투자회사,01276594,293940,이준구,6811,20171218,www.shalphareit.com,1101116601135,2938100902
삼성이앤에이(주),00126308,028050,남궁홍,72129,19781019,,1101110240509,1208156184
(주)서연,00163114,007860,유양석,64992,19720421,http://seo-yon.com/kr/stockinfo/,1101110129026,1138101115
주식회사 시알홀딩스,00148984,000480,강문수,2321,19470515,,2011110000440,4168107056
(주)인바이오젠,00652423,101140,강지연,46510,20080305,,1313110080427,1258173285
삼영무역(주),00127167,002810,이승용,46739,19591016,,1101110027569,1058155304
(주)보령,00123143,003850,김정균,212,19631111,https://pharm.boryung.co.kr/ir/resource.do,1101110012560,2088100281
(주)경보제약,00101664,214390,김태영,211,19870331,,1648110001961,3128104567
(주)한진칼,00983040,180640,"조원태, 류경표",64992,20130801,,1101115197193,2018634368
프레스티지바이오파마,01510489,950210,박소연,70113,20150713,,,49190
디엘이앤씨 주식회사,01524093,375500,박상신,412,20210104,,1101117736808,6768701904
에스케이스퀘어 주식회사,01596425,402340,한명진,64992,20211102,,1101118077821,5408102301
(주)케이씨,00209780,029460,"고상걸, 권홍빈(각자대표이사)",27216,19870216,http://www.kct.co.kr/ir/main.htm,1101110703210,1208105593
(주)대유에이텍,00149804,002880,임근호,303,19600116,,1115110000136,1278100094
아진전자부품(주),00111689,009320,"서중호,문종은",303,19731013,,1341110000822,1238100262
케이씨코트렐(주),00797364,119650,박기서,291,20100106,,1101114255463,1058738796
삼화왕관(주),00129235,004450,고기영,25991,19650502,,1341110003462,1388103179
(주)상상인증권,00112059,001290,주 원,66121,19540830,,1101110031560,1168114318
에스제이지세종(주),00134510,033530,"최정연, 이동원 (각자 대표이사)",303,19760610,,1812110000758,6208100119
(주)하이브,01204056,352820,이재상,592,20050204,https://hybecorp.com/,1101113166546,1208678223
(주)한화,00160588,000880,"김동관, 김승모, 양기원",20494,19521028,www.hanwhacorp.co.kr,1101110002959,2028116825
롯데손해보험(주),00113562,000400,이은호,65121,19460520,,1101110014459,1048130770
호전실업 주식회사,00226316,111110,박용철 박진호,14199,19850318,,1101110393457,1058164268
진양폴리우레탄(주),00160375,010640,최재호,22259,19750607,,1345110000387,1258118884
현대모비스(주),00164788,012330,"정의선, 이규석",303,19770701,www.mobis.com,1101110215536,1018116406
(주)성안머티리얼스,00132868,011300,임종찬,13213,19760420,,1701110006868,5048101534
(주)두올,00119672,016740,"조인회, 정재열",303,19830211,,1101110343957,2208123514
(주)포스코인터내셔널,00124504,047050,대표이사 사장 이계인,461,20001227,,1101112137358,1048158195
삼일제약(주),00128032,000520,허승범,212,19471007,,1101110016679,1148116848
파미셀(주),00145163,005690,김현수,211,19680820,,1601110005177,3148100664
(주)형지엘리트,00441243,093240,최준호,14112,20020425,,1101112507551,1058639463
현대자동차(주),00164742,005380,"정의선, 이동석, 무뇨스 바르셀로 호세 안토니오(각자 대표이사)",30121,19671229,,1101110085450,1018109147
제이더블유생명과학(주),00225706,234080,노정열,212,19940510,,1350110057395,1338125692
그랜드코리아레저(주),00557508,114090,윤두현,91249,20050906,,1101113301457,1048196184
(주)쌍방울,00681142,102280,정운호,14120,20080502,,1101113891169,1208727416
(주)신흥,00173795,004080,이용익,4659,19641113,,1101110047864,1148143063
CJ씨푸드(주),00129013,011150,임항순,108,19760315,,1101110215578,2298112289
(주)신도리코,00135795,029530,서동규,263,19600707,,1101110034960,2188100328
한온시스템(주),00161125,018880,대표이사 이수일,29172,19860311,,1347110002206,3068124501
아시아나항공(주),00138792,020560,송보영,511,19880217,,1101110562804,1048117480
에어부산 주식회사,00651901,298690,정병섭,511,20070831,,1801110605121,6058184518
명문제약(주),00121039,017180,배철한,212,19830901,,1341110013180,1248135615
한국전력공사(주),00159193,015760,김동철,35120,19610701,,1146710001456,1208200052
(주)케이씨씨,00105271,002380,"정몽진, 정재훈",20411,19580812,kccworld.irpage.co.kr,1101110221814,2148170045
(주)시프트업,01384787,462870,김형태,58212,20131202,,1101115281897,2308103325
(주)한국특강,00124090,007280,박성우,24121,19710518,,1801110015362,6068101728
(주)세아제강지주,00124197,003030,"이주성, 조영빈",64992,19601019,,1101110118996,1068160926
자이에스앤디(주),00367844,317400,구본삼,681,20000408,,1101111934557,1208603362
에이치디현대마린솔루션(주),01194689,443060,이기동,7212,20161128,,1801111065811,5828100535
에이치디현대일렉트릭(주),01205851,267260,김영기,281,20170403,,1101116363850,2668600531
제일약품(주),01236897,271980,"성석제, 한상철 (공동대표)",212,20170601,,1101116420361,6288800669
한화오션(주),00111704,042660,김희철,3111,20001023,,1101112095837,1048157667
(주)팜스코,00260408,036580,김남욱,105,19991001,,1311110042950,1298130202
모나용평(주),00365989,070960,임학운,55103,20000214,,1450110002801,2268124374
(주)엘지씨엔에스,00139834,064400,현신균,62021,19870114,,1101110516695,1168119477
(주)휴비스,00362238,079980,김석현,20501,20001101,,1101112102070,2158198804
현대오토에버(주),00362441,307950,김윤구,582,20000410,,1101111935638,1048153190
(주)세이브존아이앤씨,00422895,067830,이상준,47111,20020508,,1101112520644,2108141081
에이치디현대중공업(주),01390344,329180,"이상균, 노진율 (각자 대표이사)",31113,20190603,,2301110312741,2528701412
계룡건설산업(주),00102432,013580,"오태식, 윤길호",412,19781011,,1601110003121,3148107954
㈜엔에이치올원위탁관리부동산투자회사,01480780,400760,소선호,6812,20191120,,1101117299294,6068701550
SGC에너지(주),00125150,005090,"이우성, 박준영, 이복영",351,19670627,,1101110079817,2148189700
티피(주),00154329,007980,임석원,141,19720630,,1301110010031,1348105011
나이스평가정보 주식회사,00158325,030190,김종윤,63991,19850228,www.niceinfo.co.kr,1101110393283,1168115020
씨에스윈드(주),00670340,112610,방성훈,2511,20060816,,1101113509887,2128176626
(주)케이티아이에스,00372873,058860,이선주,63991,20010627,,1101112271510,1018171660
삼성바이오로직스(주),00877059,207940,임존종보 (Rim John Chongbo),211,20110422,,1201110566317,1318627632
에스케이바이오사이언스(주),01319899,302440,안재용,211,20180701,,1311110523736,8188600991
계양전기(주),00102618,012200,임영환,291,19770427,www.keyang.co.kr,1101110212889,1048134422
이건산업(주),00145446,008250,백오현,16211,19721207,,1201110001959,1318106200
콜마홀딩스(주),00203290,024720,윤상현,64992,19900515,,1647110001591,3078102816
(주)주성코퍼레이션,00753643,109070,허용호,264,20090225,,1313110088017,1258179538
엘에스일렉트릭 주식회사,00105855,010120,"구자균, 채대석",28121,19740724,,1101110520076,1168119273
(주)휴니드테크놀러지스,00111421,005870,김유진,2642,19681211,,1341110005202,1238106174
대한전선(주),00113207,001440,송종민,28302,19550221,,1101110035835,1198110062
(주)다이나믹디자인,00453488,145210,황 응 연,292,19990402,,2001110097272,4108149892
KR모터스(주),00112378,000040,노성석,319,19170917,,1601110007032,3058100020
(주)이엔플러스,00469799,074610,최용인,29193,20031203,,1355110144291,1348608314
(주)남성,00172185,004270,윤성호,467,19650610,,1101110054760,1138107079
롯데칠성음료(주),00120571,005300,박윤기,11209,19671129,https://company.lottechilsung.co.kr/kor/invest/irreport/list.do,1101110003684,2148107770
삼성전자(주),00126380,005930,전영현,264,19690113,,1301110006246,1248100998
한화에어로스페이스(주),00126566,012450,"김동관, 손재일, Michael Coulter",31321,19770801,,1942110000480,6098102992
삼호개발(주),00128980,010960,"심재범, 이영열",421,19760115,,1101110190340,2208114806
롯데케미칼(주),00165413,011170,"신동빈, 이영준, 황민재",20111,19760316,www.lottechem.com/ko/ir/ir_activity.do,1101110193196,1188115012
(주)LG유플러스,00231363,032640,홍범식,61220,19960711,,1101111296676,2208139938
(주)신세계푸드,00274933,031440,강승협,56130,19791011,,1101110305288,2158147377
씨제이씨지브이(주),00303873,079160,정종민,59141,19990330,,1101111673220,1048145690
한미반도체(주),00161383,042700,곽동신,29271,19801224,,1201110038423,1378102051
전진건설로봇(주),00372129,079900,고현국,292,19991112,,1101111807910,1148192507
스틱인베스트먼트(주),00117498,026890,"곽동걸, 강신우",64201,19820624,,1243110008204,1348107979
국도화학(주),00104388,007690,"이시창, 황문성",20111,19720222,,1101110126642,1198104497
일진디스플레이(주),00198697,020760,이우종,261,19940401,,1545110006076,3038110352
대원제약(주),00111999,003220,"백승열, BAEK JONATHAN IN",212,19610809,,1101110103955,2078136336
조선내화 주식회사,01770203,462520,최광철,2321,20230704,,2046110071943,2848102978
금호타이어(주),00481454,073240,정일택,221,20030630,https://www.kumhotire.com/ko/company/irdata/list.do,1101112810590,1018195610
주식회사 에코프로머티리얼즈,01311408,450080,김병훈,28202,20170426,,1717110132339,8108800647
씨제이대한통운(주),00113410,000120,"신영수, 민영학 (각자 대표)",493,19301115,www.cjlogistics.com,1101110006167,1108105034
SK증권(주),00131850,001510,"전우종, 정준호",66121,19550730,,1101110037112,1168136307
(주)대우건설,00124540,047040,김보현,41112,20001227,,1101112137895,1048158180
(주)현대홈쇼핑,00412597,057050,"정교선, 한광영(각자 대표이사)",47919,20010529,,1101112248882,2118676540
(주)메타케어,00791209,118000,이수진,4659,20091201,,1701110391532,5048184573
참엔지니어링(주),00153621,009310,이경희,29271,19731004,,1746110001096,5068100661
엘아이지넥스원(주),00503668,079550,신익현,25200,19980225,,1101111516933,2158635051
효성중공업(주),01316245,298040,우태희,281,20180604,,1101116770154,5788700896
(주)엘지에너지솔루션,01515323,373220,김동명,28202,20201201,,1101117701356,8518102050
(주)대웅,00111810,003090,윤재춘,212,19610110,,1311110000271,1298100178
한국전력기술(주),00159209,052690,김태균,72129,19751001,,1101110186307,1208101490
(주)국보,00104519,001140,"박찬하, 김룡영(각자 대표)",49301,19531228,,1101110296073,1048124870
평화홀딩스(주),00155124,010770,"황순용, 김주영",303,19501030,,1701110006412,5148106346
(주)케이티앤지,00244455,033780,방경만,12000,19870401,,1601110067804,3068130866
(주)카카오,00258801,035720,정신아,63120,19950216,https://www.kakaocorp.com/ir/main,1101111129497,1208147521
(주)엔씨소프트,00261443,036570,"김택진, 박병무 (공동대표이사)",582,19970311,,1101111387748,2208143000
(주)케이티스카이라이프,00349097,053210,최영범,60229,20010112,,1101112149436,1178131120
한세엠케이(주),00357360,069640,"김지원, 임동환(각자 대표이사)",4741,19950331,,1101111144073,2038157509
(주)종근당바이오,00390055,063160,박완갑,212,20011112,,1101112373308,1108153652
(주)대웅제약,00427483,069620,"이창재, 박성수",212,20021001,,1348110075342,1248601143
SK네트웍스(주),00131780,001740,이호정,467,19560324,,1301110005199,1248100718
(주)에이치에스효성,01854763,487570,"조현상, 안성훈",64999,20240701,,1101118993457,7748603325
포스코홀딩스(주),00155319,005490,"대표이사 회장  장인화, 대표이사 사장  이주태",2411,19680401,,1746110000741,5068100017
롯데정밀화학(주),00157681,004000,정승원,20119,19640827,,1812110000013,6108100029
(주)신세계인터내셔날,00234412,031430,"윌리엄 김, 김홍극 (각자대표)",4741,19801025,,1101110282402,2018153657
동일고무벨트(주),00939687,163560,TANIYAMA KEN,2219,20121005,,1801110828129,6218197752
(주)농심,00108241,004370,이병학,108,19650918,,1101110057574,1188103914
교촌에프앤비(주),00453284,339770,송종화,46313,19991112,,1752110009005,5138116574
(주)동양고속,00540641,084670,최성원,49220,20050704,,1341110131073,1388128578
주식회사 에이플러스에셋어드바이저,00684802,244920,"곽근호, 황승목(각자대표)",66202,20070607,,1101113691973,2148810653
(주)이마트,00872984,139480,한채양,471,20110503,http://emartcompany.com/ko/investor/governance_01.do,1101114594952,2068650913
한화시스템(주),00339391,272210,손재일,26299,20000111,www.hanwhasystems.com,1760110020640,5138117175
코리안리재보험(주),00113191,003690,원종규,65200,19630319,,1101110226533,1028116957
주식회사 에프앤에프홀딩스,00126487,007700,박의헌,64992,19720224,,1101110126783,2148609977
(주)신세계아이앤씨,00219486,035510,양윤지,62021,19970429,,1101111408867,2018120549
주식회사 에프앤에프,01568413,383220,김창수,14111,20210503,,1101117875440,1538102451
케이비발해인프라투융자회사,01880801,415640,법인이사 케이비자산운용(주),642,20060124,,1101113386954,1078673939
(주)INVENI,00105101,015360,"구본혁, 이창우",715,19810305,,1101110290778,2188106851
동국씨엠 주식회사,01765256,460850,박상훈,24122,20230601,,1101118651659,8978702489
주식회사 엠앤씨솔루션,01519790,484870,김병근,292,20201201,,1942110326208,2638101759
에스비성보(주),00132725,003080,윤정선,2032,19610106,,1147110000402,1288100011
(주)유니켐,00137207,011330,김진환,15110,19760427,,1301110011807,1348103920
(주)인스코비,00122825,006490,유인수,612,19700727,https://inscobee.irpage.co.kr/,1101110018592,1198103654
(주)선앤엘,00132211,002820,이윤규,16211,19591017,,1101110027593,1098133530
미창석유공업(주),00122056,003650,유재순,19221,19621227,,1801110000537,6018108046
(주)에이프로젠,00152385,007460,김재섭,259,19711115,,1101110122731,2198100146
한화엔진(주),00361008,082740,유문기,29111,19991230,,1942110038423,6098140128
다올투자증권(주),00156859,030210,"이병철, 황준호 (각자 대표이사)",66121,19810501,,1101110878706,1168100319
(주)플레이그램,00103130,009810,"김재욱, 선영",467,19740417,,1101110286412,1068130984
무림피앤피(주),00119007,009580,이도균,171,19740116,,1812110002548,6108102842
한국제지(주),00133706,027970,안재호,171,19840716,,1741110000618,5148103863
페이퍼코리아(주),00134723,001020,권육상,171,19530606,,2111110000042,4018100013
무림페이퍼(주),00136086,009200,이도균,171,19730829,,1911110000782,6138100289
(주)STX 그린 로지스,01784394,465770,유재호,501,20230901,,1801111522465,4238602883
엔피씨(주),00108038,004250,"나창엽,양창영,심일식(각자 대표이사)",22232,19650529,,1101110212699,1348126904
대한해운(주),00113535,005880,한수한,50112,19681212,,1101110008212,1018124624
(주)두산,00117212,000150,"박정원, 김민철, 유승우",64992,19331208,,1101110013774,1078100237
(주)동양,00117337,001520,박주형,23322,19550825,www.tongyanginc.co.kr,1101110005333,1168134352
(주)삼익악기,00127857,002450,"김종섭, 김민수",33201,19730104,,1201110001818,1228101045
고려산업(주),00102751,002140,"전장열, 김영교(각자 대표이사)",105,19570724,,1801110001494,6048100024
현대건설(주),00164478,000720,이한우,41221,19500110,https://www.hdec.kr/kr/invest/irpt.aspx,1101110007909,1018116293
대림바스 주식회사,00109754,005750,강태식,23222,19680920,,1942110000018,6098100261
(주)오뚜기,00141529,007310,"함영준, 황성만",108,19710603,,1341110002258,1388103238
(주)온타이드,00168331,005320,우혁주,46413,19671208,,1101110084767,2188106865
(주)아이엠금융지주,00878915,139130,황병우,64992,20110517,,1701110429523,5028610560
(주)테이팩스,00256955,055490,허지행,2229,19940801,,1201110095499,1398115931
삼진제약(주),00128412,005500,"최지현, 조규석",212,19680418,,1101110088652,1058100769
(주)동서,00144395,026960,윤세철,4632,19750516,,1101110180888,1058138440
(주)풍산홀딩스,00155531,005810,박우동,64992,19681022,,1201110018110,1228102549
현대해상화재보험(주),00164973,001450,이석현,65121,19550305,,1101110035893,1028132035
(주)이월드,00540605,084680,"방병순, 민혜정",331,20050705,,1701110290867,5038168487
(주)노루페인트,00583442,090350,이수민,20411,20060602,,1341110142575,1238606034
(주)지에스피앤엘,01882845,499790,김원식,64992,20241202,,1101119120299,4668702854
주식회사 솔루엠,01159233,248070,전성호,2629,20150702,,1358110272682,4908100105
(주)수산인더스트리,00193328,126720,"한봉섭,정보윤(각자대표)",422,19830416,,1615110001613,3128102856
(주)KB금융지주,00688996,105560,양종희,64992,20080929,,1101113975517,2018608254
(주)모토닉,00151128,009680,"김희진, 신현돈(각자 대표이사)",303,19740307,,1101110161317,1018102940
(주)풀무원,00155355,017810,이우봉,108,19840531,,1101110375439,3158101744
한일현대시멘트(주),00164672,006390,"전근식, 오해근",23311,19691230,,1101110111867,2148124240
진양화학(주),00347734,051630,임경섭,22214,20010103,,1101112141672,1108149202
진양산업(주),00150439,003780,최원석,2225,19630718,www.cyc1963.com,1801110043610,1028134256
서울보증보험(주),00112998,031210,이명순,65122,19690219,,1101110099774,1208113002
(주)화인베스틸,00661847,133820,장재훈,24121,20070918,,1951110010951,6088168647
넷마블(주),00904672,251270,김병규,5821,20111117,,1101114731299,1058764746
두산로보틱스 주식회사,01105153,454910,"박인원, 김민표, 조길성",2928,20150731,,1101115798272,2578800128
(주)엑시큐어하이트론,00156150,019490,유앤디,265,19861110,,1243110017841,3128106094
(주)덴티움,00526599,145720,"서승우, 윤병호",27191,20000607,,1351110052892,1238157732
한일시멘트(주),01319808,300720,"전근식, 오해근",23311,20180702,,1101116799203,4638701012
AK홀딩스(주),00125080,006840,"고준, 채형석 (각자 대표이사)",64992,19701013,,1101110029721,1138110894
아주스틸(주),00486705,139990,이현식,2419,19991029,,1760110020145,5138116496
피케이씨(주),00122472,001340,윤해구,20131,19541125,,1101110003709,1138101094
(주)엔케이,00172228,085310,김광흡,2512,19840801,,1801110054641,6038106888
신일전자(주),00173698,002700,정윤석,46521,19590714,,1348110001256,1348125389
인지컨트롤스(주),00103510,023800,"정구용, 정혜승 각자 대표이사",30310,19780131,,1301110006296,1338122303
동국홀딩스(주),00114792,001230,장세욱,649,19540707,,1101110031338,2028105158
에이치디현대마린엔진(주),00406046,071970,강영,29119,20010615,,1942110048381,6098148213
삼성에스디에스(주),00126186,018260,이준희,62021,19850501,,1101110398556,1108128774
삼성SDI(주),00126362,006400,최주선,28202,19700120,,1101110394174,1248131282
남해화학(주),00107987,025860,김창수,20312,19740508,,1101110164717,2018145104
(주)삼일씨엔에스,00109806,004440,윤성용,23325,19651231,,1101110061228,1028137869
삼성에프엔위탁관리부동산투자회사 주식회사,01688896,448730,이명규,6811,20220726,,1101118376893,5478702513
인천도시가스(주),00145862,034590,정진혁,35200,19830307,,1201110014027,1378102459
일진전기(주),00683469,103590,"황수, 유상석(각자 대표이사)",2830,20080702,,1348110159279,1248667922
KISCO홀딩스(주),00159740,001940,"장세홍, 이병제 (각자대표)",241,19570219,www.kiscoholdings.co.kr,1901110001872,6088100778
미래에셋생명보험(주),00112332,085620,"김재식, 황문규",65110,19880307,,1601110014483,3058108605
(주)종근당홀딩스,00149354,001630,최희남,212,19560110,www.ckd-holdings.com,1101110028955,1138106667
(주)코오롱,00152862,002020,"안병덕, 이규호",64992,19570412,,1101110030528,2028144660
(주)태영건설,00153861,009410,"최금락, 최진국 (각자대표)",41221,19731120,,1101110155451,1058174543
(주)한익스프레스,00129509,014130,유인철,49301,19790515,,1243110015051,1308116025
(주)SPC삼립,00125530,005610,"황종현, 김범수(각자 대표이사)",108,19680628,,1101110090516,1338122244
(주)MH에탄올,00121534,023150,"최동호, 김일환",11121,19780704,,1901110003563,6088103800
삼성카드(주),00126292,029780,김이태,64913,19830324,,1101110346901,2028145602
세방전지(주),00133858,004490,대표이사 박정희,28202,19520910,,1101110202765,2208100490
사조동아원(주),00137252,008040,이창주,105,19720726,,1244110000662,1368101103
(주)지에스리테일,00140177,007070,허서홍,47122,19710213,,1101110090037,1168118745
(주)지누스,00150633,013890,정백재,320,19790308,www.zinus.co.kr,1347110002553,1248128792
롯데하이마트(주),00158307,071840,남창희,47320,19870701,,1101110532633,1048116860
(주)에이치에스애드,00140168,035000,박애리,71310,19840530,,1101110375398,1058129368
엘에스에코에너지 주식회사,01093007,229640,이상호,64992,20150515,,1341110411706,8268600105
에이치디씨랩스(주),00350312,039570,김성은,423,19990917,www.hdc-labs.com,1101111775365,1208193646
포스코스틸리온(주),00155258,058430,대표이사 사장 천시열,2419,19880215,,1746110006492,5068105517
(주)포스코퓨처엠,00155276,003670,엄기천,282,19710513,,1746110001947,5068101452
(주)마니커,00204208,027740,"안정원,엄영철(각자 대표이사)",1012,19850927,,1345110004149,1358103151
(주)세아홀딩스,00377610,058650,"이태성, 김수호",241,20010701,,1101112276809,1048163174
해성디에스(주),01032413,195870,최영식,262,20140306,,1942110223694,6098618048
에이치에스효성첨단소재(주),01316254,298050,"임진달, 성낙양(각자 대표이사)",205,20180604,,1101116770170,1988700929
주식회사 이지스레지던스위탁관리부동산투자회사,01436628,350520,이승환,681,20200203,http://igisresidencereit.com/,1101117375375,3118601790
남양유업(주),00107598,003920,김승언(대표집행임원),104,19640313,,1101110092976,2028104367
동성제약(주),00116268,002210,나원균,212,19571125,,1101110008200,2118125288
영풍제지(주),00141404,006740,이옥순,172,19700718,,1347110000408,1258100424
(주)드림텍,00415646,192650,"김형민, 박찬홍(각자대표)",2629,19980922,,1615110027883,3128131249
대한제당(주),00113234,001790,강승우,105,19560706,,1201110018368,1218107309
대한제분(주),00113243,001130,"이건영, 송인석",105,19521225,,1101110003733,1048104345
대상(주),00121941,001680,임정배,108,19560131,,1101110327125,1098114886
삼양식품(주),00126955,003230,"김정수, 김동찬",108,19610915,,1101110034308,1028105450
서울식품공업(주),00130879,004410,서성훈,108,19551017,,1101110059702,1348107983
(주)우성,00142661,006980,한재규,105,19701230,,1601110001167,3058120439
한국공항(주),00156691,005430,이수근,52939,19680220,,1101110003692,1098133068
한국쉘석유(주),00158149,002960,이승봉,19221,19600705,,1801110002591,6178100016
(주)씨아이테크,00127158,004920,김대영,26529,19670117,,1101110074479,2108101231
(주)와이투솔루션,00144720,011690,강석환,2611,19761104,,1101110204498,2208121836
중소기업은행,00149646,024110,김성태,64121,19610725,,1101350000903,2028100978
(주)신한글로벌액티브위탁관리부동산투자회사,01714997,481850,조준우,64201,20220317,,1101118234075,3828702288
삼익THK(주),00127802,004380,진영환,29141,19651005,,1701110000935,5038110869
SKC(주),00139889,011790,박원철,204,19730716,http://www.skc.kr/,1301110001585,1358101250
(주)조흥,00149345,002600,함영제,108,19590211,,1101110019334,1138106497
해태제과식품주식회사,00428321,101530,"신정훈, 이상진(각자대표)",108,20010711,,1615110044225,3128149680
(주)대교,00108913,019680,강호준,851,19861220,http://company.daekyo.com,1101110514029,1128141114
동아쏘시오홀딩스(주),00116824,000640,김민영,64992,19490809,,1101110017990,2048100130
동아에스티(주),00956930,170900,정재훈,212,20130304,,1101115079713,2048640122
CJ제일제당(주),00635134,097950,"손경식,강신호(각자 대표이사)",108,20070904,,1101113748253,1048609535
(주)선진,00855093,136490,이범권,109,20110104,,1344110046664,1268636352
(주)삼양사,00896285,145990,"최낙현, 강호성",108,20111103,,1101114720945,1018666838
샘표식품(주),01167056,248170,박진선,108,20160704,,1101116110045,4468700473
(주)크라운제과,01205329,264900,윤석빈,106,20170302,,1101116332590,4118700569
(주)오리온,01238169,271560,이승준,108,20170601,www.orionworld.com,1101116417805,7098100727
롯데웰푸드(주),01258507,280360,"신동빈, 이영구, 이창엽",108,20171001,www.lottewellfood.com/invest/ir,1101116536481,1868100924
(주)경동나비엔,00101488,009450,"손연호, 손흥락, 장희철",28520,19781113,,1347110001159,1258101234
남광토건(주),00107066,001260,"김종수, 이동철(각자대표)",41221,19540805,,1101110017411,1208101995
(주)대창,00112651,012800,"조시영, 김옥열",24221,19771219,,1301110007137,1338123689
동원산업(주),00118026,006040,"김세훈, 박상진, 장인성",64992,19690416,https://dongwon.irupsite.co.kr/,1101110003098,2298111150
동화약품(주),00119195,000020,"유준하, 윤인호(각자 대표이사)",212,18970925,,1101110043870,1108100102
보해양조(주),00123541,000890,조영석,11122,19521111,,2011110000036,4118100209
에스엘(주),00125521,005850,"이성엽,정문호",303,19681107,,1701110000034,5048100078
에스케이디스커버리(주),00131832,006120,"최창원, 손현호",64992,19690701,,1301110005727,1358101191
동원시스템즈(주),00132637,014820,"조점근,서범원,정용욱",222,19800510,,1341110011712,1238115163
유화증권(주),00145190,003460,서태영,66121,19620602,,1101110042484,1168100100
한솔피엔에스(주),00103626,010420,"홍성민, 김형준(각자대표)",467,19750204,,1101110175970,1208159861
국제약품(주),00104722,002720,"남영우, 남태훈",212,19590727,,1101110032154,2078100309
일성건설(주),00146232,013360,백종탁,41221,19780623,,1101110234776,1058129640
오씨아이홀딩스 주식회사,00148896,010060,"이우현, 김택중, 이수미(3인, 각자 대표이사)",64992,19740701,,1746110000981,5068100069
(주)휴스틸,00156488,005010,"박훈, 윤형원(각자 대표이사)",2413,19670418,,1101110077283,1078111563
(주)한국종합기술,00159500,023350,김한영,72121,19630309,,1101110038326,1298120591
한국앤컴퍼니(주),00160047,000240,"조현범, 박종호(각자 대표이사)",64992,19410510,,1101110034233,2208102784
코스모화학(주),00160302,005420,김두영,2049,19680212,,1101110152738,1058133052
한미사이언스(주),00161426,008930,김재교,64992,19730615,,1348110003187,1248132296
(주)한창제지,00163761,009460,"KIM JOONYOUNG, 이상무 각자대표",171,19731206,,1845110000105,6218109073
에이치디씨(주),00164636,012630,"정몽규, 김회언 (각자 대표이사)",649,19771014,,1101110279433,1148158853
에이치엠엠(주) ,00164645,011200,최원혁,50112,19760325,,1101110193740,2028146197
기신정기(주),00106614,092440,윤현도,29293,19881101,,1201110046476,1398116717
(주)진도,00557933,088790,임병남,467,20060303,,1101113411024,1198187523
(주)백산,00122551,035150,"김한준, 전제형(각자 대표이사)",22214,19861006,,1147110003729,1338123001
한솔로지스틱스(주),00140946,009180,고정한,5299,19730814,,1101110150659,1028141359
(주)영흥,00141477,012160,강근욱,24123,19770420,,1942110000191,6098102065
주식회사 한컴라이프케어,00534598,372910,김선영,27199,19711221,hancomlifecare.irpage.co.kr/#/main,1345110021549,1358121955
한솔제지(주),01060744,213500,한경록,171,20150102,,1101115604700,1048658322
부광약품(주),00123718,003000,이제영,212,19601017,,1101110030405,1188100450
삼성제약(주),00126414,001360,정성택 대표이사,212,19290815,,1101110032568,2078100726
(주)녹십자,00129679,006280,허은철,212,19691101,,1101110109854,3038117108
(주)팜젠사이언스,00135050,004720,김혜연 박희덕(각자),212,19660822,,1243110000812,1248136540
신풍제약(주),00137359,019170,유 제 만,212,19860723,,1301110011815,1348103819
영진약품(주),00141149,003520,이기수,212,19620716,,1101110043127,2188100352
(주)유유제약,00144818,000220,"유원상, 박노용(각자대표)",212,19410228,,1341110002307,1238101790
일동홀딩스(주),00146083,000230,박대창,212,19410314,,1101110012776,2298114690
JW중외제약(주),00149947,001060,대표이사 신영섭,212,19450808,,1101110019342,1188102477
한국유나이티드제약(주),00158963,033270,강덕영,212,19871203,,1342110002769,3078105244
(주)한독,00161046,002390,"김영진, 백진기",212,19540701,,1101110037005,2208100530
(주)대양금속,00111111,009190,정지수,24122,19730822,,1201110002212,1348132459
(주)넥센,00167192,005720,"강병중, 강호찬, 문성희",221,19680910,,1846110000583,6188115827
넥센타이어(주),00173874,002350,대표이사 회  장 강병중 대표이사 부회장 강호찬 대표이사 사  장 김현석,221,19580411,,1101110014219,6218110769
(주)동아지질,00178754,028100,"최정욱, 정경수",421,19731130,,1801110019843,6218112675
(주)한국토지신탁,00233653,034830,"최윤성, 김성진",642,19960404,,1101111258220,1208163986
코오롱이앤피(주),00241005,138490,김영범,20202,19960315,,1713110003504,5108105710
에이치디씨현대이피(주),00357935,089470,정 원 섭,204,20000115,,1650110006768,3118113651
AJ네트웍스 주식회사,00365387,095570,곽정호,76320,20000210,,1101111874654,2148648586
(주)엘엑스하우시스,00759513,108670,"노진서, 한주우",2222,20090402,,1101114071207,1078718122
코오롱인더스트리(주),00795135,120110,"허성, 유석진",205,20100105,http://www.kolonindustries.com/,1353110013606,1388156604
에스디바이오센서(주),00854997,137310,이효근,27112,20101227,,1358110191121,1358613315
한솔테크닉스(주),00157399,004710,유경준,26299,19660820,,1101110004682,1208153945
한올바이오파마(주),00162586,009420,"정승원,박수진(공동대표이사)",212,19731120,,1641110000397,3068105479
현대약품(주),00164706,004310,이상준,212,19650716,,1243110000250,1308100988
환인제약(주),00166573,016580,"이광식, 이원범(각자 대표이사)",212,19821216,,1101110339542,2158136171
한미약품(주),00828497,128940,박재현,212,20100705,,1348110197550,1248700613
세원이앤씨(주),00585219,091090,김종성,251,20060703,,1101113489609,1078680236
한국타이어앤테크놀로지(주),00937324,161390,"안종선, 이상훈(공동대표이사)",221,20120901,,1101114952093,2208843431
현대코퍼레이션홀딩스(주),01108099,227840,"정몽혁, 김원갑, 권철호",463,20151002,,1101115851559,8138800272
에이치디씨현대산업개발(주),01310269,294870,"정경구, 조태제(각자 대표이사)",411,20180502,,1101116740008,3348600815
코오롱모빌리티그룹(주),01712485,450140,"강이구, 최현석",45110,20230102,,1341110627048,8338702544
대원강업(주),00111847,000430,"박민희, 김항수",303,19460920,,1101110015556,1048115560
에쓰씨엔지니어링(주),00121969,023960,김기웅,412,19710114,,1101110271497,1168107777
(주)종근당,00992871,185750,김영주,212,20131105,,1101115260669,1108608069
일동제약(주),01168383,249420,윤웅섭,212,20160801,,1101116139277,8038800431
(주)제주은행,00148832,006220,이희수,64121,19690919,,2201110000819,6168100615
아이에스동서(주),00115977,010780,"남병옥, 허필식, 배기문",2332,19750901,,1101110208383,2118631577
(주)TCC스틸,00117300,002710,"손봉락, 손기영, 김영학 (각자대표)",24191,19590716,,1101110032112,1078113810
(주)키다리스튜디오,00140131,020120,"허흥범, 박건원 (각자대표)",631,19870729,,1101110539382,1068149784
코스맥스비티아이(주),00219574,044820,"허민호, 이병주",64992,19921112,,1348110018641,1248122463
(주)씨티알모빌리티,00450010,308170,양현철,303,19940221,,1942110014431,6228103825
(주)케이이씨,00589127,092220,배석홍,2612,20060912,,1101113525750,1198191880
코스맥스(주),01009789,192820,"최경, 이병만",20423,20140303,,1348110294273,1438119635
두산퓨얼셀 주식회사,01412725,336260,"이두순, 윤재동 (각자 대표이사)",28111,20191001,,2149110058935,7738801177
한화갤러리아(주),01722437,452260,김영훈,47111,20230302,,1101118570891,7168802682
애경케미칼(주),00936787,161000,표경원,201,20120903,http://www.aekyungchemical.co.kr/kor/company/ir__data-report.html,1101114951243,1138663305
솔루스첨단소재 주식회사,01412822,336370,곽근만,26299,20191001,,2149110058927,6688101406
깨끗한나라(주),00113492,004540,"최현수, 이동열",171,19660307,,1101110063779,2018112618
(주)태경비케이,00122481,014580,"김민정, 정구일, 박충기 (각자 대표이사)",23312,19800122,,1101110301111,1098127101
일양약품(주),00146454,007570,"김동연, 정유석",212,19460701,,1101110124802,2098100872
한신기계공업(주),00162072,011700,최영민,29132,19761123,,1301110010346,1348103309
(주)셀트리온,00413046,068270,"기우성, 김형기, 서진석",211,19910227,,1350110034038,1338123603
(주)세우글로벌,00134176,013000,안백순,467,19780301,,1101110227177,1078107055
(주)삼양홀딩스,00126937,000070,"엄태웅, 김경진",64992,19241001,,1101110026181,2088101320
(주)서원,00131197,021050,"조시영, 조경호, 박주황",243,19880907,,1350110029881,1348101655
(주)영풍,00141307,000670,김기호,24213,19491125,,1101110003824,2118111275
한국석유공업(주),00157991,004090,"강승모,송상호(각자 대표이사)",23999,19641211,,1101110048490,1068103639
(주)한진중공업홀딩스,00163673,003480,조원국,352,19370710,,1101110110083,6018108008
(주)파라다이스,00171265,034230,최종환,91249,19720427,http://www.paradisegroup.co.kr/kor/invest/corporate.asp,1101110129274,2038143553
에이치에스화성(주),00174527,002460,"이종원,임기영",41112,19580901,,1701110001131,5018100050
(주)콘텐트리중앙,00203315,036420,"이중원, 홍정인(각자대표)",591,19870928,,1101110545751,2168110039
삼아알미늄(주),00126779,006110,"한남희, 김진범",24222,19690625,,1341110002365,1238101882
아남전자(주),00138516,008700,"공동대표이사 : 유성준, 박준구",265,19730420,,1201110018300,1228102613
KPX케미칼(주),00191472,025000,"양준영, 박승구, 이찬수(각자대표이사)",20119,19740701,,1101110166903,1108133923
삼성증권(주),00104856,016360,박종문,66121,19821019,,1101110335649,2028148588
엘지이노텍(주),00105961,011070,문혁수,262,19760224,,1101110192180,1058174316
삼성생명보험(주),00126256,032830,홍원학,65110,19570404,,1101110005953,1048126688
삼성중공업(주),00126478,010140,최성안,3111,19740805,,1101110168595,1208152780
(주)신세계,00136378,004170,박주형,47111,19551209,www.shinsegae.com/company/ir-ko/corporate-governance.do#direct_move,1101110028848,2018132195
현대차증권(주),00137997,001500,배형근,66121,19550726,https://hmsec.com,1101110019962,1168134691
(주)에스원,00158501,012750,"남궁범, 하나오카 타쿠로",75320,19771128,,1101110221939,2088113302
화천기공(주),00166519,000850,"권형석, 권형도(공동대표이사)",29223,19771011,,2001110001704,4108100996
일진다이아몬드(주),00508274,081000,이무영,204,20041202,,1545110029242,3038140972
키움증권(주),00296290,039490,엄주성,66121,20000401,,1101111867948,1078176756
주식회사 신한서부티엔디위탁관리부동산투자회사,01436558,404990,승만호,68112,20200102,,1101117343356,1448801520
고려제강(주),00103006,002240,주종대,2411,19450922,,1801110001220,6178100049
흥국화재해상보험(주),00103176,000540,송윤상,65121,19480315,,1101110016728,1028107837
(주)대현,00113614,016090,신윤황,14112,19820525,,1101110319320,2118119302
(주)엘엑스세미콘,00525934,108320,이윤태,2612,19991111,http://www.siliconworks.co.kr/kor/main/,1601110089395,3148129147
자화전자(주),00146861,033240,"김상면, 김찬용(각자대표)",26292,19870201,,1501110005955,3018105474
(주)코아스,00210856,071950,"민경중, 노병구(각자 대표이사)",320,19920724,,1101110881642,1178109929
텔코웨어(주),00361488,078000,"금한태, 배성 (각자 대표이사)",631,20000111,,1101111848394,1208197865
(주)케이티씨에스,00372882,058850,지정용,63991,20010702,,1601110119712,3148142683
(주)웅진씽크빅,00628189,095720,윤승현,85120,20070509,http://www.wjthinkbig.com/index.do,2849110065613,1418109131
엘브이엠씨홀딩스(주),00838500,900140,"이창엽, 변성현 (각자 대표이사)",451,20090616,,,1048407756
(주)시디즈,00852087,134790,"김태은, 우인환 (각자대표)",32029,20101216,,1101114493344,2158748121
(주)씨케이솔루션,01210677,480370,"김유곤, 안근표 (공동 대표이사)",721,20040223,,1345110077964,1358168571
(주)티와이홀딩스,01497869,363280,오동헌,64992,20200901,,1101117608502,7558101772
광동제약(주),00103592,009290,최성원,21220,19631016,,1101110152134,1138108888
(주)효성,00117188,004800,"조현준, 황윤언",649,19661103,http://www.hyosung.co.kr/kr/ir/info/list.do,1101110030497,1058159519
유안타증권(주),00117601,003470,뤄즈펑,66121,19620604,,1101110042492,1168134293
동원수산(주),00118044,030720,"WANG KI YONG JR, 왕인상",03111,19700505,,1101110046204,2208109792
선도전기(주),00131939,007610,권  혁,28123,19720122,,1301110007989,1348102431
(주)일신석재,00146296,007110,공동대표이사 조용철  공동대표이사 이용재,466,19710226,,1101110153273,2148194289
한국주철관공업(주),00159573,000970,"김태형, 이창훈, 김영훈 (각자대표제)",24131,19530427,,1801110000587,6038104347
한신공영(주),00162063,004960,"최문규,전재식(각자 대표이사)",41112,19670224,,1101110075683,1148104605
상신브레이크(주),00129642,041650,박세종,303,19750813,,1741110000527,5148103617
(주)신풍,00137368,002870,정학헌,467,19600106,,1347110002644,1258105545
롯데쇼핑(주),00120526,023530,"신동빈, 김상현(김 사무엘 상현), 정준호, 강성현",47111,19700702,http://www.lotteshoppingir.com/,1101110000086,1048126067
현대비앤지스틸(주),00125743,004560,"대표이사 사장 정일선, 대표이사 전무 김성문(각자 대표이사)",24122,19660407,,1101110065395,1208128432
서울도시가스(주),00130684,017390,공동대표이사 진용민 공동대표이사 황주석,35200,19831128,,1101110360399,1098131605
(주)포스코디엑스,00155212,022100,심민석,72129,19891118,,1101110658637,2198100428
에이치디한국조선해양(주),00164830,009540,"정기선, 김성준 (각자 대표이사)",64992,19731228,,1812110000386,6208100012
새론오토모티브(주),00305668,075180,"박도순, 쿠마카와 테츠야",303,19990331,,1615110030026,3128135376
아시아나아이디티(주),00458234,267850,김응철,62021,19910902,,1101110801848,1048122547
(주)비상교육,00520887,100220,양태회,5811,20020121,http://visang.irpage.co.kr/,1101112427098,2118707735
(주)에이치제이중공업,00633835,097230,"김완석, 유상철",41221,20070803,,1801110602507,6028142993
(주)비지에프리테일,01263022,282330,민승배,47122,20171101,,1101116555770,8938800792
(주)비지에프,00219097,027410,홍정국,64992,19941201,,1101111105215,1208144752
삼부토건(주),00125974,001470,오일록,41221,19550514,,1101110041634,1048100771
(주)사조오양,00141875,006090,박정훈,102,19690609,,1101110104820,1048127881
주식회사 대신밸류리츠위탁관리부동산투자회사,01885222,0030R0,김광진,642,20241023,,1101119084198,4038603520
에이치엘비글로벌(주),00169048,003580,김광재,471,19620924,,1449110000072,2258100025
대한화섬(주),00113544,003830,김대정,20501,19631022,,1101110012437,2038143612
사조산업(주),00124799,007160,"주진우, 김치곤(각자대표)",102,19710319,,1101110112328,1108109699
(주)디에이치오토넥스,00126089,000300,최준용,303,19671230,,1101110085541,1198101490
태광산업(주),00153393,003240,유태호,20501,19610915,,1101110185276,2038143626
(주)세아제강,01325979,306200,"이휘령, 홍만기",2413,20180903,,1101116860640,5688601173
산일전기(주),00366438,062040,"박동석, 한익희 (공동대표)",28112,19940326,,1101111020728,1398125410
(주)잇츠한불,00911955,226320,임진성,20423,20060207,,1101113394048,2208723971
(주)지에스글로벌,00138190,001250,이영환,468,19540731,www.gsgcorp.com,1101110031479,2028133028
(주)제일기획,00148276,030000,김종현,71310,19730117,,1101110139017,2028145960
(주)인디에프,00106881,014990,김한수,14112,19800908,,1101110279996,1208117274
한화솔루션(주),00162461,009830,"박승덕, 남정운, 김동관",20111,19740427,,1101110360935,2028116577
(주)달바글로벌,01649204,483650,반성연,20423,20160309,,1101115995993,8408800333
(주)대호에이엘,00428729,069460,김영대,24222,20021001,,1701110233338,5148146009
(주)대덕,00109189,008060,김영재,64992,19720811,,1301110007608,1348106363
(주)카프로,00159810,006380,박성명,20119,19691230,,1101110111825,1018124186
(주)아이마켓코리아,00360142,122900,김학재,46800,20001208,,1101112125262,1048158502
DB증권(주),00115694,016610,곽봉석,66121,19821220,	https://www.dbsec.co.kr/company/ko/invest/irDocument.do,1101110339956,1168159557
케이지모빌리티(주),00138242,003620,"곽재선, 황기영 (각자대표이사)",301,19621206,,1101110035132,1258114248
엘지디스플레이(주),00105873,034220,정철동,2621,19850228,,1101110393134,1208155297
현대위아(주),00106623,011210,권오현,303,19760329,,1942110000125,6098101770
동양생명보험(주),00117267,082640,성대규,65110,19890701,,1101110624688,2028138251
한국항공우주산업(주),00309503,047810,차재병,31311,19991001,,1101111827570,1108142397
(주)수산세보틱스,00135111,017550,"양희준, 김병현 (각자대표) ",29241,19840302,,1348110002981,1248131958
SK이노베이션(주),00631518,096770,추형욱,192,20070703,,1101113710385,1018632319
(주)스타에스엠자기관리부동산투자회사,01035289,204210,박문성,681,20140110,,1101115313731,1048653123
핸즈코퍼레이션(주),00119140,143210,"승현창, 박세진(각자대표)",303,19720303,,1201110000323,1378103633
DSR제강(주),00151298,069730,"홍하종, 홍석빈 (각자 대표이사)",24123,19710901,,1801110004753,6178102687
(주)케이씨텍,01261893,281820,"양호근, 최동규 (각자 대표이사)",272,20171101,,1346110087565,6128153314
(주)오리엔트바이오,00141626,002630,장재진,212,19590416,www.orientbio.co.kr,1101110030116,2188101142
(주)모나리자,00173102,012690,이석주,17902,19771028,,1101110220882,1098107177
에스케이아이이테크놀로지 주식회사,01386916,361610,이상민,282,20190401,,1101117064217,5598601539
(주)티웨이홀딩스,00109514,004870,서종대,23325,19661206,,1101110073413,2078100110
(주)빙그레,00124726,005180,김광수,104,19670913,,1152110000287,1328100631
신영증권(주),00136721,001720,"황성엽, 금정호",66121,19560225,,1101110006612,1168110802
(주)미스토홀딩스,00195229,081660,윤근창,464,19910723,,1101110792667,1148144271
(주)동성케미컬,00679314,102260,"이만우, 백진우 (각자 대표이사)",20202,20080514,,1801110633031,6038168642
일성아이에스(주),00146214,003120,"윤석근, 엄대식, 윤종호(각자대표)",212,19610215,,1101110039019,1068100710
OCI(주),01760738,456040,"김유신, 김원현(2인, 각자 대표이사)",20129,20230502,,1101118626793,3288802675
한세실업(주),00728638,105630,"김익환, 김경",14199,20090106,https://www.hansae.com/ir/dividend,1201110484303,1378192214
한양증권(주),00162416,001750,김병철,66121,19560327,,1101110026834,1168115073
대동전자(주),00157104,008110,이관우,264,19721010,,1101110134819,1198104629
주식회사 더본코리아,00968607,475560,백종원,468,19940112,,1101111002122,2118600870
(주)티웨이항공,00671376,091810,이상윤,511,20030701,,1101112782046,1018194800
(주)케이씨씨글라스,01428203,344820,"정몽익, 변종오(각자대표이사)",2311,20200102,www.kccglass.co.kr/investmentInfo/disclosure.do,1101117342473,4018701412
(주)에이프로젠바이오로직스,00101044,003060,"김재섭, 김정출",212,19601203,,1101110036396,2188100518
삼양통상(주),00127042,002170,"허준홍, 정대락 (2인 각자 대표이사)",15110,19571012,,1101110033433,2208130276
(주)아이티센씨티에스,00186559,031820,권창완,6201,19830818,,1101110414126,2298112824
화승인더스트리(주),00166227,006060,대표이사 현석호,46800,19690507,06606,1801110004323,6068101863
한화비전(주),01867758,489790,김기철,64992,20240902,,1311110745562,6808603414
(주)광명전기,00103662,017040,이재광,28123,19830608,www.kmec.co.kr,1301110006270,1348104007
디와이피(주),00117726,092780,홍순겸,301,19770701,,1243110003379,1348101198
(주)아모레퍼시픽홀딩스,00154462,002790,"서경배, 이상목",20423,19590306,,1101110026644,1068100011
일정실업(주),00146542,008500,"고동수, 김철환",133,19730226,,1101110141369,1028119333
지에스건설(주),00120030,006360,"허창수, 허윤홍(각자 대표이사)",4111,19691219,https://www.gsenc.com/IR/Announce/Announce_01.aspx,1101110002694,1048118121
디케이엠이(주),00108746,015590,백승륜,29176,19810930,,1812110002275,6108102779
롯데이노베이트(주),01262032,286940,김경엽,62021,20171102,,1101116557114,6878100785
제이준코스메틱(주),00136776,025620,"손상훈, 전경재(각자 대표이사)",204,19720630,,1341110001672,1388103204
디와이덕양(주),00114154,024900,"윤성희, 배운교, 문경호",303,19770711,,1812110000922,6208101234
고려아연(주),00102858,010130,"박기덕, 정태웅",24213,19740801,,1101110168404,2118111260
